# 3ds Max Wavefront OBJ Exporter v0.97b - (c)2007 guruware
# File Created: 18.06.2013 17:57:59

mtllib Diponegoro.mtl

#
# object radar
#

v  1.0457 22.2373 -14.6979
v  1.0457 22.3508 -14.2970
v  -1.0702 22.3508 -14.2970
v  -1.0702 22.2373 -14.6979
v  1.0457 22.5776 -14.2970
v  -1.0702 22.5776 -14.2970
v  1.0457 22.6910 -14.6979
v  -1.0702 22.6910 -14.6979
v  1.0457 22.5776 -15.0988
v  -1.0702 22.5776 -15.0988
v  1.0457 22.3508 -15.0988
v  -1.0702 22.3508 -15.0988
# 12 vertices

vn 0.0000 -1.0000 0.0000
vn 0.0000 -0.6187 0.7856
vn -0.0000 -1.0000 -0.0000
vn 0.0000 0.6187 0.7856
vn -0.0000 1.0000 -0.0000
vn 0.0000 1.0000 0.0000
vn -0.0000 0.6187 -0.7856
vn -0.0000 -0.6187 -0.7856
vn 1.0000 0.0000 -0.0000
vn -1.0000 0.0000 0.0000
# 10 vertex normals

vt 0.2133 0.8112 0.5000
vt 0.2010 0.8112 0.2500
vt 0.2010 0.8750 0.2500
vt 0.2133 0.8750 0.5000
vt 0.2010 0.8112 -0.2500
vt 0.2010 0.8750 -0.2500
vt 0.2133 0.8112 -0.5000
vt 0.2133 0.8750 -0.5000
vt 0.2257 0.8112 -0.2500
vt 0.2257 0.8750 -0.2500
vt 0.2257 0.8112 0.2500
vt 0.2257 0.8750 0.2500
# 12 texture coords

g radar
usemtl radar
s 8
f 1/1/1 2/2/2 3/3/2 4/4/3 
f 2/2/2 5/5/4 6/6/4 3/3/2 
f 5/5/4 7/7/5 8/8/6 6/6/4 
f 7/7/5 9/9/7 10/10/7 8/8/6 
f 9/9/7 11/11/8 12/12/8 10/10/7 
f 11/11/8 1/1/1 4/4/3 12/12/8 
s 1
f 9/9/9 7/7/9 5/5/9 1/1/9 
f 5/5/9 2/2/9 1/1/9 
f 11/11/9 9/9/9 1/1/9 
f 3/3/10 6/6/10 8/8/10 12/12/10 
f 8/8/10 10/10/10 12/12/10 
f 4/4/10 3/3/10 12/12/10 
# 8 polygons - 4 triangles

#
# object Plane01
#

v  -3.6654 12.1087 -18.6370
v  -3.6654 11.2287 -18.6370
v  -3.6654 11.2287 -10.4140
v  -3.6654 12.1087 -10.4140
# 4 vertices

vn -1.0000 -0.0000 -0.0000
# 1 vertex normals

vt 0.0000 1.0000 0.0000
vt 0.0000 0.0000 0.0000
vt 1.0000 0.0000 0.0000
vt 1.0000 1.0000 0.0000
# 4 texture coords

g Plane01
usemtl 13___Default
s 1
f 13/13/11 14/14/11 15/15/11 16/16/11 
# 1 polygons

#
# object Plane02
#

v  3.5417 12.1087 -10.4140
v  3.5417 11.2287 -10.4140
v  3.5417 11.2287 -18.6370
v  3.5417 12.1087 -18.6370
# 4 vertices

vn 1.0000 -0.0000 0.0000
# 1 vertex normals

vt 0.0000 1.0000 0.0000
vt 0.0000 0.0000 0.0000
vt 1.0000 0.0000 0.0000
vt 1.0000 1.0000 0.0000
# 4 texture coords

g Plane02
usemtl 13___Default
s 1
f 17/17/12 18/18/12 19/19/12 20/20/12 
# 1 polygons

#
# object TaliSosok
#

v  -4.7681 22.8428 -6.8162
v  -4.7681 22.8428 -6.9402
v  4.7681 22.8428 -6.9402
v  4.7681 22.8428 -6.8162
v  -4.7681 22.9617 -6.8162
v  4.7681 22.9617 -6.8162
v  4.7681 22.9617 -6.9402
v  -4.7681 22.9617 -6.9402
v  2.9854 10.4201 -6.8333
v  2.9032 10.4201 -6.8333
v  2.9032 10.4201 -6.9072
v  2.9854 10.4201 -6.9072
v  3.0968 22.8864 -6.8333
v  3.0968 22.8864 -6.9072
v  3.0146 22.8864 -6.9072
v  3.0146 22.8864 -6.8333
v  1.3411 10.4201 -6.8333
v  1.2589 10.4201 -6.8333
v  1.2589 10.4201 -6.9072
v  1.3411 10.4201 -6.9072
v  1.3411 22.8864 -6.8333
v  1.3411 22.8864 -6.9072
v  1.2589 22.8864 -6.9072
v  1.2589 22.8864 -6.8333
v  -3.0391 10.4201 -6.8333
v  -3.0391 10.4201 -6.9072
v  -2.9569 10.4201 -6.9072
v  -2.9569 10.4201 -6.8333
v  -3.0431 22.8864 -6.8333
v  -2.9609 22.8864 -6.8333
v  -2.9609 22.8864 -6.9072
v  -3.0431 22.8864 -6.9072
v  4.5965 10.4328 -6.8249
v  4.5965 10.4328 -6.9115
v  4.6831 10.4328 -6.9115
v  4.6831 10.4328 -6.8249
v  4.5965 22.8988 -6.8249
v  4.6831 22.8988 -6.8249
v  4.6831 22.8988 -6.9115
v  4.5965 22.8988 -6.9115
v  -4.7543 10.4328 -6.8129
v  -4.7543 10.4328 -6.9236
v  -4.6437 10.4328 -6.9236
v  -4.6437 10.4328 -6.8129
v  -4.7543 22.8988 -6.8129
v  -4.6437 22.8988 -6.8129
v  -4.6437 22.8988 -6.9236
v  -4.7543 22.8988 -6.9236
v  -1.2589 10.4201 -6.8333
v  -1.3411 10.4201 -6.8333
v  -1.3411 10.4201 -6.9072
v  -1.2589 10.4201 -6.9072
v  -1.2589 22.8864 -6.8333
v  -1.2589 22.8864 -6.9072
v  -1.3411 22.8864 -6.9072
v  -1.3411 22.8864 -6.8333
# 56 vertices

vn 0.0000 -1.0000 -0.0000
vn 0.0000 1.0000 -0.0000
vn 0.0000 0.0000 1.0000
vn 1.0000 0.0000 -0.0000
vn 0.0000 0.0000 -1.0000
vn -1.0000 0.0000 -0.0000
vn -1.0000 0.0001 -0.0000
vn 1.0000 -0.0001 -0.0000
vn 0.0000 -0.0000 1.0000
vn -1.0000 -0.0000 -0.0000
vn 1.0000 -0.0000 -0.0000
# 11 vertex normals

vt 0.0850 0.2635 0.0000
vt 0.0850 0.2538 0.0000
vt 0.1516 0.2538 0.0000
vt 0.1516 0.2635 0.0000
vt 0.0000 0.2541 0.0000
vt 0.0666 0.2541 0.0000
vt 0.0666 0.2638 0.0000
vt 0.0000 0.2638 0.0000
vt 0.0527 0.1035 0.0000
vt 0.0527 0.1700 0.0000
vt 0.0000 0.1700 0.0000
vt 0.0000 0.1035 0.0000
vt 0.0527 1.0321 0.0000
vt 0.0527 1.0418 0.0000
vt 0.0000 1.0418 0.0000
vt 0.0000 1.0321 0.0000
vt 0.0527 0.0000 0.0000
vt 0.0527 0.0666 0.0000
vt 0.0000 0.0666 0.0000
vt 0.0000 0.0000 0.0000
vt 0.0527 0.2070 0.0000
vt 0.0527 0.2166 0.0000
vt 0.0000 0.2166 0.0000
vt 0.0000 0.2070 0.0000
vt 0.1391 0.2622 0.0000
vt 0.1386 0.2622 0.0000
vt 0.1386 0.2564 0.0000
vt 0.1391 0.2564 0.0000
vt 0.0549 0.2554 0.0000
vt 0.0549 0.2612 0.0000
vt 0.0543 0.2612 0.0000
vt 0.0543 0.2554 0.0000
vt 5.5616 0.1576 0.0000
vt 0.0334 0.1584 0.0000
vt 0.0334 0.1578 0.0000
vt 5.5616 0.1570 0.0000
vt 5.5616 0.2153 0.0000
vt 0.0334 0.2153 0.0000
vt 0.0334 0.2095 0.0000
vt 5.5616 0.2095 0.0000
vt 5.5616 0.0130 0.0000
vt 0.0334 0.0122 0.0000
vt 0.0334 0.0117 0.0000
vt 5.5616 0.0124 0.0000
vt 5.5616 1.0392 0.0000
vt 0.0334 1.0392 0.0000
vt 0.0334 1.0334 0.0000
vt 5.5616 1.0334 0.0000
vt 0.1277 0.2622 0.0000
vt 0.1271 0.2622 0.0000
vt 0.1271 0.2564 0.0000
vt 0.1277 0.2564 0.0000
vt 0.0426 0.2554 0.0000
vt 0.0426 0.2612 0.0000
vt 0.0421 0.2612 0.0000
vt 0.0421 0.2554 0.0000
vt 5.5616 0.1461 0.0000
vt 0.0334 0.1461 0.0000
vt 0.0334 0.1456 0.0000
vt 5.5616 0.1456 0.0000
vt 5.5616 0.0245 0.0000
vt 0.0334 0.0245 0.0000
vt 0.0334 0.0239 0.0000
vt 5.5616 0.0239 0.0000
vt 0.0971 0.2622 0.0000
vt 0.0971 0.2564 0.0000
vt 0.0977 0.2564 0.0000
vt 0.0977 0.2622 0.0000
vt 0.0120 0.2554 0.0000
vt 0.0126 0.2554 0.0000
vt 0.0126 0.2612 0.0000
vt 0.0120 0.2612 0.0000
vt 5.5616 0.1156 0.0000
vt 5.5616 0.1161 0.0000
vt 0.0334 0.1161 0.0000
vt 0.0334 0.1155 0.0000
vt 5.5616 0.0539 0.0000
vt 5.5616 0.0545 0.0000
vt 0.0334 0.0545 0.0000
vt 0.0334 0.0539 0.0000
vt 0.1504 0.2628 0.0000
vt 0.1504 0.2561 0.0000
vt 0.1510 0.2561 0.0000
vt 0.1510 0.2628 0.0000
vt 0.0654 0.2548 0.0000
vt 0.0660 0.2548 0.0000
vt 0.0660 0.2615 0.0000
vt 0.0654 0.2615 0.0000
vt 5.5560 0.1688 0.0000
vt 5.5560 0.1695 0.0000
vt 0.0279 0.1695 0.0000
vt 0.0279 0.1688 0.0000
vt 5.5560 1.0328 0.0000
vt 5.5560 1.0395 0.0000
vt 0.0279 1.0395 0.0000
vt 0.0279 1.0328 0.0000
vt 5.5560 0.0006 0.0000
vt 5.5560 0.0012 0.0000
vt 0.0279 0.0012 0.0000
vt 0.0279 0.0006 0.0000
vt 5.5560 0.2092 0.0000
vt 5.5560 0.2160 0.0000
vt 0.0279 0.2160 0.0000
vt 0.0279 0.2092 0.0000
vt 0.0851 0.2638 0.0000
vt 0.0851 0.2551 0.0000
vt 0.0859 0.2551 0.0000
vt 0.0859 0.2638 0.0000
vt 0.0001 0.2538 0.0000
vt 0.0009 0.2538 0.0000
vt 0.0009 0.2625 0.0000
vt 0.0001 0.2625 0.0000
vt 5.5560 0.1036 0.0000
vt 5.5560 0.1044 0.0000
vt 0.0279 0.1044 0.0000
vt 0.0279 0.1036 0.0000
vt 5.5560 1.0319 0.0000
vt 5.5560 1.0405 0.0000
vt 0.0279 1.0405 0.0000
vt 0.0279 1.0319 0.0000
vt 5.5560 0.0657 0.0000
vt 5.5560 0.0665 0.0000
vt 0.0279 0.0665 0.0000
vt 0.0279 0.0657 0.0000
vt 5.5560 0.2083 0.0000
vt 5.5560 0.2169 0.0000
vt 0.0279 0.2169 0.0000
vt 0.0279 0.2083 0.0000
vt 0.1095 0.2622 0.0000
vt 0.1089 0.2622 0.0000
vt 0.1089 0.2564 0.0000
vt 0.1095 0.2564 0.0000
vt 0.0245 0.2554 0.0000
vt 0.0245 0.2612 0.0000
vt 0.0239 0.2612 0.0000
vt 0.0239 0.2554 0.0000
vt 5.5616 0.1280 0.0000
vt 0.0334 0.1280 0.0000
vt 0.0334 0.1274 0.0000
vt 5.5616 0.1274 0.0000
vt 5.5616 0.0426 0.0000
vt 0.0334 0.0426 0.0000
vt 0.0334 0.0421 0.0000
vt 5.5616 0.0421 0.0000
# 144 texture coords

g TaliSosok
usemtl nala
s 2
f 21/21/13 22/22/13 23/23/13 24/24/13 
s 4
f 25/25/14 26/26/14 27/27/14 28/28/14 
s 8
f 21/29/15 24/30/15 26/31/15 25/32/15 
s 16
f 24/33/16 23/34/16 27/35/16 26/36/16 
s 32
f 23/37/17 22/38/17 28/39/17 27/40/17 
s 64
f 22/41/18 21/42/18 25/43/18 28/44/18 
s 2
f 29/45/13 30/46/13 31/47/13 32/48/13 
s 4
f 33/49/14 34/50/14 35/51/14 36/52/14 
s 8
f 29/53/15 33/54/15 36/55/15 30/56/15 
s 16
f 30/57/19 36/58/19 35/59/19 31/60/19 
s 32
f 31/61/17 35/62/17 34/63/17 32/64/17 
s 64
f 32/65/20 34/66/20 33/67/20 29/68/20 
s 2
f 37/69/13 38/70/13 39/71/13 40/72/13 
s 4
f 41/73/14 42/74/14 43/75/14 44/76/14 
s 8
f 37/77/15 41/78/15 44/79/15 38/80/15 
s 16
f 38/57/18 44/58/18 43/59/18 39/60/18 
s 32
f 39/81/17 43/82/17 42/83/17 40/84/17 
s 64
f 40/65/16 42/66/16 41/67/16 37/68/16 
s 2
f 45/85/13 46/86/13 47/87/13 48/88/13 
s 4
f 49/89/14 50/90/14 51/91/14 52/92/14 
s 8
f 45/93/21 48/94/21 50/95/21 49/96/21 
s 16
f 48/68/16 47/65/16 51/66/16 50/67/16 
s 32
f 47/97/17 46/98/17 52/99/17 51/100/17 
s 64
f 46/60/22 45/57/22 49/58/22 52/59/22 
s 2
f 53/101/13 54/102/13 55/103/13 56/104/13 
s 4
f 57/105/14 58/106/14 59/107/14 60/108/14 
s 8
f 53/109/15 56/110/15 58/111/15 57/112/15 
s 16
f 56/113/16 55/114/16 59/115/16 58/116/16 
s 32
f 55/117/17 54/118/17 60/119/17 59/120/17 
s 64
f 54/121/18 53/122/18 57/123/18 60/124/18 
s 2
f 61/125/13 62/126/13 63/127/13 64/128/13 
s 4
f 65/129/14 66/130/14 67/131/14 68/132/14 
s 8
f 61/133/15 64/134/15 66/135/15 65/136/15 
s 16
f 64/137/16 63/138/16 67/139/16 66/140/16 
s 32
f 63/141/17 62/142/17 68/143/17 67/144/17 
s 64
f 62/145/18 61/146/18 65/147/18 68/148/18 
s 2
f 69/149/13 70/150/13 71/151/13 72/152/13 
s 4
f 73/153/14 74/154/14 75/155/14 76/156/14 
s 8
f 69/157/15 73/158/15 76/159/15 70/160/15 
s 16
f 70/57/18 76/58/18 75/59/18 71/60/18 
s 32
f 71/161/17 75/162/17 74/163/17 72/164/17 
s 64
f 72/65/23 74/66/23 73/67/23 69/68/23 
# 42 polygons

#
# object TaliSekoci
#

v  -5.6687 10.5298 33.8664
v  -7.1014 8.6291 33.8664
v  -7.0595 8.5975 33.8361
v  -5.6662 10.4458 33.8361
v  -5.6687 10.5298 33.8058
v  -7.1014 8.6291 33.8058
v  -4.0551 8.6299 33.8664
v  -4.0952 8.5959 33.8361
v  -4.0551 8.6299 33.8058
v  -5.6687 10.5298 31.6739
v  -7.1014 8.6291 31.6739
v  -7.0595 8.5975 31.6435
v  -5.6662 10.4458 31.6435
v  -5.6687 10.5298 31.6132
v  -7.1014 8.6291 31.6132
v  -4.0551 8.6299 31.6739
v  -4.0952 8.5959 31.6435
v  -4.0551 8.6299 31.6132
v  5.6121 10.5298 31.6739
v  4.1794 8.6291 31.6739
v  4.2213 8.5975 31.6435
v  5.6146 10.4458 31.6435
v  5.6121 10.5298 31.6132
v  4.1794 8.6291 31.6132
v  7.2257 8.6299 31.6739
v  7.1856 8.5959 31.6435
v  7.2257 8.6299 31.6132
v  5.6121 10.5298 33.8664
v  4.1794 8.6291 33.8664
v  4.2213 8.5975 33.8361
v  5.6146 10.4458 33.8361
v  5.6121 10.5298 33.8058
v  4.1794 8.6291 33.8058
v  7.2257 8.6299 33.8664
v  7.1856 8.5959 33.8361
v  7.2257 8.6299 33.8058
# 36 vertices

vn 0.3993 -0.3010 0.8660
vn -0.7986 0.6019 -0.0000
vn -0.7986 0.6019 0.0000
vn 0.3993 -0.3010 -0.8660
vn -0.3811 -0.3237 0.8660
vn 0.7622 0.6473 0.0000
vn -0.3811 -0.3237 -0.8660
vn -0.6019 -0.7986 -0.0000
vn 0.6473 -0.7622 -0.0000
vn -0.6019 -0.7985 -0.0000
# 10 vertex normals

vt 0.3333 0.4884 0.0000
vt 0.3333 0.0000 0.0000
vt 0.0000 0.0000 0.0000
vt 0.0000 0.4884 0.0000
vt 0.6667 0.4884 0.0000
vt 0.6667 0.0000 0.0000
vt 1.0000 0.4884 0.0000
vt 1.0000 0.0000 0.0000
vt 0.3333 1.0000 0.0000
vt 0.0000 1.0000 0.0000
vt 0.6667 1.0000 0.0000
vt 1.0000 1.0000 0.0000
# 12 texture coords

g TaliSekoci
usemtl off
s 1
f 77/165/24 78/166/24 79/167/24 80/168/24 
s 2
f 81/169/25 82/170/26 78/166/26 77/165/25 
s 4
f 80/171/27 79/172/27 82/170/27 81/169/27 
s 8
f 83/173/28 77/165/28 80/168/28 84/174/28 
s 16
f 85/175/29 81/169/29 77/165/29 83/173/29 
s 32
f 84/176/30 80/171/30 81/169/30 85/175/30 
s 8
f 78/167/31 82/167/31 79/167/31 
s 1
f 85/167/32 83/167/32 84/167/32 
f 86/165/24 87/166/24 88/167/24 89/168/24 
s 2
f 90/169/25 91/170/26 87/166/26 86/165/25 
s 4
f 89/171/27 88/172/27 91/170/27 90/169/27 
s 8
f 92/173/28 86/165/28 89/168/28 93/174/28 
s 16
f 94/175/29 90/169/29 86/165/29 92/173/29 
s 32
f 93/176/30 89/171/30 90/169/30 94/175/30 
s 8
f 87/167/31 91/167/31 88/167/31 
s 1
f 94/167/32 92/167/32 93/167/32 
f 95/165/24 96/166/24 97/167/24 98/168/24 
s 2
f 99/169/26 100/170/26 96/166/26 95/165/26 
s 4
f 98/171/27 97/172/27 100/170/27 99/169/27 
s 8
f 101/173/28 95/165/28 98/168/28 102/174/28 
s 16
f 103/175/29 99/169/29 95/165/29 101/173/29 
s 32
f 102/176/30 98/171/30 99/169/30 103/175/30 
s 8
f 96/167/33 100/167/33 97/167/33 
s 1
f 103/167/32 101/167/32 102/167/32 
f 104/165/24 105/166/24 106/167/24 107/168/24 
s 2
f 108/169/26 109/170/26 105/166/26 104/165/26 
s 4
f 107/171/27 106/172/27 109/170/27 108/169/27 
s 8
f 110/173/28 104/165/28 107/168/28 111/174/28 
s 16
f 112/175/29 108/169/29 104/165/29 110/173/29 
s 32
f 111/176/30 107/171/30 108/169/30 112/175/30 
s 8
f 105/167/33 109/167/33 106/167/33 
s 1
f 112/167/32 110/167/32 111/167/32 
# 24 polygons - 8 triangles

#
# object LampuSiang
#

v  -0.0099 13.5796 -27.0484
v  0.2173 13.5215 -27.0484
v  0.1037 13.5215 -27.2452
v  -0.1236 13.5215 -27.2452
v  -0.2372 13.5215 -27.0484
v  -0.1236 13.5215 -26.8516
v  0.1037 13.5215 -26.8516
v  0.1869 13.3627 -27.3893
v  0.3837 13.3627 -27.0484
v  -0.2067 13.3627 -27.3893
v  -0.4035 13.3627 -27.0484
v  -0.2067 13.3627 -26.7076
v  0.1869 13.3627 -26.7076
v  0.2173 13.1458 -27.4420
v  0.4445 13.1458 -27.0484
v  -0.2372 13.1458 -27.4420
v  -0.4644 13.1458 -27.0484
v  -0.2372 13.1458 -26.6549
v  0.2173 13.1458 -26.6549
v  0.2173 12.4646 -27.4420
v  0.4445 12.4646 -27.0484
v  -0.2372 12.4646 -27.4420
v  -0.4644 12.4646 -27.0484
v  -0.2372 12.4646 -26.6549
v  0.2173 12.4646 -26.6549
v  -0.0099 10.9196 -64.3506
v  0.1485 10.8767 -64.3506
v  0.0693 10.8767 -64.4878
v  -0.0892 10.8767 -64.4878
v  -0.1684 10.8767 -64.3506
v  -0.0892 10.8767 -64.2133
v  0.0693 10.8767 -64.2133
v  0.1273 10.7596 -64.5882
v  0.2645 10.7596 -64.3506
v  -0.1472 10.7596 -64.5882
v  -0.2844 10.7596 -64.3506
v  -0.1472 10.7596 -64.1129
v  0.1273 10.7596 -64.1129
v  0.1485 10.5996 -64.6250
v  0.3070 10.5996 -64.3506
v  -0.1684 10.5996 -64.6250
v  -0.3268 10.5996 -64.3506
v  -0.1684 10.5996 -64.0761
v  0.1485 10.5996 -64.0761
v  0.1485 9.8632 -64.6250
v  0.3070 9.8632 -64.3506
v  -0.1684 9.8632 -64.6250
v  -0.3268 9.8632 -64.3506
v  -0.1684 9.8632 -64.0761
v  0.1485 9.8632 -64.0761
v  -0.0099 10.9196 66.6514
v  0.1485 10.8767 66.6514
v  0.0693 10.8767 66.5142
v  -0.0892 10.8767 66.5142
v  -0.1684 10.8767 66.6514
v  -0.0892 10.8767 66.7886
v  0.0693 10.8767 66.7886
v  0.1273 10.7596 66.4137
v  0.2645 10.7596 66.6514
v  -0.1472 10.7596 66.4137
v  -0.2844 10.7596 66.6514
v  -0.1472 10.7596 66.8891
v  0.1273 10.7596 66.8891
v  0.1485 10.5996 66.3769
v  0.3070 10.5996 66.6514
v  -0.1684 10.5996 66.3769
v  -0.3268 10.5996 66.6514
v  -0.1684 10.5996 66.9258
v  0.1485 10.5996 66.9258
v  0.1485 9.8632 66.3769
v  0.3070 9.8632 66.6514
v  -0.1684 9.8632 66.3769
v  -0.3268 9.8632 66.6514
v  -0.1684 9.8632 66.9258
v  0.1485 9.8632 66.9258
v  -0.0099 29.5814 -6.8931
v  0.1485 29.5385 -6.8931
v  0.0693 29.5385 -7.0304
v  -0.0892 29.5385 -7.0304
v  -0.1684 29.5385 -6.8931
v  -0.0892 29.5385 -6.7559
v  0.0693 29.5385 -6.7559
v  0.1273 29.4214 -7.1308
v  0.2645 29.4214 -6.8931
v  -0.1472 29.4214 -7.1308
v  -0.2844 29.4214 -6.8931
v  -0.1472 29.4214 -6.6555
v  0.1273 29.4214 -6.6555
v  0.1485 29.2614 -7.1676
v  0.3070 29.2614 -6.8931
v  -0.1684 29.2614 -7.1676
v  -0.3268 29.2614 -6.8931
v  -0.1684 29.2614 -6.6187
v  0.1485 29.2614 -6.6187
v  0.1485 28.5251 -7.1676
v  0.3070 28.5251 -6.8931
v  -0.1684 28.5251 -7.1676
v  -0.3268 28.5251 -6.8931
v  -0.1684 28.5251 -6.6187
v  0.1485 28.5251 -6.6187
# 100 vertices

vn 0.0000 1.0000 0.0000
vn 0.5585 0.8295 0.0000
vn 0.2793 0.8295 -0.4837
vn -0.2793 0.8295 -0.4837
vn -0.5585 0.8295 0.0000
vn -0.2793 0.8295 0.4837
vn 0.2793 0.8295 0.4837
vn 0.4421 0.4671 -0.7657
vn 0.8842 0.4671 0.0000
vn -0.4421 0.4671 -0.7657
vn -0.8842 0.4671 0.0000
vn -0.4421 0.4671 0.7657
vn 0.4421 0.4671 0.7657
vn 0.4960 0.1255 -0.8592
vn 0.9921 0.1255 0.0000
vn -0.4961 0.1255 -0.8592
vn -0.9921 0.1255 0.0000
vn -0.4960 0.1255 0.8592
vn 0.4960 0.1255 0.8592
vn 0.5000 0.0000 -0.8660
vn 1.0000 0.0000 0.0000
vn -0.5000 0.0000 -0.8660
vn -1.0000 0.0000 0.0000
vn -0.5000 0.0000 0.8660
vn 0.5000 0.0000 0.8660
vn 0.0000 -1.0000 -0.0000
vn 0.5765 0.8171 0.0000
vn 0.2883 0.8171 -0.4993
vn -0.2883 0.8171 -0.4993
vn -0.5765 0.8171 -0.0000
vn -0.2883 0.8171 0.4993
vn 0.2883 0.8171 0.4993
vn 0.4464 0.4505 -0.7731
vn 0.8928 0.4505 -0.0000
vn -0.4464 0.4505 -0.7731
vn -0.8928 0.4505 0.0000
vn -0.4464 0.4505 0.7731
vn 0.4464 0.4505 0.7731
vn 0.4964 0.1191 -0.8599
vn 0.9929 0.1191 -0.0000
vn -0.4964 0.1191 -0.8599
vn -0.9929 0.1191 0.0000
vn -0.4964 0.1191 0.8599
vn 0.4964 0.1191 0.8599
vn 0.5000 -0.0000 -0.8660
vn 1.0000 -0.0000 0.0000
vn -1.0000 -0.0000 0.0000
vn -0.5000 -0.0000 0.8660
vn 0.5000 -0.0000 0.8660
vn -0.0000 1.0000 0.0000
vn 0.5765 0.8171 -0.0000
vn -0.5765 0.8171 0.0000
vn -0.4464 0.4505 -0.7732
vn 0.4464 0.4505 0.7732
vn 0.4464 0.4505 -0.7732
vn -0.8928 0.4505 -0.0000
vn -0.4464 0.4505 0.7732
vn -0.9929 0.1191 -0.0000
vn 1.0000 -0.0000 -0.0000
vn -1.0000 -0.0000 -0.0000
# 60 vertex normals

vt 0.2957 0.3866 0.0000
vt 0.3387 0.3866 0.0000
vt 0.3172 0.4236 0.0000
vt 0.2742 0.4236 0.0000
vt 0.2528 0.3866 0.0000
vt 0.2742 0.3496 0.0000
vt 0.3172 0.3496 0.0000
vt 0.0604 0.3253 0.0000
vt 0.0290 0.2982 0.0000
vt 0.0290 0.2612 0.0000
vt 0.0604 0.2612 0.0000
vt 0.2842 0.2669 0.0000
vt 0.2528 0.2513 0.0000
vt 0.2528 0.2086 0.0000
vt 0.2842 0.1929 0.0000
vt 0.0604 0.0988 0.0000
vt 0.0290 0.0988 0.0000
vt 0.0290 0.0618 0.0000
vt 0.0604 0.0347 0.0000
vt 0.0604 0.1629 0.0000
vt 0.0290 0.1358 0.0000
vt 0.0604 0.4293 0.0000
vt 0.0290 0.4137 0.0000
vt 0.0290 0.3709 0.0000
vt 0.0604 0.3553 0.0000
vt 0.0290 0.2242 0.0000
vt 0.0604 0.1971 0.0000
vt 0.1034 0.3352 0.0000
vt 0.1034 0.2612 0.0000
vt 0.3272 0.2727 0.0000
vt 0.3272 0.1872 0.0000
vt 0.1034 0.0988 0.0000
vt 0.1034 0.0248 0.0000
vt 0.1034 0.1728 0.0000
vt 0.1034 0.4350 0.0000
vt 0.1034 0.3496 0.0000
vt 0.1034 0.1872 0.0000
vt 0.2383 0.3352 0.0000
vt 0.2383 0.2612 0.0000
vt 0.4621 0.2727 0.0000
vt 0.4621 0.1872 0.0000
vt 0.2383 0.0988 0.0000
vt 0.2383 0.0248 0.0000
vt 0.2383 0.1728 0.0000
vt 0.2383 0.4350 0.0000
vt 0.2383 0.3496 0.0000
vt 0.2383 0.1872 0.0000
vt 0.3817 0.1728 0.0000
vt 0.2957 0.1728 0.0000
vt 0.2528 0.0988 0.0000
vt 0.3817 0.0248 0.0000
vt 0.2957 0.0248 0.0000
vt 0.4246 0.0988 0.0000
vt 0.2488 0.2423 0.0000
vt 0.2864 0.2423 0.0000
vt 0.2676 0.2749 0.0000
vt 0.2300 0.2749 0.0000
vt 0.2111 0.2423 0.0000
vt 0.2300 0.2097 0.0000
vt 0.2676 0.2097 0.0000
vt 0.2813 0.2987 0.0000
vt 0.3139 0.2423 0.0000
vt 0.2162 0.2987 0.0000
vt 0.1836 0.2423 0.0000
vt 0.2162 0.1859 0.0000
vt 0.2813 0.1859 0.0000
vt 0.2226 0.1733 0.0000
vt 0.1949 0.1646 0.0000
vt 0.1949 0.1082 0.0000
vt 0.2226 0.1082 0.0000
vt 0.3479 0.2611 0.0000
vt 0.3202 0.2560 0.0000
vt 0.3202 0.1909 0.0000
vt 0.3479 0.1859 0.0000
vt 0.0546 0.1082 0.0000
vt 0.0269 0.1082 0.0000
vt 0.0269 0.0518 0.0000
vt 0.0546 0.0430 0.0000
vt 0.0546 0.1733 0.0000
vt 0.0269 0.1646 0.0000
vt 0.0546 0.3976 0.0000
vt 0.0269 0.3926 0.0000
vt 0.0269 0.3275 0.0000
vt 0.0546 0.3224 0.0000
vt 0.1949 0.0518 0.0000
vt 0.2226 0.0430 0.0000
vt 0.3503 0.1733 0.0000
vt 0.3503 0.1082 0.0000
vt 0.4756 0.2611 0.0000
vt 0.4756 0.1859 0.0000
vt 0.1823 0.1082 0.0000
vt 0.1823 0.0430 0.0000
vt 0.1823 0.1733 0.0000
vt 0.1823 0.3976 0.0000
vt 0.1823 0.3224 0.0000
vt 0.3503 0.0430 0.0000
vt 0.1397 0.3162 0.0000
vt 0.0645 0.3162 0.0000
vt 0.0269 0.2510 0.0000
vt 0.1397 0.1859 0.0000
vt 0.0645 0.1859 0.0000
vt 0.1773 0.2510 0.0000
vt 0.2510 0.2557 0.0000
vt 0.2870 0.2557 0.0000
vt 0.2690 0.2944 0.0000
vt 0.2329 0.2944 0.0000
vt 0.2149 0.2557 0.0000
vt 0.2329 0.2170 0.0000
vt 0.2690 0.2170 0.0000
vt 0.2822 0.3227 0.0000
vt 0.3134 0.2557 0.0000
vt 0.2197 0.3227 0.0000
vt 0.1885 0.2557 0.0000
vt 0.2197 0.1887 0.0000
vt 0.2822 0.1887 0.0000
vt 0.2259 0.1738 0.0000
vt 0.1993 0.1635 0.0000
vt 0.1993 0.0965 0.0000
vt 0.2259 0.0965 0.0000
vt 0.3460 0.2780 0.0000
vt 0.3194 0.2720 0.0000
vt 0.3194 0.1947 0.0000
vt 0.3460 0.1887 0.0000
vt 0.0648 0.0965 0.0000
vt 0.0382 0.0965 0.0000
vt 0.0382 0.0295 0.0000
vt 0.0648 0.0191 0.0000
vt 0.0648 0.1738 0.0000
vt 0.0382 0.1635 0.0000
vt 0.0648 0.4402 0.0000
vt 0.0382 0.4342 0.0000
vt 0.0382 0.3569 0.0000
vt 0.0648 0.3509 0.0000
vt 0.1993 0.0295 0.0000
vt 0.2259 0.0191 0.0000
vt 0.3483 0.1738 0.0000
vt 0.3483 0.0965 0.0000
vt 0.4685 0.2780 0.0000
vt 0.4685 0.1887 0.0000
vt 0.1872 0.0965 0.0000
vt 0.1872 0.0191 0.0000
vt 0.1872 0.1738 0.0000
vt 0.1872 0.4402 0.0000
vt 0.1872 0.3509 0.0000
vt 0.3483 0.0191 0.0000
vt 0.1464 0.3434 0.0000
vt 0.0743 0.3434 0.0000
vt 0.0382 0.2661 0.0000
vt 0.1464 0.1887 0.0000
vt 0.0743 0.1887 0.0000
vt 0.1825 0.2661 0.0000
# 151 texture coords

g LampuSiang
usemtl LampuSiang
s 4
f 113/177/34 114/178/35 115/179/36 
f 113/177/34 115/179/36 116/180/37 
f 113/177/34 116/180/37 117/181/38 
f 113/177/34 117/181/38 118/182/39 
f 113/177/34 118/182/39 119/183/40 
f 113/177/34 119/183/40 114/178/35 
f 120/184/41 115/185/36 114/186/35 121/187/42 
f 122/188/43 116/189/37 115/190/36 120/191/41 
f 123/192/44 117/193/38 116/194/37 122/195/43 
f 124/196/45 118/197/39 117/193/38 123/192/44 
f 125/198/46 119/199/40 118/200/39 124/201/45 
f 121/187/42 114/186/35 119/202/40 125/203/46 
f 126/204/47 120/184/41 121/187/42 127/205/48 
f 128/206/49 122/188/43 120/191/41 126/207/47 
f 129/208/50 123/192/44 122/195/43 128/209/49 
f 130/210/51 124/196/45 123/192/44 129/208/50 
f 131/211/52 125/198/46 124/201/45 130/212/51 
f 127/205/48 121/187/42 125/203/46 131/213/52 
f 132/214/53 126/204/47 127/205/48 133/215/54 
f 134/216/55 128/206/49 126/207/47 132/217/53 
f 135/218/56 129/208/50 128/209/49 134/219/55 
f 136/220/57 130/210/51 129/208/50 135/218/56 
f 137/221/58 131/211/52 130/212/51 136/222/57 
f 133/215/54 127/205/48 131/213/52 137/223/58 
s off
f 137/224/59 136/225/59 135/226/59 132/227/59 
f 135/226/59 134/228/59 132/227/59 
f 133/229/59 137/224/59 132/227/59 
s 4
f 138/230/34 139/231/60 140/232/61 
f 138/230/34 140/232/61 141/233/62 
f 138/230/34 141/233/62 142/234/63 
f 138/230/34 142/234/63 143/235/64 
f 138/230/34 143/235/64 144/236/65 
f 138/230/34 144/236/65 139/231/60 
f 145/237/66 140/232/61 139/231/60 146/238/67 
f 147/239/68 141/233/62 140/232/61 145/237/66 
f 148/240/69 142/234/63 141/233/62 147/239/68 
f 149/241/70 143/235/64 142/234/63 148/240/69 
f 150/242/71 144/236/65 143/235/64 149/241/70 
f 146/238/67 139/231/60 144/236/65 150/242/71 
f 151/243/72 145/244/66 146/245/67 152/246/73 
f 153/247/74 147/248/68 145/249/66 151/250/72 
f 154/251/75 148/252/69 147/253/68 153/254/74 
f 155/255/76 149/256/70 148/252/69 154/251/75 
f 156/257/77 150/258/71 149/259/70 155/260/76 
f 152/246/73 146/245/67 150/261/71 156/262/77 
f 157/263/78 151/243/72 152/246/73 158/264/79 
f 159/265/55 153/247/74 151/250/72 157/266/78 
f 160/267/80 154/251/75 153/254/74 159/268/55 
f 161/269/81 155/255/76 154/251/75 160/267/80 
f 162/270/82 156/257/77 155/260/76 161/271/81 
f 158/264/79 152/246/73 156/262/77 162/272/82 
s off
f 162/273/59 161/274/59 160/275/59 157/276/59 
f 160/275/59 159/277/59 157/276/59 
f 158/278/59 162/273/59 157/276/59 
s 4
f 163/279/83 164/280/84 165/281/61 
f 163/279/83 165/281/61 166/282/62 
f 163/279/83 166/282/62 167/283/85 
f 163/279/83 167/283/85 168/284/64 
f 163/279/83 168/284/64 169/285/65 
f 163/279/83 169/285/65 164/280/84 
f 170/286/66 165/281/61 164/280/84 171/287/67 
f 172/288/86 166/282/62 165/281/61 170/286/66 
f 173/289/69 167/283/85 166/282/62 172/288/86 
f 174/290/70 168/284/64 167/283/85 173/289/69 
f 175/291/87 169/285/65 168/284/64 174/290/70 
f 171/287/67 164/280/84 169/285/65 175/291/87 
f 176/292/72 170/293/66 171/294/67 177/295/73 
f 178/296/74 172/297/86 170/298/66 176/299/72 
f 179/300/75 173/301/69 172/302/86 178/303/74 
f 180/304/76 174/305/70 173/301/69 179/300/75 
f 181/306/77 175/307/87 174/308/70 180/309/76 
f 177/295/73 171/294/67 175/310/87 181/311/77 
f 182/312/78 176/292/72 177/295/73 183/313/79 
f 184/314/55 178/296/74 176/299/72 182/315/78 
f 185/316/80 179/300/75 178/303/74 184/317/55 
f 186/318/81 180/304/76 179/300/75 185/316/80 
f 187/319/82 181/306/77 180/309/76 186/320/81 
f 183/313/79 177/295/73 181/311/77 187/321/82 
s off
f 187/322/59 186/323/59 185/324/59 182/325/59 
f 185/324/59 184/326/59 182/325/59 
f 183/327/59 187/322/59 182/325/59 
s 4
f 188/230/34 189/231/60 190/232/61 
f 188/230/34 190/232/61 191/233/62 
f 188/230/34 191/233/62 192/234/63 
f 188/230/34 192/234/63 193/235/64 
f 188/230/34 193/235/64 194/236/65 
f 188/230/34 194/236/65 189/231/60 
f 195/237/88 190/232/61 189/231/60 196/238/67 
f 197/239/86 191/233/62 190/232/61 195/237/88 
f 198/240/89 192/234/63 191/233/62 197/239/86 
f 199/241/90 193/235/64 192/234/63 198/240/89 
f 200/242/71 194/236/65 193/235/64 199/241/90 
f 196/238/67 189/231/60 194/236/65 200/242/71 
f 201/243/72 195/244/88 196/245/67 202/246/73 
f 203/247/74 197/248/86 195/249/88 201/250/72 
f 204/251/91 198/252/89 197/253/86 203/254/74 
f 205/255/76 199/256/90 198/252/89 204/251/91 
f 206/257/77 200/258/71 199/259/90 205/260/76 
f 202/246/73 196/245/67 200/261/71 206/262/77 
f 207/263/78 201/243/72 202/246/73 208/264/92 
f 209/265/55 203/247/74 201/250/72 207/266/78 
f 210/267/93 204/251/91 203/254/74 209/268/55 
f 211/269/81 205/255/76 204/251/91 210/267/93 
f 212/270/82 206/257/77 205/260/76 211/271/81 
f 208/264/92 202/246/73 206/262/77 212/272/82 
s off
f 212/273/59 211/274/59 210/275/59 207/276/59 
f 210/275/59 209/277/59 207/276/59 
f 208/278/59 212/273/59 207/276/59 
# 76 polygons - 32 triangles

#
# object bodi_365
#

v  -0.0122 6.6375 59.4651
v  -8.1714 6.6375 59.4651
v  -8.1624 6.6381 66.8334
v  -0.0122 6.6381 66.8334
v  -8.1840 7.7156 13.6830
v  -8.3319 6.6341 14.1816
v  -0.0122 6.6341 14.1816
v  -0.0122 7.7156 13.6830
v  -8.8934 4.4404 13.5426
v  -8.8932 4.4383 14.0880
v  -0.0122 7.5840 -25.3012
v  -8.1572 7.6909 6.3681
v  -8.0412 7.5840 -25.3012
v  -8.1326 7.6682 -0.3618
v  -8.8857 4.5110 6.3681
v  -0.0122 7.5540 -29.6593
v  -8.0307 7.5540 -29.6593
v  -8.8546 5.2480 -29.6551
v  -8.8518 4.8231 -25.3106
v  -6.8702 6.3637 -42.3714
v  -7.3985 6.3497 -37.6242
v  -0.0122 6.3498 -37.6531
v  -0.0122 6.3639 -42.4220
v  -7.8159 6.4306 -42.2042
v  -8.4495 6.1124 -37.2593
v  -8.0122 7.5015 -37.2932
v  -7.4797 7.5156 -42.1957
v  -3.9134 6.4011 -54.9330
v  -4.8290 6.3925 -52.1262
v  -0.0122 6.3927 -52.2021
v  -0.0122 6.4014 -55.0277
v  -4.8120 7.0766 -55.1508
v  -5.7800 6.9854 -52.0435
v  -5.4337 7.5445 -52.2499
v  -4.5119 7.5531 -55.1546
v  -1.5210 6.4181 -61.7390
v  -2.4091 6.4154 -59.5443
v  -0.0122 6.4156 -59.6497
v  -0.0122 6.4193 -61.8549
v  -2.1551 7.2390 -62.1736
v  -3.1826 7.1731 -59.6846
v  -3.0042 7.5673 -59.9061
v  -2.1117 7.5694 -62.1731
v  -0.5891 6.4210 -64.0417
v  -0.0122 6.4233 -64.1707
v  -0.0122 6.4375 -65.1853
v  -0.0122 7.5762 -66.9223
v  -0.0122 7.3406 -66.9319
v  -1.1230 7.2942 -64.5652
v  -1.1746 7.5716 -64.5537
v  -0.0122 6.4082 -57.2523
v  -3.1877 6.4079 -57.1576
v  -3.7862 7.5599 -57.4415
v  -4.0081 7.1292 -57.4503
v  -0.0122 6.3792 -47.6193
v  -5.9637 6.3791 -47.5687
v  -6.5733 7.5309 -47.5386
v  -6.7468 6.7371 -47.5311
v  -0.0122 6.3771 -33.7909
v  -7.4080 6.3771 -33.7901
v  -8.0218 7.5288 -33.3228
v  -8.7425 5.6848 -33.2996
v  -0.0122 6.3993 -30.6546
v  -7.4158 6.3993 -30.6546
v  -8.2030 6.6368 50.5513
v  -0.0122 6.6368 50.5513
v  -8.8815 3.9157 59.4729
v  -5.4156 -0.0254 59.0683
v  -5.0814 0.1623 65.3422
v  -7.1256 0.5744 65.4279
v  -7.5414 0.6353 59.1246
v  -1.9936 -0.0937 65.2867
v  -2.2216 -0.5053 59.0234
v  -0.0122 -0.6617 59.0077
v  -0.0122 -0.1504 65.2704
v  -8.7023 2.7131 59.3190
v  -8.5422 2.6035 65.8435
v  -8.8760 3.9188 66.1294
v  -8.0099 1.4030 65.5867
v  -8.3491 1.6053 59.2059
v  -2.1467 -2.8629 14.0746
v  -0.0122 -3.3480 14.1378
v  -5.4465 -1.9597 14.0264
v  -7.6533 -0.7062 14.0330
v  -8.4665 1.0492 14.0744
v  -8.8003 2.7560 14.0881
v  -7.6411 -0.7243 13.5253
v  -5.4364 -1.9780 13.5253
v  -0.0122 -3.3718 13.5253
v  -2.1426 -2.8838 13.5253
v  -1.6838 -3.2944 -25.3332
v  -0.0122 -3.9608 -25.3417
v  -8.7958 2.7495 13.5253
v  -8.4575 1.0339 13.5253
v  -7.4029 1.4251 -25.3334
v  -6.1407 -0.3333 -25.3748
v  -3.8892 -1.6754 -29.7708
v  -3.5638 -1.4931 -33.4548
v  -1.6426 -3.1417 -33.4681
v  -1.6421 -3.2187 -29.7534
v  -1.5667 -3.0357 -37.2385
v  -0.0122 -3.9601 -37.1753
v  -0.0122 -3.9756 -33.4381
v  -3.1708 -1.2470 -37.2867
v  -5.1937 0.3256 -33.4151
v  -4.6250 0.6993 -37.2801
v  -4.1845 -1.8779 -25.3814
v  -5.7039 -0.0103 -29.7477
v  -0.0122 -3.9678 -29.7068
v  -8.1072 3.5907 -29.6615
v  -7.8697 4.1714 -33.2978
v  -6.6523 2.3648 -33.3519
v  -7.0679 1.8434 -29.6954
v  -6.1358 2.8328 -37.2387
v  -7.4516 4.6608 -37.2251
v  -8.2520 3.1488 -25.3197
v  -2.6438 -0.9161 -41.8095
v  -2.0434 -0.5173 -46.4768
v  -0.8076 -2.8960 -45.9977
v  -1.2547 -2.9848 -41.5655
v  -0.4980 -2.4762 -49.8671
v  -0.0122 -3.7514 -49.1344
v  -0.0122 -4.1331 -45.4427
v  -1.5234 -0.0235 -50.5077
v  -3.2376 1.5925 -46.8089
v  -2.5826 2.0720 -50.9640
v  -3.9605 1.1270 -41.9457
v  -0.0122 -4.0582 -41.3061
v  -6.6941 4.9617 -42.1198
v  -5.6939 5.1853 -47.2972
v  -4.4891 3.4518 -47.0730
v  -5.3934 3.1653 -42.0249
v  -3.6863 3.7927 -51.3594
v  -4.7463 5.4138 -51.7119
v  -1.1912 0.7486 -53.4837
v  -0.9644 1.7251 -55.7933
v  -0.3557 -0.0091 -55.2657
v  -0.4004 -1.3675 -52.8583
v  -0.2857 1.1728 -57.3368
v  -0.0122 0.1455 -57.1453
v  -0.0122 -1.1637 -55.0255
v  -0.7111 2.5469 -57.8668
v  -1.5806 3.0812 -56.1980
v  -1.1520 3.5713 -58.2758
v  -2.0476 2.5696 -53.9350
v  -0.0122 -2.5727 -52.3443
v  -4.0199 5.7397 -54.7851
v  -3.3775 6.1058 -57.0892
v  -2.3552 4.4238 -56.5736
v  -3.0141 4.1367 -54.3417
v  -1.7537 4.7411 -58.6752
v  -2.6556 6.3696 -59.3051
v  -0.4562 3.1531 -59.8048
v  -0.2653 3.6983 -61.4551
v  -0.1333 2.9734 -60.4963
v  -0.1977 2.2626 -59.2017
v  -0.0122 3.9101 -62.7421
v  -0.3904 4.4629 -62.2248
v  -0.0122 4.8763 -63.9216
v  -0.7519 4.0279 -60.3429
v  -0.0122 1.2212 -58.9034
v  -0.0122 2.5191 -61.0025
v  -1.8296 6.4468 -61.6168
v  -0.9709 6.4384 -63.8047
v  -0.6130 5.3597 -63.0195
v  -1.1850 5.0702 -60.8988
v  -0.0122 5.6481 -64.9420
v  -0.0122 6.4796 -65.9437
v  -8.8785 4.5773 -0.3618
v  -1.0295 7.5719 -64.5209
v  -0.0122 7.5799 -66.5939
v  -1.9654 7.5695 -62.1436
v  -2.8567 7.5672 -59.8792
v  -3.6379 7.5599 -57.4174
v  -4.3637 7.5530 -55.1305
v  -5.2839 7.5444 -52.2305
v  -6.4223 7.5309 -47.5257
v  -7.3287 7.5155 -42.1828
v  -7.8602 7.5015 -37.2858
v  -7.8697 7.5288 -33.3226
v  -7.8783 7.5533 -29.7682
v  -0.0122 7.5533 -29.7682
v  -0.0122 3.8878 66.1388
v  -0.0122 2.5943 65.8337
v  -0.0122 1.4315 65.5911
v  -0.0122 0.5733 65.4208
v  8.1380 6.6381 66.8334
v  8.1469 6.6375 59.4651
v  8.1596 7.7156 13.6830
v  8.3074 6.6341 14.1816
v  8.8689 4.4404 13.5426
v  8.8688 4.4383 14.0880
v  8.1081 7.6682 -0.3618
v  8.0168 7.5840 -25.3012
v  8.1328 7.6909 6.3681
v  8.8613 4.5110 6.3681
v  8.0062 7.5540 -29.6593
v  8.8302 5.2480 -29.6551
v  8.8274 4.8231 -25.3106
v  6.8457 6.3637 -42.3714
v  7.3740 6.3497 -37.6242
v  7.7914 6.4306 -42.2042
v  7.4553 7.5156 -42.1957
v  7.9878 7.5015 -37.2932
v  8.4251 6.1124 -37.2593
v  3.8890 6.4011 -54.9330
v  4.8046 6.3925 -52.1262
v  4.7876 7.0766 -55.1508
v  4.4875 7.5531 -55.1546
v  5.4092 7.5445 -52.2499
v  5.7555 6.9854 -52.0435
v  1.4965 6.4181 -61.7390
v  2.3847 6.4154 -59.5443
v  2.1307 7.2390 -62.1736
v  2.0873 7.5694 -62.1731
v  2.9797 7.5673 -59.9061
v  3.1582 7.1731 -59.6846
v  0.5646 6.4210 -64.0417
v  1.1501 7.5716 -64.5537
v  1.0986 7.2942 -64.5652
v  3.1632 6.4079 -57.1576
v  3.7618 7.5599 -57.4415
v  3.9836 7.1292 -57.4503
v  5.9393 6.3791 -47.5687
v  6.5488 7.5309 -47.5386
v  6.7223 6.7371 -47.5311
v  7.3836 6.3771 -33.7901
v  7.9974 7.5288 -33.3228
v  8.7180 5.6848 -33.2996
v  7.3914 6.3993 -30.6546
v  8.1785 6.6368 50.5513
v  8.8570 3.9157 59.4729
v  5.3911 -0.0254 59.0683
v  7.5169 0.6353 59.1246
v  7.1012 0.5744 65.4279
v  5.0570 0.1623 65.3422
v  1.9692 -0.0937 65.2867
v  2.1972 -0.5053 59.0234
v  8.6779 2.7131 59.3190
v  8.8516 3.9188 66.1293
v  8.5178 2.6035 65.8435
v  7.9855 1.4030 65.5867
v  8.3247 1.6053 59.2059
v  2.1223 -2.8629 14.0746
v  5.4221 -1.9597 14.0264
v  7.6289 -0.7062 14.0330
v  8.4421 1.0492 14.0744
v  8.7759 2.7560 14.0881
v  7.6167 -0.7243 13.5253
v  5.4120 -1.9780 13.5253
v  1.6593 -3.2944 -25.3332
v  2.1182 -2.8838 13.5253
v  8.7713 2.7495 13.5253
v  6.1163 -0.3333 -25.3748
v  7.3785 1.4251 -25.3334
v  8.4330 1.0339 13.5253
v  3.8648 -1.6754 -29.7708
v  1.6176 -3.2187 -29.7534
v  1.6182 -3.1417 -33.4681
v  3.5394 -1.4931 -33.4548
v  1.5423 -3.0357 -37.2385
v  3.1464 -1.2470 -37.2867
v  4.6005 0.6993 -37.2801
v  5.1692 0.3256 -33.4151
v  5.6794 -0.0103 -29.7477
v  4.1601 -1.8779 -25.3814
v  8.0828 3.5907 -29.6615
v  7.0434 1.8434 -29.6954
v  6.6278 2.3648 -33.3519
v  7.8453 4.1714 -33.2978
v  6.1114 2.8328 -37.2387
v  7.4272 4.6608 -37.2251
v  8.2275 3.1488 -25.3197
v  2.6193 -0.9161 -41.8095
v  1.2302 -2.9848 -41.5655
v  0.7831 -2.8960 -45.9977
v  2.0190 -0.5173 -46.4768
v  0.4735 -2.4762 -49.8671
v  1.4989 -0.0235 -50.5077
v  2.5582 2.0720 -50.9640
v  3.2132 1.5925 -46.8089
v  3.9361 1.1270 -41.9457
v  6.6697 4.9617 -42.1198
v  5.3690 3.1653 -42.0249
v  4.4647 3.4518 -47.0730
v  5.6695 5.1853 -47.2972
v  3.6619 3.7927 -51.3594
v  4.7218 5.4138 -51.7119
v  1.1668 0.7486 -53.4837
v  0.3759 -1.3675 -52.8583
v  0.3312 -0.0091 -55.2657
v  0.9400 1.7251 -55.7933
v  0.2612 1.1728 -57.3368
v  0.6866 2.5469 -57.8668
v  1.1275 3.5713 -58.2758
v  1.5561 3.0812 -56.1980
v  2.0232 2.5696 -53.9350
v  3.9954 5.7397 -54.7851
v  2.9896 4.1367 -54.3417
v  2.3307 4.4238 -56.5736
v  3.3531 6.1058 -57.0892
v  1.7292 4.7411 -58.6752
v  2.6312 6.3696 -59.3051
v  0.4318 3.1531 -59.8048
v  0.1733 2.2626 -59.2017
v  0.1088 2.9734 -60.4963
v  0.2408 3.6983 -61.4551
v  0.3659 4.4629 -62.2248
v  0.7275 4.0279 -60.3429
v  1.8052 6.4468 -61.6168
v  1.1605 5.0702 -60.8988
v  0.5885 5.3597 -63.0195
v  0.9464 6.4384 -63.8047
v  8.8541 4.5773 -0.3618
v  1.0051 7.5719 -64.5209
v  1.9409 7.5695 -62.1436
v  2.8323 7.5672 -59.8792
v  3.6135 7.5599 -57.4174
v  4.3392 7.5530 -55.1305
v  5.2594 7.5444 -52.2305
v  6.3978 7.5309 -47.5257
v  7.3043 7.5155 -42.1828
v  7.8357 7.5015 -37.2858
v  7.8453 7.5288 -33.3226
v  7.8539 7.5533 -29.7682
v  -0.0213 10.7021 6.3903
v  -0.0443 10.7262 12.6354
v  2.7416 10.7262 12.6354
v  2.6156 10.7021 6.3903
v  -0.0443 12.5569 -27.6739
v  -0.0477 12.5869 -25.6556
v  5.7405 12.5869 -25.6927
v  4.6189 12.5569 -27.6739
v  5.4040 10.6140 -21.4548
v  7.1831 10.6140 -21.2819
v  7.1454 10.5796 -25.0834
v  5.4137 10.5945 -25.6871
v  3.4963 10.6170 -20.9803
v  3.4963 10.6470 -15.1296
v  7.2199 10.6357 -15.1279
v  7.1849 10.6150 -20.9803
v  2.6156 10.6800 -0.3790
v  7.2645 10.6800 -0.3790
v  7.2583 10.6583 -7.0267
v  3.4963 10.6583 -7.0267
v  3.5878 15.2401 5.7065
v  6.2973 15.2401 5.7065
v  6.2937 15.2180 1.5328
v  3.5878 15.2180 1.5328
v  -2.6626 10.7262 12.6354
v  -2.4617 10.7021 6.3903
v  -5.6713 12.5869 -25.6927
v  -4.4035 12.5569 -27.6739
v  -7.2341 10.5796 -25.0834
v  -7.2717 10.6140 -21.2819
v  -5.2024 10.6140 -21.4548
v  -5.3471 10.5945 -25.6871
v  -3.6347 10.6170 -20.9803
v  -7.2735 10.6150 -20.9803
v  -7.3086 10.6357 -15.1279
v  -3.6301 10.6470 -15.1296
v  -7.3470 10.6583 -7.0267
v  -7.3531 10.6800 -0.3790
v  -2.4617 10.6800 -0.3790
v  -3.6301 10.6583 -7.0267
v  -6.3316 15.2180 1.5328
v  -6.3352 15.2401 5.7065
v  -3.4845 15.2401 5.7065
v  -3.4845 15.2180 1.5328
v  -0.0443 10.6504 34.5789
v  -0.0411 5.4795 35.7465
v  2.5737 5.4795 35.7465
v  2.7416 10.6504 34.5789
v  7.2708 10.7021 6.3903
v  7.2776 10.7262 12.6354
v  8.0461 7.7159 13.8030
v  8.0386 7.6918 6.3984
v  8.0316 7.6697 -0.3709
v  8.0248 7.6480 -7.0186
v  7.9824 7.6254 -15.1198
v  7.9436 7.6047 -20.9803
v  7.9417 7.6037 -21.2738
v  7.9053 7.5842 -25.0363
v  7.8934 7.5543 -29.7533
v  4.6189 10.5646 -27.7212
v  -0.0443 10.5646 -27.7212
v  -0.0411 7.5543 -29.7533
v  -7.9810 7.5543 -29.7533
v  -4.4035 10.5646 -27.7212
v  -7.9876 7.5842 -25.0363
v  -8.0239 7.6037 -21.2738
v  -8.0259 7.6047 -20.9803
v  -8.0647 7.6254 -15.1198
v  -8.1071 7.6480 -7.0186
v  -8.1139 7.6697 -0.3709
v  -7.3594 10.7021 6.3903
v  -8.1208 7.6918 6.3984
v  -7.3663 10.7262 12.6354
v  -8.1284 7.7159 13.8030
v  -2.5011 5.5553 14.5600
v  -5.5178 12.6063 -21.4604
v  -0.0477 12.6063 -21.4142
v  -1.2895 15.8761 -15.0924
v  -1.2901 15.8595 -19.1939
v  -2.2958 15.9002 -15.1098
v  -0.0213 10.6800 -0.3790
v  -0.0443 10.6583 -7.0267
v  -2.6626 10.6504 34.5789
v  -2.5011 5.4795 35.7465
v  5.7303 12.6063 -21.4604
v  3.8755 12.6093 -20.8746
v  -0.0443 12.6074 -20.8746
v  2.5737 5.5553 14.6485
v  3.4960 12.4653 -15.1155
v  3.4933 12.3921 -20.9803
v  5.7405 12.3703 -25.6911
v  5.7303 12.3897 -21.4588
v  4.6189 12.3403 -27.6723
v  -5.5178 12.3897 -21.4588
v  -3.6153 12.3921 -20.9803
v  -3.6338 12.6093 -20.8746
v  1.2561 15.8594 -19.1939
v  1.2555 15.8736 -15.0924
v  2.4583 15.9112 -15.1215
v  -3.6301 12.4653 -15.1155
v  6.6037 12.5864 -25.7364
v  6.5994 12.6063 -21.4597
v  6.5994 12.3897 -21.4581
v  6.6037 12.3698 -25.7349
v  4.7950 12.5550 -27.8634
v  4.7946 12.3383 -27.8620
v  -0.0443 12.5546 -27.9022
v  -0.0443 12.3379 -27.9006
v  -4.5737 12.5549 -27.8662
v  -4.5733 12.3383 -27.8647
v  -6.4349 12.5864 -25.7368
v  -6.4349 12.3698 -25.7353
v  -6.2871 12.6064 -21.4503
v  -6.2871 12.3898 -21.4487
v  -0.0443 12.3403 -27.6723
v  -4.4035 12.3403 -27.6723
v  -5.6713 12.3702 -25.6911
v  -0.0443 11.6406 -7.5860
v  -1.3174 12.5409 -8.0986
v  -3.6301 12.5409 -8.0986
v  3.4960 12.5409 -8.0986
v  1.2288 12.5409 -8.0986
v  -1.2901 15.9503 -9.8191
v  -2.2947 15.9503 -9.8191
v  2.4440 15.9503 -9.8191
v  1.2560 15.9503 -9.8191
v  -0.8791 23.5073 -11.4428
v  -1.2345 23.4957 -11.4479
v  -1.2338 23.5375 -8.8371
v  -0.8757 23.5429 -8.8371
v  1.3495 23.5046 -11.4526
v  0.8625 23.5047 -11.4428
v  0.8575 23.5430 -8.8371
v  1.3411 23.5360 -8.8371
v  -1.6268 20.6879 -12.8016
v  -1.0297 20.6879 -12.7822
v  -1.6323 20.6879 -9.2059
v  -1.0315 20.6879 -9.2064
v  1.0074 20.6879 -9.2064
v  1.7552 20.6879 -9.2058
v  1.7608 20.6879 -12.8135
v  1.0066 20.6879 -12.7810
v  -0.9224 22.6759 -11.8278
v  -1.3490 22.6759 -11.8431
v  -2.4347 23.4784 -10.6570
v  -2.4714 23.2830 -10.7063
v  -2.4754 23.2830 -9.8394
v  -2.4342 23.5039 -9.8244
v  -1.3543 22.6759 -8.9486
v  -0.9230 22.6759 -8.9493
v  -0.5966 23.3147 -6.2674
v  0.5770 23.3147 -6.2674
v  0.5478 23.5446 -6.2656
v  -0.5662 23.5445 -6.2656
v  0.9030 22.6759 -8.9493
v  1.4662 22.6759 -8.9484
v  2.5861 23.2874 -9.8385
v  2.5895 23.2874 -10.7092
v  2.5500 23.4892 -10.6582
v  2.5432 23.5084 -9.8236
v  1.4706 22.6759 -11.8530
v  0.9038 22.6759 -11.8265
v  0.6000 23.3336 -13.4549
v  -0.6155 23.3335 -13.4562
v  -0.5867 23.5016 -13.4709
v  0.5726 23.4991 -13.4708
v  -1.0091 21.0695 -12.5990
v  -1.5735 21.0695 -12.6176
v  -1.5789 21.0695 -9.1565
v  -1.0107 21.0695 -9.1570
v  0.9873 21.0695 -9.1570
v  1.6997 21.0695 -9.1564
v  1.7051 21.0695 -12.6292
v  0.9869 21.0695 -12.5978
v  0.5155 20.8777 -16.0441
v  -0.5369 20.8777 -16.0453
v  -0.5262 21.0693 -16.0547
v  0.5053 21.0694 -16.0535
v  -1.2622 23.4858 -11.0134
v  -1.2617 23.5229 -9.4100
v  -1.3218 23.0606 -11.1554
v  -1.3262 23.0606 -9.4514
v  1.3705 23.5223 -9.4110
v  1.3780 23.4945 -11.0179
v  1.4376 23.0605 -9.4524
v  1.4414 23.0605 -11.1632
v  -0.0411 7.7159 13.8030
v  -0.3232 13.6207 22.6781
v  -0.7173 13.2100 20.1931
v  0.6747 13.2100 20.1931
v  0.2806 13.6207 22.6781
v  -0.3232 13.8858 22.6781
v  0.2806 13.8858 22.6781
v  0.6747 13.8858 20.0230
v  -0.7173 13.8858 20.0230
v  -4.2243 12.3227 -1.8625
v  -4.2243 12.3227 -2.7486
v  3.7648 10.9140 -2.7486
v  3.7648 10.9140 -1.8625
v  -3.7893 14.7900 -1.8625
v  4.1999 13.3813 -1.8625
v  4.1999 13.3813 -2.7486
v  -3.7893 14.7900 -2.7486
v  -4.2087 12.4113 -1.7451
v  3.7804 11.0026 -1.7451
v  4.1842 13.2926 -1.7451
v  -3.8049 14.7013 -1.7451
v  3.8691 10.9870 -1.8625
v  3.8691 10.9870 -2.7486
v  4.2729 13.2770 -2.7486
v  4.2729 13.2770 -1.8625
v  3.7804 11.0026 -2.8660
v  -4.2087 12.4113 -2.8660
v  -3.8049 14.7013 -2.8660
v  4.1842 13.2926 -2.8660
v  -4.2973 12.4269 -2.7486
v  -4.2973 12.4269 -1.8625
v  -3.8935 14.7170 -1.8625
v  -3.8935 14.7170 -2.7486
v  -0.3922 18.3699 -18.4056
v  -0.3063 18.4526 -18.9287
v  -0.2232 18.2528 -18.6905
v  -0.3075 18.0997 -18.2858
v  -0.4211 18.6603 -18.4508
v  -0.3347 18.6603 -19.0185
v  -0.3922 18.9507 -18.4056
v  -0.3063 18.8680 -18.9287
v  -0.3075 19.2209 -18.2858
v  -0.2232 19.0678 -18.6905
v  -0.4209 18.3419 -17.8758
v  -0.3357 18.0478 -17.8758
v  -0.4501 18.6603 -17.8758
v  -0.4209 18.9787 -17.8758
v  -0.3357 19.2728 -17.8758
v  -0.3922 18.3699 -17.3460
v  -0.3075 18.0997 -17.4659
v  -0.4211 18.6603 -17.3009
v  -0.3922 18.9507 -17.3460
v  -0.3075 19.2209 -17.4659
v  -0.3063 18.4526 -16.8230
v  -0.2232 18.2528 -17.0612
v  -0.3347 18.6603 -16.7332
v  -0.3063 18.8680 -16.8230
v  -0.2232 19.0678 -17.0612
v  -0.3684 18.3791 -18.4055
v  -0.2864 18.1175 -18.2934
v  -0.2026 18.2641 -18.7057
v  -0.2829 18.4582 -18.9284
v  -0.3964 18.6603 -18.4477
v  -0.3104 18.6603 -19.0122
v  -0.3684 18.9415 -18.4055
v  -0.2829 18.8624 -18.9284
v  -0.2864 19.2031 -18.2934
v  -0.2026 19.0565 -18.7057
v  -0.3970 18.3523 -17.8758
v  -0.3145 18.0678 -17.8758
v  -0.4252 18.6603 -17.8758
v  -0.3970 18.9683 -17.8758
v  -0.3145 19.2528 -17.8758
v  -0.3684 18.3791 -17.3462
v  -0.2864 18.1175 -17.4583
v  -0.3964 18.6603 -17.3040
v  -0.3684 18.9415 -17.3462
v  -0.2864 19.2031 -17.4583
v  -0.2829 18.4582 -16.8233
v  -0.2026 18.2641 -17.0460
v  -0.3104 18.6603 -16.7395
v  -0.2829 18.8624 -16.8233
v  -0.2026 19.0565 -17.0460
v  0.1143 18.1128 -17.7248
v  0.1651 17.7463 -17.6833
v  0.0453 17.9084 -17.6319
v  -0.0502 18.1941 -17.6729
v  0.2916 18.0824 -17.7425
v  0.2916 17.6856 -17.7009
v  0.4689 18.1128 -17.7248
v  0.4181 17.7463 -17.6833
v  0.6334 18.1941 -17.6729
v  0.5379 17.9084 -17.6319
v  0.0972 18.4816 -17.7387
v  -0.0823 18.4816 -17.6866
v  0.2916 18.4816 -17.7565
v  0.4860 18.4816 -17.7387
v  0.6655 18.4816 -17.6866
v  0.1143 18.8504 -17.7248
v  -0.0502 18.7691 -17.6729
v  0.2916 18.8808 -17.7425
v  0.4689 18.8504 -17.7248
v  0.6334 18.7691 -17.6729
v  0.1651 19.2169 -17.6833
v  0.0453 19.0548 -17.6319
v  0.2916 19.2776 -17.7009
v  0.4181 19.2169 -17.6833
v  0.5379 19.0548 -17.6319
v  0.1236 18.1118 -17.7009
v  -0.0323 18.1846 -17.6518
v  0.0573 17.8894 -17.6110
v  0.1712 17.7442 -17.6596
v  0.2916 18.0846 -17.7178
v  0.2916 17.6900 -17.6763
v  0.4596 18.1118 -17.7009
v  0.4120 17.7442 -17.6596
v  0.6155 18.1846 -17.6518
v  0.5259 17.8894 -17.6110
v  0.1076 18.4816 -17.7148
v  -0.0624 18.4816 -17.6655
v  0.2916 18.4816 -17.7316
v  0.4756 18.4816 -17.7148
v  0.6456 18.4816 -17.6655
v  0.1236 18.8514 -17.7009
v  -0.0323 18.7786 -17.6518
v  0.2916 18.8786 -17.7178
v  0.4596 18.8514 -17.7009
v  0.6155 18.7786 -17.6518
v  0.1712 19.2190 -17.6596
v  0.0573 19.0738 -17.6110
v  0.2916 19.2732 -17.6763
v  0.4120 19.2190 -17.6596
v  0.5259 19.0738 -17.6110
v  5.8745 10.2887 35.4957
v  5.8745 10.5507 35.4957
v  5.4133 10.5507 35.4957
v  5.4133 10.2887 35.4957
v  5.7306 10.2887 31.5532
v  5.5572 10.2887 31.5532
v  5.5572 10.5507 31.5532
v  5.7306 10.5507 31.5532
v  -5.8989 10.2887 35.4957
v  -5.4377 10.2887 35.4957
v  -5.4377 10.5507 35.4957
v  -5.8989 10.5507 35.4957
v  -5.7550 10.2887 31.5532
v  -5.7550 10.5507 31.5532
v  -5.5816 10.5507 31.5532
v  -5.5816 10.2887 31.5532
v  5.4780 6.6214 35.9552
v  5.3120 6.6214 35.6678
v  5.4780 6.6214 35.3804
v  5.9757 6.6214 35.6678
v  5.8098 6.6214 35.3804
v  5.8098 6.6214 35.9552
v  5.8098 10.9613 35.3804
v  5.9757 10.9613 35.6678
v  5.4780 10.9613 35.3804
v  5.3120 10.9613 35.6678
v  5.4780 10.9613 35.9552
v  5.8098 10.9613 35.9552
v  -5.5024 6.6214 35.3804
v  -5.3365 6.6214 35.6678
v  -5.5024 6.6214 35.9552
v  -6.0002 6.6214 35.6678
v  -5.8342 6.6214 35.9552
v  -5.8342 6.6214 35.3804
v  -5.8342 10.9613 35.3804
v  -6.0002 10.9613 35.6678
v  -5.5024 10.9613 35.3804
v  -5.3365 10.9613 35.6678
v  -5.5024 10.9613 35.9552
v  -5.8342 10.9613 35.9552
v  0.0581 21.6999 -7.0105
v  0.0581 21.6999 -6.7475
v  -0.1696 21.6999 -6.8790
v  0.0581 28.7646 -6.7475
v  -0.1696 28.7646 -6.8790
v  0.0581 28.7646 -7.0105
v  -0.2391 21.0563 -14.7213
v  -0.1256 21.0563 -14.5248
v  -0.1256 22.0672 -14.5248
v  -0.2391 22.0672 -14.7213
v  0.1012 21.0563 -14.5248
v  0.1012 22.0672 -14.5248
v  0.2146 21.0563 -14.7213
v  0.2146 22.0672 -14.7213
v  0.1012 21.0563 -14.9177
v  0.1012 22.0672 -14.9177
v  -0.1256 21.0563 -14.9177
v  -0.1256 22.0672 -14.9177
v  -0.0823 22.2622 -14.5998
v  0.0579 22.2622 -14.5998
v  0.1280 22.2622 -14.7213
v  -0.0823 22.2622 -14.8427
v  0.0579 22.2622 -14.8427
v  -0.1525 22.2622 -14.7213
v  -0.0823 22.1122 -14.5998
v  -0.1525 22.1122 -14.7213
v  0.0579 22.1122 -14.5998
v  0.1280 22.1122 -14.7213
v  0.0579 22.1122 -14.8427
v  -0.0823 22.1122 -14.8427
v  -0.1605 10.7178 12.4749
v  0.0619 10.7181 12.6032
v  0.0045 26.7666 13.9235
v  -0.0457 26.7662 13.8945
v  0.0619 10.7174 12.3465
v  0.0045 26.7659 13.8655
v  -0.7548 23.4287 -11.0223
v  0.6313 23.4287 -11.0223
v  0.6313 23.4287 -9.5071
v  -0.7548 23.4287 -9.5071
v  -1.3031 26.2881 -10.6209
v  -1.3031 26.2881 -9.8327
v  1.1797 26.2881 -9.8327
v  1.1797 26.2881 -10.6209
v  0.4067 24.5161 -10.3475
v  0.4067 24.5161 -9.7044
v  -0.5301 24.5161 -10.3475
v  -0.5301 24.5161 -9.7044
v  0.2888 25.2889 -10.3053
v  0.2888 25.2889 -10.0916
v  -0.4123 25.2889 -10.3053
v  -0.4123 25.2889 -10.0916
v  0.3420 25.3170 -10.3469
v  0.3420 25.3170 -10.0499
v  -0.4654 25.3170 -10.3469
v  -0.4654 25.3170 -10.0499
v  0.6355 25.5328 -10.2806
v  0.6355 25.5328 -10.1162
v  0.6652 25.3712 -10.0930
v  0.6652 25.3712 -10.3039
v  -0.4245 25.5396 -10.3149
v  0.3011 25.5396 -10.3149
v  -0.6551 25.5382 -10.1019
v  -0.6551 25.5382 -10.2949
v  -0.6895 25.3512 -10.3218
v  -0.6895 25.3512 -10.0751
v  0.3011 25.5396 -10.0819
v  -0.4245 25.5396 -10.0819
v  0.1243 25.6254 -10.2925
v  0.1243 25.6254 -10.1043
v  -0.2478 25.6254 -10.2925
v  -0.2478 25.6254 -10.1043
v  1.1797 25.7405 -10.5642
v  1.1797 25.7405 -9.8327
v  -1.3031 25.7405 -10.5642
v  -1.3031 25.7405 -9.8327
v  1.1797 25.8301 -10.6264
v  1.1797 25.8301 -9.8327
v  -1.3031 25.8301 -10.6264
v  -1.3031 25.8301 -9.8327
v  -1.3031 26.4326 -11.2462
v  1.1797 26.4326 -11.2462
v  1.1797 26.1196 -11.4600
v  -1.3031 26.1196 -11.4600
v  1.1797 26.1934 -9.4296
v  -1.3031 26.1934 -9.4296
v  -1.3031 25.9415 -9.5349
v  1.1797 25.9415 -9.5349
v  1.1797 25.8301 -9.6599
v  -1.3031 25.8301 -9.6599
v  1.1797 26.2881 -9.6599
v  -1.3031 26.2881 -9.6599
v  1.1797 26.2673 -9.4642
v  1.1797 26.2385 -9.4382
v  1.1797 26.2881 -9.5149
v  -1.3031 26.2881 -9.5149
v  -1.3031 26.2385 -9.4382
v  -1.3031 26.2673 -9.4642
v  -1.3031 25.8312 -11.0153
v  1.1797 25.8312 -11.0153
v  -1.3031 26.2892 -10.7024
v  1.1797 26.2892 -10.7024
v  -1.3031 26.0075 -11.4188
v  1.1797 26.0075 -11.4188
v  -1.3031 26.0808 -11.4652
v  -1.3031 26.0378 -11.4494
v  -1.3031 26.4655 -11.1060
v  -1.3031 26.4697 -11.1544
v  -1.3031 26.4571 -11.2082
v  1.1797 26.4655 -11.1060
v  1.1797 26.4571 -11.2082
v  1.1797 26.4697 -11.1544
v  1.1797 26.0378 -11.4494
v  1.1797 26.0808 -11.4652
v  -0.9325 15.2584 -17.1537
v  0.7246 15.2584 -17.1537
v  0.7246 15.2584 -15.6795
v  -0.9325 15.2584 -15.6795
v  0.7246 15.2584 -17.7769
v  -0.9325 15.2584 -17.7769
v  -0.5754 17.2264 -17.2802
v  -0.8147 16.3549 -15.6795
v  0.6068 16.3549 -15.6795
v  0.3675 17.2264 -17.2802
v  -0.3341 17.6172 -17.5420
v  0.1262 17.6172 -17.5420
v  0.2506 17.6172 -17.7769
v  -0.4585 17.6172 -17.7769
v  0.3675 17.2264 -17.7769
v  -0.5754 17.2264 -18.5014
v  0.3675 17.2264 -18.5014
v  0.7246 15.2584 -18.6279
v  -0.9325 15.2584 -18.6279
v  -0.9325 15.2584 -18.0685
v  -0.5754 17.2264 -18.0685
v  0.1296 17.2264 -17.6050
v  -0.3375 17.2264 -17.6050
v  0.1296 17.2264 -17.7769
v  -0.3375 17.2264 -18.1767
v  0.1296 17.2264 -18.1767
v  -0.3375 17.2264 -18.0685
v  0.1296 17.3462 -17.6050
v  -0.3375 17.3462 -17.6050
v  0.1296 17.3462 -17.7769
v  -0.3375 17.3462 -18.1767
v  0.1296 17.3462 -18.1767
v  -0.3375 17.3462 -18.0685
v  0.1262 17.3462 -17.5420
v  -0.3341 17.3462 -17.5420
v  0.2506 17.3462 -17.7769
v  -0.3341 17.3462 -18.2165
v  0.1262 17.3462 -18.2165
v  -0.4585 17.3462 -18.0074
v  -0.3341 17.6172 -18.2165
v  0.1262 17.6172 -18.2165
v  -0.4585 17.6172 -18.0074
v  0.7246 15.2584 -18.0685
v  0.2506 17.6172 -18.0074
v  0.3675 17.2264 -18.0685
v  -0.5754 17.2264 -17.7769
v  0.1296 17.2264 -18.0685
v  -0.3375 17.2264 -17.7769
v  0.1296 17.3462 -18.0685
v  -0.3375 17.3462 -17.7769
v  0.2506 17.3462 -18.0074
v  -0.4585 17.3462 -17.7769
v  -0.6209 17.6172 -18.0074
v  -0.5867 17.3462 -18.0074
v  -0.5867 17.3462 -17.7769
v  -0.6209 17.6172 -17.7769
v  -0.4585 17.8844 -17.7769
v  0.2506 17.8844 -17.7769
v  0.2506 17.8844 -18.0074
v  -0.4585 17.8844 -18.0074
v  0.4219 17.6172 -17.7769
v  0.3788 17.3462 -17.7769
v  0.3788 17.3462 -18.0074
v  0.4219 17.6172 -18.0074
v  -0.5867 18.7139 -18.0074
v  -0.5867 18.7139 -17.7769
v  -0.4585 18.7139 -17.7769
v  -0.4585 18.7139 -18.0074
v  0.3788 18.7139 -17.7769
v  0.3788 18.7139 -18.0074
v  0.2506 18.7139 -18.0074
v  0.2506 18.7139 -17.7769
v  -0.6753 17.8844 -18.0074
v  -0.6753 17.8844 -17.7769
v  0.4647 17.8844 -17.7769
v  0.4647 17.8844 -18.0074
v  -0.0122 15.0660 21.8412
v  -0.4771 14.9334 21.8412
v  -0.3409 14.9334 22.1699
v  -0.0122 14.9334 22.3061
v  0.3165 14.9334 22.1699
v  0.4526 14.9334 21.8412
v  0.3165 14.9334 21.5125
v  -0.0122 14.9334 21.3764
v  -0.3409 14.9334 21.5125
v  -0.5017 14.4678 22.3308
v  -0.7045 14.4678 21.8412
v  -0.0122 14.4678 22.5335
v  0.4773 14.4678 22.3308
v  0.6801 14.4678 21.8412
v  0.4773 14.4678 21.3517
v  -0.0122 14.4678 21.1490
v  -0.5017 14.4678 21.3517
v  -0.5017 13.9169 22.3308
v  -0.7045 13.9169 21.8412
v  -0.0122 13.9169 22.5335
v  0.4773 13.9169 22.3308
v  0.6801 13.9169 21.8412
v  0.4773 13.9169 21.3517
v  -0.0122 13.9169 21.1490
v  -0.5017 13.9169 21.3517
v  6.7237 8.3535 34.5712
v  4.6005 8.3535 34.5712
v  4.6005 8.3535 34.5079
v  6.7237 8.3535 34.5079
v  6.7237 8.9080 34.5712
v  6.7237 8.9080 34.5079
v  4.6005 8.9080 34.5079
v  4.6005 8.9080 34.5712
v  -6.7481 8.3535 34.5712
v  -6.7481 8.3535 34.5079
v  -4.6249 8.3535 34.5079
v  -4.6249 8.3535 34.5712
v  -6.7481 8.9080 34.5712
v  -4.6249 8.9080 34.5712
v  -4.6249 8.9080 34.5079
v  -6.7481 8.9080 34.5079
v  4.1999 12.3227 -5.6427
v  4.1999 12.3227 -4.7566
v  -3.7893 10.9140 -4.7566
v  -3.7893 10.9140 -5.6427
v  3.7648 14.7900 -5.6427
v  -4.2243 13.3813 -5.6427
v  -4.2243 13.3813 -4.7566
v  3.7648 14.7900 -4.7566
v  4.1842 12.4113 -5.7601
v  -3.8049 11.0026 -5.7601
v  -4.2087 13.2926 -5.7601
v  3.7804 14.7013 -5.7601
v  -3.8935 10.9870 -5.6427
v  -3.8935 10.9870 -4.7566
v  -4.2973 13.2770 -4.7566
v  -4.2973 13.2770 -5.6427
v  -3.8049 11.0026 -4.6392
v  4.1842 12.4113 -4.6392
v  3.7804 14.7013 -4.6392
v  -4.2087 13.2926 -4.6392
v  4.2729 12.4269 -4.7566
v  4.2729 12.4269 -5.6427
v  3.8691 14.7170 -5.6427
v  3.8691 14.7170 -4.7566
v  0.1173 6.3697 -64.2971
v  -0.0126 6.3697 -64.5220
v  -0.0126 10.4367 -64.5220
v  0.1173 10.4367 -64.2971
v  -0.1425 6.3697 -64.2971
v  -0.1425 10.4367 -64.2971
v  6.9513 10.6334 8.9807
v  6.7236 10.6334 8.8492
v  7.8586 21.4871 8.9601
v  7.8943 21.4871 8.9807
v  6.7236 10.6334 9.1122
v  7.8586 21.4871 9.0013
v  -6.9758 10.6334 8.9807
v  -7.9187 21.4871 8.9807
v  -7.8830 21.4871 8.9601
v  -6.7480 10.6334 8.8492
v  -7.8830 21.4871 9.0013
v  -6.7480 10.6334 9.1122
v  0.0616 6.3697 66.6846
v  -0.0126 6.3697 66.5562
v  -0.0126 10.4367 66.5562
v  0.0616 10.4367 66.6846
v  -0.0868 6.3697 66.6846
v  -0.0868 10.4367 66.6846
v  -0.0443 12.3403 -27.7061
v  4.6189 12.3403 -27.7061
v  4.6189 10.5646 -27.7550
v  -0.0443 10.5646 -27.7550
v  -4.4035 12.3403 -27.7061
v  -4.4035 10.5646 -27.7550
v  -5.7041 12.3702 -25.7499
v  -4.4362 12.3403 -27.7311
v  -4.4362 10.5646 -27.7800
v  -5.3798 10.5945 -25.7459
v  -5.5506 12.3897 -21.5176
v  -5.2351 10.6140 -21.5136
v  4.6628 10.5646 -27.8843
v  4.6628 12.3403 -27.8354
v  5.9306 12.3702 -25.8541
v  5.6064 10.5945 -25.8501
v  5.7771 12.3897 -21.6218
v  5.4617 10.6140 -21.6178
v  -1.9553 13.8804 16.7601
v  2.0123 13.8804 16.7481
v  2.7098 10.5971 15.0299
v  -2.6243 10.5860 15.0415
v  -2.6232 10.6361 20.8705
v  -1.9608 13.8804 20.1372
v  2.6955 10.6361 20.8705
v  2.0067 13.8804 20.1374
v  -1.7922 15.0162 17.3236
v  1.8427 15.0146 17.3151
v  -1.7912 15.0162 20.7007
v  1.8436 15.0146 20.7043
v  -1.0652 10.6642 -2.0709
v  -1.0652 10.6642 -2.5403
v  1.0408 10.6642 -2.5403
v  1.0408 10.6642 -2.0709
v  -1.0652 11.8602 -2.0709
v  1.0408 11.8602 -2.0709
v  1.0408 11.8602 -2.5403
v  -1.0652 11.8602 -2.5403
v  1.0408 10.6642 -5.6247
v  1.0408 10.6642 -5.1553
v  -1.0652 10.6642 -5.1553
v  -1.0652 10.6642 -5.6247
v  1.0408 11.8602 -5.6247
v  -1.0652 11.8602 -5.6247
v  -1.0652 11.8602 -5.1553
v  1.0408 11.8602 -5.1553
v  4.6356 12.2337 9.4629
v  4.7254 12.2337 9.4629
v  4.7254 12.2337 10.7128
v  4.6356 12.2337 10.7128
v  4.5458 10.4859 10.0401
v  4.6356 10.4859 10.0401
v  4.6356 10.4859 10.1357
v  4.5458 10.4859 10.1357
v  4.4561 12.2337 9.4629
v  4.5458 12.2337 9.4629
v  4.5458 12.2337 10.7128
v  4.4561 12.2337 10.7128
v  4.6356 12.5391 9.4629
v  4.6180 12.5091 10.7128
v  4.7254 12.4956 10.7128
v  4.7254 12.5391 9.4629
v  4.5458 12.5391 9.4629
v  4.5635 12.5091 10.7128
v  4.4561 12.5391 9.4629
v  4.4561 12.4832 10.7128
v  4.7254 12.3864 9.4629
v  4.7254 12.3864 10.7128
v  4.6356 12.3864 9.4629
v  4.5458 12.3864 9.4629
v  4.4561 12.3864 9.4629
v  4.6356 12.5391 9.0458
v  4.7254 12.5391 9.0458
v  4.7254 12.3864 9.0458
v  4.6356 12.3864 9.0458
v  4.4561 12.5391 9.0458
v  4.5458 12.5391 9.0458
v  4.5458 12.3864 9.0458
v  4.4561 12.3864 9.0458
v  4.4561 12.3864 10.7128
v  4.5635 12.4164 10.7128
v  4.6180 12.4164 10.7128
v  4.6402 12.5444 12.1476
v  4.5413 12.5444 12.1476
v  4.5413 12.3811 12.1476
v  4.6402 12.3811 12.1476
v  4.5635 12.5091 11.9510
v  4.6180 12.5091 11.9510
v  4.5635 12.4164 11.9510
v  4.6180 12.4164 11.9510
v  4.5413 12.5444 11.9593
v  4.6402 12.5444 11.9593
v  4.5413 12.3811 11.9593
v  4.6402 12.3811 11.9593
v  4.7254 12.5391 9.1939
v  4.6356 12.5391 9.1939
v  4.7254 12.3864 9.1939
v  4.6356 12.3864 9.1939
v  4.5458 12.5391 9.1939
v  4.4561 12.5391 9.1939
v  4.5458 12.3864 9.1939
v  4.4561 12.3864 9.1939
v  4.7259 12.0208 8.9188
v  4.8157 12.0208 8.9188
v  4.8157 12.0208 9.0669
v  4.7259 12.0208 9.0669
v  4.3721 12.0208 8.9188
v  4.4619 12.0208 8.9188
v  4.4619 12.0208 9.0669
v  4.3721 12.0208 9.0669
v  4.6356 12.2140 10.1357
v  4.6356 12.2140 10.0401
v  4.5458 12.2140 10.1357
v  4.5458 12.2140 10.0401
v  -4.5683 12.2337 9.4629
v  -4.4785 12.2337 9.4629
v  -4.4785 12.2337 10.7128
v  -4.5683 12.2337 10.7128
v  -4.6580 10.4859 10.0401
v  -4.5683 10.4859 10.0401
v  -4.5683 10.4859 10.1357
v  -4.6580 10.4859 10.1357
v  -4.7478 12.2337 9.4629
v  -4.6580 12.2337 9.4629
v  -4.6580 12.2337 10.7128
v  -4.7478 12.2337 10.7128
v  -4.5683 12.5391 9.4629
v  -4.5859 12.5091 10.7128
v  -4.4785 12.4956 10.7128
v  -4.4785 12.5391 9.4629
v  -4.6580 12.5391 9.4629
v  -4.6404 12.5091 10.7128
v  -4.7478 12.5391 9.4629
v  -4.7478 12.4832 10.7128
v  -4.4785 12.3864 9.4629
v  -4.4785 12.3864 10.7128
v  -4.5683 12.3864 9.4629
v  -4.6580 12.3864 9.4629
v  -4.7478 12.3864 9.4629
v  -4.5683 12.5391 9.0458
v  -4.4785 12.5391 9.0458
v  -4.4785 12.3864 9.0458
v  -4.5683 12.3864 9.0458
v  -4.7478 12.5391 9.0458
v  -4.6580 12.5391 9.0458
v  -4.6580 12.3864 9.0458
v  -4.7478 12.3864 9.0458
v  -4.7478 12.3864 10.7128
v  -4.6404 12.4164 10.7128
v  -4.5859 12.4164 10.7128
v  -4.5637 12.5444 12.1476
v  -4.6626 12.5444 12.1476
v  -4.6626 12.3811 12.1476
v  -4.5637 12.3811 12.1476
v  -4.6404 12.5091 11.9510
v  -4.5859 12.5091 11.9510
v  -4.6404 12.4164 11.9510
v  -4.5859 12.4164 11.9510
v  -4.6626 12.5444 11.9593
v  -4.5637 12.5444 11.9593
v  -4.6626 12.3811 11.9593
v  -4.5637 12.3811 11.9593
v  -4.4785 12.5391 9.1939
v  -4.5683 12.5391 9.1939
v  -4.4785 12.3864 9.1939
v  -4.5683 12.3864 9.1939
v  -4.6580 12.5391 9.1939
v  -4.7478 12.5391 9.1939
v  -4.6580 12.3864 9.1939
v  -4.7478 12.3864 9.1939
v  -4.4779 12.0208 8.9188
v  -4.3882 12.0208 8.9188
v  -4.3882 12.0208 9.0669
v  -4.4779 12.0208 9.0669
v  -4.8318 12.0208 8.9188
v  -4.7420 12.0208 8.9188
v  -4.7420 12.0208 9.0669
v  -4.8318 12.0208 9.0669
v  -4.5683 12.2140 10.1357
v  -4.5683 12.2140 10.0401
v  -4.6580 12.2140 10.1357
v  -4.6580 12.2140 10.0401
v  6.7119 9.0372 34.6262
v  4.4378 9.0372 34.6262
v  4.2154 8.6806 34.8853
v  6.9344 8.6806 34.8853
v  6.3520 8.9010 34.2070
v  4.7978 8.9010 34.2070
v  6.3520 8.4602 34.2070
v  4.7978 8.4602 34.2070
v  6.7119 8.3239 34.6262
v  4.4378 8.3239 34.6262
v  7.2152 9.0372 31.3407
v  7.4805 8.6806 31.3195
v  6.7857 8.9010 31.3750
v  6.7857 8.4602 31.3750
v  7.2152 8.3239 31.3407
v  6.7104 9.0372 29.7725
v  6.9292 8.6806 29.6065
v  6.3564 8.9010 30.0411
v  6.3564 8.4602 30.0411
v  6.7104 8.3239 29.7725
v  5.5750 9.0372 29.0221
v  5.5754 8.6806 28.7117
v  5.5744 8.9010 29.5243
v  5.5744 8.4602 29.5243
v  5.5750 8.3239 29.0221
v  4.4394 9.0372 29.7689
v  4.2206 8.6806 29.6027
v  4.7933 8.9010 30.0380
v  4.7933 8.4602 30.0380
v  4.4394 8.3239 29.7689
v  3.9346 9.0372 31.3407
v  3.6692 8.6806 31.3196
v  4.3640 8.9010 31.3749
v  4.3640 8.4602 31.3749
v  3.9346 8.3239 31.3407
v  7.0354 8.3830 31.3614
v  6.6748 8.3830 34.6072
v  6.6748 8.3688 34.6072
v  7.0354 8.3688 31.3614
v  6.6748 8.3830 29.9188
v  6.6748 8.3688 29.9188
v  5.5928 8.3830 29.1975
v  5.5928 8.3688 29.1975
v  4.5109 8.3830 29.9188
v  4.5109 8.3688 29.9188
v  4.1503 8.3830 31.3614
v  4.1503 8.3688 31.3614
v  4.5109 8.3830 34.6072
v  4.5109 8.3688 34.6072
v  -6.7363 9.0372 34.6262
v  -6.9588 8.6806 34.8853
v  -4.2398 8.6806 34.8853
v  -4.4623 9.0372 34.6262
v  -6.3764 8.9010 34.2070
v  -4.8222 8.9010 34.2070
v  -6.3764 8.4602 34.2070
v  -4.8222 8.4602 34.2070
v  -6.7363 8.3239 34.6262
v  -4.4623 8.3239 34.6262
v  -7.2396 9.0372 31.3407
v  -7.5050 8.6806 31.3195
v  -6.8102 8.9010 31.3750
v  -6.8102 8.4602 31.3750
v  -7.2396 8.3239 31.3407
v  -6.7348 9.0372 29.7725
v  -6.9536 8.6806 29.6065
v  -6.3808 8.9010 30.0411
v  -6.3808 8.4602 30.0411
v  -6.7348 8.3239 29.7725
v  -5.5995 9.0372 29.0221
v  -5.5998 8.6806 28.7117
v  -5.5989 8.9010 29.5243
v  -5.5989 8.4602 29.5243
v  -5.5995 8.3239 29.0221
v  -4.4638 9.0372 29.7689
v  -4.2450 8.6806 29.6027
v  -4.8177 8.9010 30.0380
v  -4.8177 8.4602 30.0380
v  -4.4638 8.3239 29.7689
v  -3.9590 9.0372 31.3407
v  -3.6936 8.6806 31.3196
v  -4.3884 8.9010 31.3749
v  -4.3884 8.4602 31.3749
v  -3.9590 8.3239 31.3407
v  -7.0598 8.3830 31.3614
v  -7.0598 8.3688 31.3614
v  -6.6992 8.3688 34.6072
v  -6.6992 8.3830 34.6072
v  -6.6992 8.3830 29.9188
v  -6.6992 8.3688 29.9188
v  -5.6173 8.3830 29.1975
v  -5.6173 8.3688 29.1975
v  -4.5353 8.3830 29.9188
v  -4.5353 8.3688 29.9188
v  -4.1747 8.3830 31.3614
v  -4.1747 8.3688 31.3614
v  -4.5353 8.3830 34.6072
v  -4.5353 8.3688 34.6072
v  4.6409 12.2197 -2.4913
v  4.6967 12.5366 -2.6771
v  4.7526 12.8535 -2.4913
v  4.6967 12.5366 -1.9340
v  4.7526 12.8535 -2.1198
v  4.6409 12.2197 -2.1198
v  -4.4573 14.4742 -2.1198
v  -4.4573 14.4742 -2.4913
v  -4.5132 14.1574 -2.6771
v  -4.5691 13.8405 -2.1198
v  -4.5691 13.8405 -2.4913
v  -4.5132 14.1574 -1.9340
v  -4.4460 14.5382 -2.0823
v  -4.5132 14.1574 -1.8590
v  -3.9557 14.0591 -1.8590
v  -3.8885 14.4399 -2.0823
v  4.6967 12.5366 -1.8590
v  4.7639 12.9174 -2.0823
v  4.2064 13.0157 -2.0823
v  4.1392 12.6349 -1.8590
v  -4.4460 14.5382 -2.5288
v  -3.8885 14.4399 -2.5288
v  4.7639 12.9174 -2.5288
v  4.2064 13.0157 -2.5288
v  -4.5132 14.1574 -2.7521
v  -3.9557 14.0591 -2.7521
v  4.6967 12.5366 -2.7521
v  4.1392 12.6349 -2.7521
v  -4.5803 13.7765 -2.5288
v  -4.0228 13.6782 -2.5288
v  4.6296 12.1558 -2.5288
v  4.0721 12.2541 -2.5288
v  -4.5803 13.7765 -2.0823
v  -4.0228 13.6782 -2.0823
v  4.6296 12.1558 -2.0823
v  4.0721 12.2541 -2.0823
v  -3.9557 14.0591 -1.9340
v  -3.8998 14.3759 -2.1198
v  -3.8998 14.3759 -2.4913
v  -3.9557 14.0591 -2.6771
v  -4.0116 13.7422 -2.4913
v  -4.0116 13.7422 -2.1198
v  4.1951 12.9518 -2.1198
v  4.1392 12.6349 -1.9340
v  4.0834 12.3180 -2.1198
v  4.0834 12.3180 -2.4913
v  4.1392 12.6349 -2.6771
v  4.1951 12.9518 -2.4913
v  4.4668 11.2323 -2.4913
v  4.5226 11.5492 -2.6771
v  4.5785 11.8660 -2.4913
v  4.5226 11.5492 -1.9340
v  4.5785 11.8660 -2.1198
v  4.4668 11.2323 -2.1198
v  -4.6314 13.4868 -2.1198
v  -4.6314 13.4868 -2.4913
v  -4.6873 13.1699 -2.6771
v  -4.7432 12.8531 -2.1198
v  -4.7432 12.8531 -2.4913
v  -4.6873 13.1699 -1.9340
v  -4.6201 13.5508 -2.0823
v  -4.6873 13.1699 -1.8590
v  -4.1298 13.0716 -1.8590
v  -4.0626 13.4525 -2.0823
v  4.5226 11.5492 -1.8590
v  4.5898 11.9300 -2.0823
v  4.0323 12.0283 -2.0823
v  3.9651 11.6475 -1.8590
v  -4.6201 13.5508 -2.5288
v  -4.0626 13.4525 -2.5288
v  4.5898 11.9300 -2.5288
v  4.0323 12.0283 -2.5288
v  -4.6873 13.1699 -2.7521
v  -4.1298 13.0716 -2.7521
v  4.5226 11.5492 -2.7521
v  3.9651 11.6475 -2.7521
v  -4.7544 12.7891 -2.5288
v  -4.1969 12.6908 -2.5288
v  4.4555 11.1684 -2.5288
v  3.8980 11.2667 -2.5288
v  -4.7544 12.7891 -2.0823
v  -4.1969 12.6908 -2.0823
v  4.4555 11.1684 -2.0823
v  3.8980 11.2667 -2.0823
v  -4.1298 13.0716 -1.9340
v  -4.0739 13.3885 -2.1198
v  -4.0739 13.3885 -2.4913
v  -4.1298 13.0716 -2.6771
v  -4.1857 12.7548 -2.4913
v  -4.1857 12.7548 -2.1198
v  4.0210 11.9643 -2.1198
v  3.9651 11.6475 -1.9340
v  3.9093 11.3306 -2.1198
v  3.9093 11.3306 -2.4913
v  3.9651 11.6475 -2.6771
v  4.0210 11.9643 -2.4913
v  -4.5365 12.3322 -5.0139
v  -4.5923 12.6491 -4.8282
v  -4.6482 12.9659 -5.0139
v  -4.5923 12.6491 -5.5712
v  -4.6482 12.9659 -5.3854
v  -4.5365 12.3322 -5.3854
v  4.4290 14.4742 -5.3855
v  4.4290 14.4742 -5.0139
v  4.4848 14.1574 -4.8282
v  4.5407 13.8405 -5.3855
v  4.5407 13.8405 -5.0139
v  4.4848 14.1574 -5.5712
v  4.4177 14.5382 -5.4229
v  4.4848 14.1574 -5.6462
v  3.9273 14.0591 -5.6462
v  3.8602 14.4399 -5.4229
v  -4.5923 12.6491 -5.6462
v  -4.6595 13.0299 -5.4229
v  -4.1020 13.1282 -5.4229
v  -4.0348 12.7474 -5.6462
v  4.4177 14.5382 -4.9764
v  3.8602 14.4399 -4.9764
v  -4.6595 13.0299 -4.9764
v  -4.1020 13.1282 -4.9764
v  4.4848 14.1574 -4.7532
v  3.9273 14.0591 -4.7532
v  -4.5923 12.6491 -4.7532
v  -4.0348 12.7474 -4.7532
v  4.5520 13.7765 -4.9764
v  3.9945 13.6782 -4.9764
v  -4.5252 12.2683 -4.9764
v  -3.9677 12.3666 -4.9764
v  4.5520 13.7765 -5.4229
v  3.9945 13.6782 -5.4229
v  -4.5252 12.2683 -5.4229
v  -3.9677 12.3666 -5.4229
v  3.9273 14.0591 -5.5712
v  3.8715 14.3759 -5.3855
v  3.8715 14.3759 -5.0139
v  3.9273 14.0591 -4.8282
v  3.9832 13.7422 -5.0139
v  3.9832 13.7422 -5.3855
v  -4.0907 13.0642 -5.3854
v  -4.0348 12.7474 -5.5712
v  -3.9790 12.4305 -5.3854
v  -3.9790 12.4305 -5.0139
v  -4.0348 12.7474 -4.8282
v  -4.0907 13.0642 -5.0139
v  -4.4425 11.3448 -5.0139
v  -4.4984 11.6617 -4.8282
v  -4.5543 11.9785 -5.0139
v  -4.4984 11.6617 -5.5712
v  -4.5543 11.9785 -5.3854
v  -4.4425 11.3448 -5.3854
v  4.6020 13.4868 -5.3855
v  4.6020 13.4868 -5.0139
v  4.6579 13.1699 -4.8282
v  4.7137 12.8531 -5.3855
v  4.7137 12.8531 -5.0139
v  4.6579 13.1699 -5.5712
v  4.5907 13.5508 -5.4229
v  4.6579 13.1699 -5.6462
v  4.1004 13.0716 -5.6462
v  4.0332 13.4525 -5.4229
v  -4.4984 11.6617 -5.6462
v  -4.5655 12.0425 -5.4229
v  -4.0080 12.1408 -5.4229
v  -3.9409 11.7600 -5.6462
v  4.5907 13.5508 -4.9764
v  4.0332 13.4525 -4.9764
v  -4.5655 12.0425 -4.9764
v  -4.0080 12.1408 -4.9764
v  4.6579 13.1699 -4.7532
v  4.1004 13.0716 -4.7532
v  -4.4984 11.6617 -4.7532
v  -3.9409 11.7600 -4.7532
v  4.7250 12.7891 -4.9764
v  4.1675 12.6908 -4.9764
v  -4.4312 11.2808 -4.9764
v  -3.8737 11.3791 -4.9764
v  4.7250 12.7891 -5.4229
v  4.1675 12.6908 -5.4229
v  -4.4312 11.2808 -5.4229
v  -3.8737 11.3791 -5.4229
v  4.1004 13.0716 -5.5712
v  4.0445 13.3885 -5.3855
v  4.0445 13.3885 -5.0139
v  4.1004 13.0716 -4.8282
v  4.1562 12.7548 -5.0139
v  4.1562 12.7548 -5.3855
v  -3.9968 12.0768 -5.3854
v  -3.9409 11.7600 -5.5712
v  -3.8850 11.4431 -5.3854
v  -3.8850 11.4431 -5.0139
v  -3.9409 11.7600 -4.8282
v  -3.9968 12.0768 -5.0139
v  7.0990 12.0778 12.3513
v  7.0990 12.0778 6.2207
v  7.0315 12.0389 6.2207
v  7.0315 12.0389 12.2838
v  7.0990 11.9999 12.3513
v  7.0990 11.9999 6.2207
v  2.5868 12.0779 12.3513
v  2.5193 12.0389 12.2838
v  2.5868 11.9999 12.3513
v  2.5868 12.0779 34.2289
v  2.5193 12.0389 34.1614
v  2.5868 11.9999 34.2290
v  -0.0122 12.0779 34.2289
v  -0.0122 12.0389 34.1614
v  -0.0122 11.9999 34.2290
v  7.0691 12.0106 6.3865
v  7.0691 9.7488 6.3865
v  7.0016 9.7488 6.4254
v  7.0016 12.0106 6.4254
v  7.0691 12.0106 6.4644
v  7.0691 9.7488 6.4644
v  7.0691 12.0106 12.3424
v  7.0691 9.7488 12.3424
v  7.0016 9.7488 12.3814
v  7.0016 12.0106 12.3814
v  7.0691 12.0106 12.4203
v  7.0691 9.7488 12.4203
v  2.5481 12.0106 26.3744
v  2.5481 9.7488 26.3744
v  2.4806 9.7488 26.4133
v  2.4806 12.0106 26.4133
v  2.5481 12.0106 26.4523
v  2.5481 9.7488 26.4523
v  2.5481 12.0106 34.1305
v  2.5481 9.7488 34.1305
v  2.4806 9.7488 34.1695
v  2.4806 12.0106 34.1695
v  2.5481 12.0106 34.2084
v  2.5481 9.7488 34.2084
v  2.5481 12.0106 12.2957
v  2.5481 9.7488 12.2957
v  2.4806 9.7488 12.3346
v  2.4806 12.0106 12.3346
v  2.5481 12.0106 12.3736
v  2.5481 9.7488 12.3736
v  7.0990 11.3569 12.3513
v  7.0990 11.3569 6.2207
v  7.0315 11.3179 6.2207
v  7.0315 11.3179 12.2838
v  7.0990 11.2790 12.3513
v  7.0990 11.2790 6.2207
v  2.5868 11.3569 12.3513
v  2.5193 11.3179 12.2838
v  2.5868 11.2790 12.3513
v  2.5868 11.3569 34.2289
v  2.5193 11.3179 34.1615
v  2.5868 11.2790 34.2290
v  -0.0122 11.3569 34.2289
v  -0.0122 11.3179 34.1615
v  -0.0122 11.2790 34.2290
v  -7.0560 12.0389 6.2207
v  -7.1235 12.0778 6.2207
v  -7.1235 12.0778 12.3513
v  -7.0560 12.0389 12.2838
v  -7.1235 11.9999 6.2207
v  -7.1235 11.9999 12.3513
v  -2.6112 12.0779 12.3513
v  -2.5437 12.0389 12.2838
v  -2.6112 11.9999 12.3513
v  -2.6112 12.0779 34.2289
v  -2.5437 12.0389 34.1614
v  -2.6112 11.9999 34.2290
v  -7.0260 9.7488 6.4254
v  -7.0935 9.7488 6.3865
v  -7.0935 12.0106 6.3865
v  -7.0260 12.0106 6.4254
v  -7.0935 9.7488 6.4644
v  -7.0935 12.0106 6.4644
v  -7.0260 9.7488 12.3814
v  -7.0935 9.7488 12.3424
v  -7.0935 12.0106 12.3424
v  -7.0260 12.0106 12.3814
v  -7.0935 9.7488 12.4203
v  -7.0935 12.0106 12.4203
v  -2.5051 9.7488 26.4133
v  -2.5726 9.7488 26.3744
v  -2.5726 12.0106 26.3744
v  -2.5051 12.0106 26.4133
v  -2.5726 9.7488 26.4523
v  -2.5726 12.0106 26.4523
v  -2.5051 9.7488 34.1695
v  -2.5726 9.7488 34.1305
v  -2.5726 12.0106 34.1305
v  -2.5051 12.0106 34.1695
v  -2.5726 9.7488 34.2084
v  -2.5726 12.0106 34.2084
v  -2.5051 9.7488 12.3347
v  -2.5726 9.7488 12.2957
v  -2.5726 12.0106 12.2957
v  -2.5051 12.0106 12.3347
v  -2.5726 9.7488 12.3736
v  -2.5726 12.0106 12.3736
v  -7.0560 11.3179 6.2207
v  -7.1235 11.3569 6.2207
v  -7.1235 11.3569 12.3513
v  -7.0560 11.3179 12.2838
v  -7.1235 11.2790 6.2207
v  -7.1235 11.2790 12.3513
v  -2.6112 11.3569 12.3513
v  -2.5437 11.3179 12.2838
v  -2.6112 11.2790 12.3513
v  -2.6112 11.3569 34.2289
v  -2.5437 11.3179 34.1615
v  -2.6112 11.2790 34.2290
v  7.6057 8.3872 66.7854
v  7.6057 8.3872 35.4126
v  7.5382 8.3482 35.4126
v  7.5382 8.3482 66.7179
v  7.6057 8.3093 66.7854
v  7.6057 8.3093 35.4126
v  -0.0122 8.3872 66.7854
v  -0.0122 8.3482 66.7179
v  -0.0122 8.3093 66.7854
v  7.5670 8.3208 52.0727
v  7.5670 6.5184 52.0727
v  7.4995 6.5184 52.1116
v  7.4995 8.3208 52.1116
v  7.5670 8.3208 52.1506
v  7.5670 6.5184 52.1506
v  7.5670 8.3209 59.3799
v  7.5670 6.5184 59.3799
v  7.4995 6.5184 59.4189
v  7.4995 8.3209 59.4189
v  7.5670 8.3209 59.4579
v  7.5670 6.5184 59.4579
v  7.5670 8.3209 66.6870
v  7.5670 6.5184 66.6870
v  7.4995 6.5184 66.7260
v  7.4995 8.3209 66.7260
v  7.5670 8.3209 66.7649
v  7.5670 6.5184 66.7649
v  7.5670 8.3208 44.7872
v  7.5670 6.5184 44.7872
v  7.4995 6.5184 44.8261
v  7.4995 8.3208 44.8261
v  7.5670 8.3208 44.8651
v  7.5670 6.5184 44.8651
v  7.6057 7.4937 66.7854
v  7.6057 7.4937 35.4126
v  7.5382 7.4547 35.4126
v  7.5382 7.4547 66.7179
v  7.6057 7.4157 66.7854
v  7.6057 7.4157 35.4126
v  -0.0122 7.4937 66.7854
v  -0.0122 7.4547 66.7179
v  -0.0122 7.4157 66.7854
v  7.5670 8.3208 37.4993
v  7.5670 6.5184 37.4993
v  7.4995 6.5184 37.5383
v  7.4995 8.3208 37.5383
v  7.5670 8.3208 37.5773
v  7.5670 6.5184 37.5773
v  -7.5626 8.3482 35.4126
v  -7.6301 8.3872 35.4126
v  -7.6301 8.3872 66.7854
v  -7.5626 8.3482 66.7179
v  -7.6301 8.3093 35.4126
v  -7.6301 8.3093 66.7854
v  -7.5239 6.5184 52.1116
v  -7.5914 6.5184 52.0727
v  -7.5914 8.3208 52.0727
v  -7.5239 8.3208 52.1116
v  -7.5914 6.5184 52.1506
v  -7.5914 8.3208 52.1506
v  -7.5239 6.5184 59.4189
v  -7.5914 6.5184 59.3799
v  -7.5914 8.3209 59.3799
v  -7.5239 8.3209 59.4189
v  -7.5914 6.5184 59.4579
v  -7.5914 8.3209 59.4579
v  -7.5239 6.5184 66.7260
v  -7.5914 6.5184 66.6870
v  -7.5914 8.3209 66.6870
v  -7.5239 8.3209 66.7260
v  -7.5914 6.5184 66.7649
v  -7.5914 8.3209 66.7649
v  -7.5239 6.5184 44.8261
v  -7.5914 6.5184 44.7872
v  -7.5914 8.3208 44.7872
v  -7.5239 8.3208 44.8261
v  -7.5914 6.5184 44.8651
v  -7.5914 8.3208 44.8651
v  -7.5626 7.4547 35.4126
v  -7.6301 7.4937 35.4126
v  -7.6301 7.4937 66.7854
v  -7.5626 7.4547 66.7179
v  -7.6301 7.4157 35.4126
v  -7.6301 7.4157 66.7854
v  -7.5239 6.5184 37.5383
v  -7.5914 6.5184 37.4993
v  -7.5914 8.3208 37.4993
v  -7.5239 8.3208 37.5383
v  -7.5914 6.5184 37.5773
v  -7.5914 8.3208 37.5773
v  8.1249 6.3702 12.4680
v  8.2097 6.3836 12.4680
v  8.2097 6.3836 35.3574
v  8.1249 6.3702 35.3574
v  7.5623 8.9551 12.4680
v  7.5623 8.9551 35.3574
v  7.6471 8.9685 35.3574
v  7.6471 8.9685 12.4680
v  -8.2614 6.3836 35.3574
v  -8.2614 6.3836 12.4680
v  -8.1766 6.3702 12.4680
v  -8.1766 6.3702 35.3574
v  -7.6987 8.9685 35.3574
v  -7.6139 8.9551 35.3574
v  -7.6139 8.9551 12.4680
v  -7.6987 8.9685 12.4680
v  -2.9612 7.0308 -45.4540
v  -3.0716 7.0308 -45.7205
v  -3.0716 6.2669 -45.7205
v  -2.9612 6.2669 -45.4540
v  -2.6947 7.0308 -45.3437
v  -2.6947 6.2669 -45.3437
v  -2.4282 7.0308 -45.4540
v  -2.4282 6.2669 -45.4540
v  -2.3179 7.0308 -45.7205
v  -2.3179 6.2669 -45.7205
v  -2.4282 7.0308 -45.9870
v  -2.4282 6.2669 -45.9870
v  -2.6947 7.0308 -46.0973
v  -2.6947 6.2669 -46.0973
v  -2.9612 7.0308 -45.9870
v  -2.9612 6.2669 -45.9870
v  -3.0354 7.1206 -45.3798
v  -3.1766 7.1206 -45.7205
v  -3.1766 7.0308 -45.7205
v  -3.0354 7.0308 -45.3798
v  -2.6947 7.1206 -45.2386
v  -2.6947 7.0308 -45.2386
v  -2.3540 7.1206 -45.3798
v  -2.3540 7.0308 -45.3798
v  -2.2129 7.1206 -45.7205
v  -2.2129 7.0308 -45.7205
v  -2.3540 7.1206 -46.0612
v  -2.3540 7.0308 -46.0612
v  -2.6947 7.1206 -46.2023
v  -2.6947 7.0308 -46.2023
v  -3.0354 7.1206 -46.0612
v  -3.0354 7.0308 -46.0612
v  -2.6947 7.1206 -45.7205
v  2.9367 7.0308 -45.4540
v  2.9367 6.2669 -45.4540
v  3.0471 6.2669 -45.7205
v  3.0471 7.0308 -45.7205
v  2.6702 7.0308 -45.3437
v  2.6702 6.2669 -45.3437
v  2.4038 7.0308 -45.4540
v  2.4038 6.2669 -45.4540
v  2.2934 7.0308 -45.7205
v  2.2934 6.2669 -45.7205
v  2.4038 7.0308 -45.9870
v  2.4038 6.2669 -45.9870
v  2.6702 7.0308 -46.0973
v  2.6702 6.2669 -46.0973
v  2.9367 7.0308 -45.9870
v  2.9367 6.2669 -45.9870
v  3.0110 7.1206 -45.3798
v  3.0110 7.0308 -45.3798
v  3.1521 7.0308 -45.7205
v  3.1521 7.1206 -45.7205
v  2.6702 7.1206 -45.2386
v  2.6702 7.0308 -45.2386
v  2.3295 7.1206 -45.3798
v  2.3295 7.0308 -45.3798
v  2.1884 7.1206 -45.7205
v  2.1884 7.0308 -45.7205
v  2.3295 7.1206 -46.0612
v  2.3295 7.0308 -46.0612
v  2.6702 7.1206 -46.2023
v  2.6702 7.0308 -46.2023
v  3.0110 7.1206 -46.0612
v  3.0110 7.0308 -46.0612
v  2.6702 7.1206 -45.7205
v  1.1157 7.2724 -45.7685
v  1.1157 7.2740 -45.3423
v  0.9209 7.1615 -45.3419
v  0.9209 7.1600 -45.7332
v  1.1157 7.4971 -45.8389
v  1.1157 7.4990 -45.3432
v  0.9209 7.6095 -45.8741
v  0.9209 7.6115 -45.3436
v  0.7260 7.4971 -45.8389
v  0.7260 7.4990 -45.3432
v  0.7260 7.2724 -45.7685
v  0.7260 7.2740 -45.3423
v  1.1157 6.9397 -46.2507
v  0.9209 6.8703 -46.1533
v  1.1157 7.0786 -46.4457
v  0.9209 7.1480 -46.5432
v  0.7260 7.0786 -46.4457
v  0.7260 6.9397 -46.2507
v  1.1157 6.4949 -46.3742
v  0.9209 6.4794 -46.2618
v  1.1157 6.5257 -46.5992
v  0.9209 6.5412 -46.7116
v  0.7260 6.5257 -46.5992
v  0.7260 6.4949 -46.3742
v  1.1157 5.8032 -46.3755
v  0.9209 5.8030 -46.2631
v  1.1157 5.8036 -46.6005
v  0.9209 5.8038 -46.7131
v  0.7260 5.8036 -46.6005
v  0.7260 5.8032 -46.3755
v  -0.9453 7.1615 -45.3419
v  -1.1402 7.2740 -45.3423
v  -1.1402 7.2724 -45.7685
v  -0.9453 7.1600 -45.7332
v  -1.1402 7.4990 -45.3432
v  -1.1402 7.4971 -45.8389
v  -0.9453 7.6115 -45.3436
v  -0.9453 7.6095 -45.8741
v  -0.7505 7.4990 -45.3432
v  -0.7505 7.4971 -45.8389
v  -0.7505 7.2740 -45.3423
v  -0.7505 7.2724 -45.7685
v  -1.1402 6.9397 -46.2507
v  -0.9453 6.8703 -46.1533
v  -1.1402 7.0786 -46.4457
v  -0.9453 7.1480 -46.5432
v  -0.7505 7.0786 -46.4457
v  -0.7505 6.9397 -46.2507
v  -1.1402 6.4949 -46.3742
v  -0.9453 6.4794 -46.2618
v  -1.1402 6.5257 -46.5992
v  -0.9453 6.5412 -46.7116
v  -0.7505 6.5257 -46.5992
v  -0.7505 6.4949 -46.3742
v  -1.1402 5.8032 -46.3755
v  -0.9453 5.8030 -46.2631
v  -1.1402 5.8036 -46.6005
v  -0.9453 5.8038 -46.7131
v  -0.7505 5.8036 -46.6005
v  -0.7505 5.8032 -46.3755
v  -0.2073 8.4975 -41.7727
v  -0.1053 8.6741 -41.7727
v  -0.1053 8.6741 -42.5356
v  -0.2073 8.4975 -42.5356
v  0.0986 8.6741 -41.7727
v  0.0986 8.6741 -42.5356
v  0.2006 8.4975 -41.7727
v  0.2006 8.4975 -42.5356
v  0.0986 8.3209 -41.7727
v  0.0986 8.3209 -42.5356
v  -0.1053 8.3209 -41.7727
v  -0.1053 8.3209 -42.5356
v  -0.1053 8.6741 -45.2187
v  0.0986 8.6741 -45.2187
v  0.2006 8.4975 -45.2187
v  -0.1053 8.3209 -45.2187
v  0.0986 8.3209 -45.2187
v  -0.2073 8.4975 -45.2187
v  -0.0751 8.6217 -42.5356
v  -0.1468 8.4975 -42.5356
v  0.0683 8.6217 -42.5356
v  0.1401 8.4975 -42.5356
v  0.0683 8.3733 -42.5356
v  -0.0751 8.3733 -42.5356
v  -0.0751 8.6217 -44.7078
v  -0.1468 8.4975 -44.7078
v  0.0683 8.6217 -44.7078
v  0.1401 8.4975 -44.7078
v  0.0683 8.3733 -44.7078
v  -0.0751 8.3733 -44.7078
v  -0.1053 8.6741 -44.7078
v  -0.2073 8.4975 -44.7078
v  0.0986 8.6741 -44.7078
v  0.2006 8.4975 -44.7078
v  0.0986 8.3209 -44.7078
v  -0.1053 8.3209 -44.7078
v  -2.1198 6.7656 -43.7482
v  -2.1198 6.7656 -37.4149
v  1.9701 6.7656 -37.4149
v  1.9701 6.7656 -43.7482
v  1.9701 5.1375 -37.4149
v  1.9701 5.1375 -44.8060
v  -2.1198 5.1375 -44.8060
v  -2.1198 5.1375 -37.4149
v  -0.0122 9.8898 -40.5263
v  -1.2060 9.4882 -40.5263
v  -0.8563 9.4882 -39.6822
v  -0.0122 9.4882 -39.3326
v  0.8319 9.4882 -39.6822
v  1.1815 9.4882 -40.5263
v  0.8319 9.4882 -41.3704
v  0.2008 9.4882 -41.6318
v  -0.0122 9.5610 -41.5038
v  -0.2253 9.4882 -41.6318
v  -0.8563 9.4882 -41.3704
v  -1.0148 8.9344 -39.5237
v  -1.4301 8.9344 -40.5263
v  -0.0122 8.9344 -39.1084
v  0.9904 8.9344 -39.5237
v  1.4057 8.9344 -40.5263
v  0.9904 8.9344 -41.5289
v  0.1998 8.9344 -41.8564
v  -1.0148 8.9344 -41.5289
v  -0.2243 8.9344 -41.8564
v  -1.0671 8.3020 -39.4715
v  -1.5040 8.3020 -40.5263
v  -0.0122 8.3020 -39.0345
v  1.0426 8.3020 -39.4715
v  1.4795 8.3020 -40.5263
v  1.0426 8.3020 -41.5812
v  0.1987 8.3020 -41.9307
v  -1.0671 8.3020 -41.5812
v  -0.2232 8.3020 -41.9307
v  -1.0671 7.4041 -39.4715
v  -1.5040 7.4041 -40.5263
v  -0.0122 7.4041 -39.0345
v  1.0426 7.4041 -39.4715
v  1.4795 7.4041 -40.5263
v  1.0426 7.4041 -41.5812
v  0.1986 7.4041 -41.9308
v  -1.0671 7.4041 -41.5812
v  -0.2231 7.4041 -41.9308
v  -0.9312 6.8756 -41.4453
v  -0.0122 6.8756 -41.8260
v  0.9068 6.8756 -41.4453
v  -0.9312 6.8756 -39.6073
v  1.2874 6.8756 -40.5263
v  0.9068 6.8756 -39.6073
v  -0.0122 6.8756 -39.2266
v  -1.3119 6.8756 -40.5263
v  -1.5040 7.1759 -40.5263
v  -1.0671 7.1759 -39.4715
v  -1.0671 7.1759 -41.5812
v  -0.0122 7.1759 -42.0181
v  1.0426 7.1759 -41.5812
v  1.4795 7.1759 -40.5263
v  1.0426 7.1759 -39.4715
v  -0.0122 7.1759 -39.0345
v  -1.0649 7.1759 -40.5263
v  -0.7566 7.1759 -39.7820
v  -0.7566 7.1759 -41.2707
v  -0.0122 7.1759 -41.5790
v  0.7321 7.1759 -41.2707
v  1.0405 7.1759 -40.5263
v  0.7321 7.1759 -39.7820
v  -0.0122 7.1759 -39.4736
v  -1.0649 6.9984 -40.5263
v  -0.7566 6.9984 -39.7820
v  -0.7566 6.9984 -41.2707
v  -0.0122 6.9984 -41.5790
v  0.7321 6.9984 -41.2707
v  1.0405 6.9984 -40.5263
v  0.7321 6.9984 -39.7820
v  -0.0122 6.9984 -39.4736
v  0.0897 9.2799 -41.1632
v  -0.0122 9.3404 -41.1437
v  -0.1142 9.2799 -41.1632
v  0.0908 8.7988 -41.3713
v  -0.1153 8.7988 -41.3713
v  0.0895 8.2699 -41.4256
v  -0.1140 8.2699 -41.4256
v  0.0893 7.4041 -41.4241
v  -0.1138 7.4041 -41.4241
v  -0.0122 7.3031 -41.4243
v  -0.2109 7.2510 -40.7405
v  -0.2109 7.4772 -41.4369
v  0.1836 7.4772 -41.4369
v  0.1836 7.2510 -40.7405
v  -0.2109 8.0696 -41.8673
v  0.1836 8.0696 -41.8673
v  -0.2109 8.8018 -41.8673
v  0.1836 8.8018 -41.8673
v  -0.2109 9.3942 -41.4369
v  0.1836 9.3942 -41.4369
v  -0.2109 9.6205 -40.7405
v  0.1836 9.6205 -40.7405
v  -0.2109 9.3942 -40.0442
v  0.1836 9.3942 -40.0442
v  -0.2109 8.8018 -39.6138
v  0.1836 8.8018 -39.6138
v  -0.2109 8.0696 -39.6138
v  0.1836 8.0696 -39.6138
v  -0.2109 7.4772 -40.0442
v  0.1836 7.4772 -40.0442
v  -0.0122 12.3849 -24.6761
v  0.1588 12.3849 -24.6052
v  0.2296 12.3849 -24.4342
v  -0.2541 12.3849 -24.4342
v  0.1588 12.3849 -24.2632
v  -0.0122 12.3849 -24.1924
v  -0.1832 12.3849 -24.2632
v  -0.1832 12.3849 -24.6052
v  -0.1832 14.1454 -24.2632
v  -0.2541 14.1454 -24.4342
v  -0.0122 14.1454 -24.1924
v  0.1588 14.1454 -24.2632
v  0.2296 14.1454 -24.4342
v  0.1588 14.1454 -24.6052
v  -0.0122 14.1454 -24.6761
v  -0.1832 14.1454 -24.6052
v  0.6171 14.1927 -25.1826
v  0.6171 13.7633 -24.0029
v  -0.6416 13.7633 -24.0029
v  -0.6416 14.1927 -25.1826
v  0.6171 14.7639 -24.9747
v  -0.6416 14.7639 -24.9747
v  -0.6416 14.3345 -23.7949
v  0.6171 14.3345 -23.7949
v  -0.6416 14.4721 -25.7825
v  -0.6416 14.5927 -25.7387
v  0.6171 14.5927 -25.7387
v  0.6171 14.4721 -25.7825
v  -0.6416 13.9378 -23.9393
v  -0.6416 14.3672 -25.1191
v  0.6171 13.3368 -22.8310
v  0.6171 13.5113 -22.7675
v  -0.6416 13.5113 -22.7675
v  -0.6416 13.3368 -22.8310
v  0.6171 14.3672 -25.1191
v  0.6171 13.9378 -23.9393
v  0.6171 13.5332 -23.3708
v  -0.6416 13.5332 -23.3708
v  -0.6416 13.5668 -23.4631
v  0.6171 13.5668 -23.4631
v  0.6171 13.7077 -23.3073
v  0.6171 13.7413 -23.3996
v  -0.6416 14.0977 -23.1654
v  0.6171 14.0977 -23.1654
v  0.6171 14.1313 -23.2577
v  -0.6416 14.1313 -23.2577
v  -0.6416 13.7077 -23.3073
v  -0.6416 13.7413 -23.3996
v  -0.3727 13.6627 -22.7904
v  -0.3277 13.7360 -22.7637
v  -0.3727 13.8092 -22.7371
v  -0.5077 13.7360 -22.7637
v  -0.4627 13.8092 -22.7371
v  -0.4627 13.6627 -22.7904
v  -0.4627 14.8530 -25.6048
v  -0.5077 14.7797 -25.6314
v  -0.3727 14.8530 -25.6048
v  -0.3277 14.7797 -25.6314
v  -0.3727 14.7065 -25.6581
v  -0.4627 14.7065 -25.6581
v  -0.1011 13.6627 -22.7904
v  -0.0561 13.7360 -22.7637
v  -0.1011 13.8092 -22.7371
v  -0.2361 13.7360 -22.7637
v  -0.1911 13.8092 -22.7371
v  -0.1911 13.6627 -22.7904
v  -0.1911 14.8530 -25.6048
v  -0.2361 14.7797 -25.6314
v  -0.1011 14.8530 -25.6048
v  -0.0561 14.7797 -25.6314
v  -0.1011 14.7065 -25.6581
v  -0.1911 14.7065 -25.6581
v  0.1732 13.6627 -22.7904
v  0.2182 13.7360 -22.7637
v  0.1732 13.8092 -22.7371
v  0.0382 13.7360 -22.7637
v  0.0832 13.8092 -22.7371
v  0.0832 13.6627 -22.7904
v  0.0832 14.8530 -25.6048
v  0.0382 14.7797 -25.6314
v  0.1732 14.8530 -25.6048
v  0.2182 14.7797 -25.6314
v  0.1732 14.7065 -25.6581
v  0.0832 14.7065 -25.6581
v  0.4550 13.6627 -22.7904
v  0.5000 13.7360 -22.7637
v  0.4550 13.8092 -22.7371
v  0.3200 13.7360 -22.7637
v  0.3650 13.8092 -22.7371
v  0.3650 13.6627 -22.7904
v  0.3650 14.8530 -25.6048
v  0.3200 14.7797 -25.6314
v  0.4550 14.8530 -25.6048
v  0.5000 14.7797 -25.6314
v  0.4550 14.7065 -25.6581
v  0.3650 14.7065 -25.6581
v  -0.2541 10.4841 31.5303
v  -0.1832 10.4841 31.3593
v  -0.0122 10.4841 31.2885
v  0.2296 10.4841 31.5303
v  0.1588 10.4841 31.3593
v  0.1588 10.4841 31.7014
v  -0.0122 10.4841 31.7722
v  -0.1832 10.4841 31.7014
v  -0.2541 12.2447 31.5303
v  -0.1832 12.2447 31.3593
v  -0.0122 12.2447 31.2885
v  0.1588 12.2447 31.3593
v  0.2296 12.2447 31.5303
v  0.1588 12.2447 31.7014
v  -0.0122 12.2447 31.7722
v  -0.1832 12.2447 31.7014
v  0.6171 12.2920 32.2788
v  -0.6416 12.2920 32.2788
v  -0.6416 11.8626 31.0990
v  0.6171 11.8626 31.0990
v  0.6171 12.8632 32.0709
v  0.6171 12.4338 30.8911
v  -0.6416 12.4338 30.8911
v  -0.6416 12.8632 32.0709
v  -0.6416 12.5714 32.8786
v  0.6171 12.5714 32.8786
v  0.6171 12.6919 32.8348
v  -0.6416 12.6919 32.8348
v  -0.6416 12.4665 32.2153
v  -0.6416 12.0370 31.0355
v  0.6171 11.4360 29.9271
v  -0.6416 11.4360 29.9271
v  -0.6416 11.6105 29.8636
v  0.6171 11.6105 29.8636
v  0.6171 12.0370 31.0355
v  0.6171 12.4665 32.2153
v  0.6171 11.6325 30.4669
v  0.6171 11.6661 30.5592
v  -0.6416 11.6661 30.5592
v  -0.6416 11.6325 30.4669
v  0.6171 11.8070 30.4034
v  0.6171 11.8406 30.4957
v  -0.6416 12.1969 30.2615
v  -0.6416 12.2305 30.3538
v  0.6171 12.2305 30.3538
v  0.6171 12.1969 30.2615
v  -0.6416 11.8406 30.4957
v  -0.6416 11.8070 30.4034
v  -0.5077 11.8352 29.8599
v  -0.4627 11.9085 29.8332
v  -0.3727 11.9085 29.8332
v  -0.3727 11.7620 29.8865
v  -0.3277 11.8352 29.8599
v  -0.4627 11.7620 29.8865
v  -0.5077 12.8790 32.7275
v  -0.4627 12.9522 32.7009
v  -0.3727 12.9522 32.7009
v  -0.3277 12.8790 32.7275
v  -0.3727 12.8057 32.7542
v  -0.4627 12.8057 32.7542
v  -0.2361 11.8352 29.8599
v  -0.1911 11.9085 29.8332
v  -0.1011 11.9085 29.8332
v  -0.1011 11.7620 29.8865
v  -0.0561 11.8352 29.8599
v  -0.1911 11.7620 29.8865
v  -0.2361 12.8790 32.7275
v  -0.1911 12.9522 32.7009
v  -0.1011 12.9522 32.7009
v  -0.0561 12.8790 32.7275
v  -0.1011 12.8057 32.7542
v  -0.1911 12.8057 32.7542
v  0.0382 11.8352 29.8599
v  0.0832 11.9085 29.8332
v  0.1732 11.9085 29.8332
v  0.1732 11.7620 29.8865
v  0.2182 11.8352 29.8599
v  0.0832 11.7620 29.8865
v  0.0382 12.8790 32.7275
v  0.0832 12.9522 32.7009
v  0.1732 12.9522 32.7009
v  0.2182 12.8790 32.7275
v  0.1732 12.8057 32.7542
v  0.0832 12.8057 32.7542
v  0.3200 11.8352 29.8599
v  0.3650 11.9085 29.8332
v  0.4550 11.9085 29.8332
v  0.4550 11.7620 29.8865
v  0.5000 11.8352 29.8599
v  0.3650 11.7620 29.8865
v  0.3200 12.8790 32.7275
v  0.3650 12.9522 32.7009
v  0.4550 12.9522 32.7009
v  0.5000 12.8790 32.7275
v  0.4550 12.8057 32.7542
v  0.3650 12.8057 32.7542
# 2117 vertices

vn -0.0000 1.0000 -0.0001
vn 0.0000 1.0000 -0.0001
vn 0.0000 0.4756 0.8796
vn -0.9975 0.0711 0.0016
vn -0.9966 0.0827 0.0007
vn -0.9799 0.1896 0.0622
vn -0.9837 0.1775 0.0271
vn 0.0000 1.0000 -0.0029
vn -0.0000 1.0000 -0.0029
vn 0.0000 1.0000 -0.0044
vn -0.0000 1.0000 -0.0044
vn -0.9822 0.1877 -0.0016
vn -0.9987 -0.0505 -0.0020
vn 0.0000 1.0000 -0.0059
vn -0.0000 1.0000 -0.0059
vn -0.9985 -0.0462 -0.0279
vn -0.9994 -0.0352 -0.0074
vn -0.9696 0.2447 0.0073
vn -0.9568 0.2907 0.0009
vn 0.0000 1.0000 0.0025
vn -0.0000 1.0000 -0.0019
vn -0.0000 1.0000 -0.0017
vn -0.0000 1.0000 0.0025
vn -0.9805 -0.1550 -0.1205
vn -0.9890 -0.1261 -0.0778
vn -0.9663 0.2542 -0.0397
vn -0.9635 0.2484 -0.1001
vn -0.0000 1.0000 0.0026
vn 0.0000 1.0000 0.0026
vn -0.9711 -0.0225 -0.2376
vn -0.9796 -0.0629 -0.1911
vn -0.9009 0.3955 -0.1789
vn -0.8684 0.4529 -0.2020
vn -0.0007 1.0000 0.0011
vn 0.0000 1.0000 0.0020
vn -0.0000 1.0000 0.0019
vn -0.0000 1.0000 0.0011
vn -0.9420 -0.1973 -0.2714
vn -0.9509 -0.1834 -0.2492
vn -0.9479 0.1878 -0.2572
vn -0.9571 0.1060 -0.2696
vn -0.0028 1.0000 0.0045
vn -0.0000 1.0000 0.0077
vn -0.0000 0.9999 0.0120
vn -0.0000 0.0205 -0.9998
vn -0.0000 -0.3425 -0.9395
vn -0.9127 -0.2759 -0.3014
vn -0.9426 -0.1233 -0.3103
vn -0.8977 0.3840 -0.2161
vn -0.9652 -0.0727 -0.2510
vn -0.9739 0.1859 -0.1306
vn -0.9733 -0.1743 -0.1493
vn 0.0000 1.0000 -0.0060
vn 0.0000 1.0000 -0.0061
vn -0.9519 0.3063 -0.0108
vn -0.9961 -0.0710 -0.0526
vn -0.0000 1.0000 -0.0060
vn -0.9990 0.0453 0.0012
vn -0.9768 0.2141 0.0015
vn -0.9768 0.2140 0.0025
vn -0.2555 -0.9661 0.0359
vn -0.1652 -0.9858 0.0315
vn -0.5282 -0.8485 0.0308
vn -0.6135 -0.7894 0.0197
vn -0.0780 -0.9956 0.0519
vn -0.1307 -0.9900 0.0530
vn 0.0000 -0.9985 0.0553
vn 0.0000 -0.9976 0.0694
vn -0.9810 -0.1939 0.0055
vn -0.9628 -0.2696 0.0187
vn -0.9991 0.0422 0.0058
vn -0.8652 -0.5008 0.0273
vn -0.9066 -0.4219 0.0126
vn -0.2857 -0.9577 0.0342
vn 0.0000 -0.9992 0.0389
vn -0.4388 -0.8982 0.0252
vn -0.7819 -0.6233 0.0101
vn -0.9646 -0.2638 -0.0006
vn -0.9945 -0.1048 -0.0018
vn -0.7801 -0.6257 -0.0065
vn -0.4398 -0.8981 0.0049
vn 0.0000 -0.9998 0.0197
vn -0.2896 -0.9571 0.0142
vn -0.4965 -0.8681 -0.0008
vn 0.0000 -1.0000 0.0071
vn -0.9943 -0.1061 -0.0080
vn -0.9637 -0.2669 -0.0109
vn -0.8915 -0.4496 -0.0558
vn -0.7800 -0.6234 -0.0548
vn -0.6888 -0.7222 -0.0638
vn -0.7580 -0.6472 -0.0807
vn -0.6182 -0.7856 -0.0265
vn -0.5551 -0.8316 -0.0200
vn -0.6958 -0.7174 -0.0361
vn 0.0000 -1.0000 -0.0043
vn -0.0000 -1.0000 -0.0085
vn -0.8209 -0.5632 -0.0943
vn -0.8276 -0.5477 -0.1226
vn -0.8492 -0.5131 -0.1250
vn -0.6257 -0.7795 -0.0283
vn -0.7998 -0.5918 -0.1006
vn 0.0000 -1.0000 -0.0066
vn -0.9137 -0.3993 -0.0764
vn -0.8834 -0.4568 -0.1046
vn -0.8608 -0.4930 -0.1266
vn -0.8725 -0.4779 -0.1016
vn -0.8526 -0.5070 -0.1265
vn -0.8568 -0.5027 -0.1149
vn -0.9406 -0.3373 -0.0376
vn -0.8674 -0.4864 -0.1050
vn -0.8959 -0.4287 -0.1168
vn -0.8862 -0.4568 -0.0773
vn -0.7978 -0.6008 -0.0514
vn -0.9228 -0.3678 -0.1147
vn 0.0000 -0.9735 -0.2285
vn 0.0000 -0.9949 -0.1014
vn -0.9097 -0.3904 -0.1414
vn -0.8705 -0.4732 -0.1353
vn -0.8738 -0.4594 -0.1594
vn -0.8617 -0.4917 -0.1254
vn -0.0000 -0.9998 -0.0191
vn -0.8393 -0.5292 -0.1245
vn -0.8460 -0.5129 -0.1457
vn -0.8487 -0.5098 -0.1410
vn -0.8481 -0.5141 -0.1280
vn -0.8471 -0.5044 -0.1671
vn -0.8446 -0.5076 -0.1703
vn -0.9089 -0.3772 -0.1780
vn -0.9051 -0.3749 -0.2005
vn -0.9377 -0.3058 -0.1646
vn -0.9313 -0.3333 -0.1470
vn -0.9453 -0.2835 -0.1615
vn 0.0000 -0.8739 -0.4862
vn -0.0000 -0.8886 -0.4588
vn -0.9044 -0.3763 -0.2010
vn -0.8650 -0.4510 -0.2201
vn -0.8731 -0.4391 -0.2118
vn -0.8687 -0.4542 -0.1975
vn 0.0000 -0.9315 -0.3638
vn -0.8390 -0.5005 -0.2135
vn -0.8275 -0.5104 -0.2338
vn -0.8380 -0.4943 -0.2310
vn -0.8398 -0.5020 -0.2067
vn -0.8495 -0.4770 -0.2252
vn -0.8207 -0.5242 -0.2271
vn -0.8966 -0.3954 -0.1995
vn -0.9350 -0.3117 -0.1692
vn -0.9514 -0.2793 -0.1300
vn -0.9513 -0.2707 -0.1476
vn -0.0000 -0.8411 -0.5410
vn -0.9044 -0.3743 -0.2047
vn -0.0000 -0.8472 -0.5313
vn -0.8879 -0.4140 -0.2005
vn -0.0000 -0.8531 -0.5218
vn -0.0000 -0.9200 -0.3919
vn -0.8422 -0.4845 -0.2367
vn -0.8614 -0.4346 -0.2628
vn -0.8708 -0.4324 -0.2338
vn -0.8634 -0.4551 -0.2175
vn -0.0000 -0.8340 -0.5517
vn -0.0000 -0.8102 -0.5862
vn -0.9990 -0.0455 -0.0021
vn -0.0183 0.9998 -0.0040
vn -0.0018 1.0000 0.0003
vn -0.0005 1.0000 0.0007
vn -0.0002 1.0000 0.0025
vn 0.0000 1.0000 0.0024
vn -0.0000 1.0000 0.0024
vn 0.0003 1.0000 -0.0059
vn 0.8496 0.4308 0.3042
vn 0.8819 0.3982 0.2523
vn 0.8876 0.3843 0.2539
vn 0.9086 0.3610 0.2102
vn 0.9131 0.3488 0.2112
vn 0.9179 0.3354 0.2122
vn 0.9343 0.3162 0.1649
vn 0.9460 0.3024 0.1172
vn 0.9513 0.2988 0.0756
vn 0.9477 0.3191 -0.0002
vn -0.0020 -0.2887 0.9574
vn -0.0026 -0.2689 0.9632
vn 0.0000 -0.2749 0.9615
vn 0.0000 -0.2840 0.9588
vn -0.9766 0.2149 0.0008
vn -0.0007 -0.2468 0.9691
vn -0.0000 -0.2525 0.9676
vn 0.0008 -0.2352 0.9719
vn -0.0000 -0.2319 0.9727
vn 0.0003 -0.2207 0.9753
vn 0.0000 -0.2313 0.9729
vn 0.0016 -0.2334 0.9724
vn 0.0000 -0.2368 0.9716
vn 0.0013 -0.2321 0.9727
vn 0.9975 0.0711 0.0016
vn 0.9837 0.1775 0.0271
vn 0.9799 0.1896 0.0622
vn 0.9966 0.0827 0.0007
vn 0.9987 -0.0511 -0.0012
vn 0.9820 0.1889 -0.0001
vn 0.9985 -0.0462 -0.0279
vn 0.9568 0.2907 0.0009
vn 0.9692 0.2461 0.0052
vn 0.9993 -0.0359 -0.0085
vn 0.0000 1.0000 -0.0019
vn 0.9805 -0.1550 -0.1205
vn 0.9635 0.2484 -0.1001
vn 0.9663 0.2542 -0.0397
vn 0.9890 -0.1261 -0.0778
vn 0.9711 -0.0225 -0.2376
vn 0.8684 0.4529 -0.2020
vn 0.9009 0.3955 -0.1789
vn 0.9796 -0.0629 -0.1911
vn 0.0007 1.0000 0.0011
vn -0.0000 1.0000 0.0020
vn 0.9420 -0.1973 -0.2714
vn 0.9571 0.1060 -0.2696
vn 0.9479 0.1878 -0.2572
vn 0.9509 -0.1834 -0.2492
vn 0.0028 1.0000 0.0045
vn 0.9426 -0.1233 -0.3103
vn 0.9127 -0.2759 -0.3014
vn 0.8977 0.3840 -0.2161
vn 0.9652 -0.0727 -0.2510
vn 0.9739 0.1859 -0.1306
vn 0.9733 -0.1743 -0.1493
vn -0.0000 1.0000 -0.0061
vn 0.9519 0.3063 -0.0108
vn 0.9961 -0.0710 -0.0526
vn 0.9990 0.0453 0.0012
vn 0.9768 0.2140 0.0025
vn 0.9768 0.2141 0.0015
vn 0.2555 -0.9661 0.0359
vn 0.6135 -0.7894 0.0197
vn 0.5282 -0.8485 0.0308
vn 0.1652 -0.9858 0.0315
vn 0.0780 -0.9956 0.0519
vn 0.1307 -0.9900 0.0530
vn 0.9810 -0.1939 0.0055
vn 0.9991 0.0422 0.0058
vn 0.9628 -0.2696 0.0187
vn 0.8652 -0.5008 0.0273
vn 0.9066 -0.4219 0.0126
vn 0.2857 -0.9577 0.0342
vn 0.4388 -0.8982 0.0252
vn 0.7819 -0.6233 0.0101
vn 0.9646 -0.2638 -0.0006
vn 0.9945 -0.1048 -0.0018
vn 0.7801 -0.6257 -0.0065
vn 0.4398 -0.8981 0.0049
vn 0.4965 -0.8681 -0.0008
vn 0.2896 -0.9571 0.0142
vn 0.9943 -0.1061 -0.0080
vn 0.7800 -0.6234 -0.0548
vn 0.8915 -0.4496 -0.0558
vn 0.9637 -0.2669 -0.0109
vn 0.6888 -0.7222 -0.0638
vn 0.5551 -0.8316 -0.0200
vn 0.6182 -0.7856 -0.0265
vn 0.7580 -0.6472 -0.0807
vn 0.6958 -0.7174 -0.0361
vn 0.8209 -0.5632 -0.0943
vn 0.8492 -0.5131 -0.1250
vn 0.8276 -0.5477 -0.1226
vn 0.7998 -0.5918 -0.1006
vn 0.6257 -0.7795 -0.0283
vn 0.9137 -0.3993 -0.0764
vn 0.8725 -0.4779 -0.1016
vn 0.8608 -0.4930 -0.1266
vn 0.8834 -0.4568 -0.1046
vn 0.8526 -0.5070 -0.1265
vn 0.8568 -0.5027 -0.1149
vn 0.9406 -0.3373 -0.0376
vn 0.8674 -0.4864 -0.1050
vn 0.7978 -0.6008 -0.0514
vn 0.8862 -0.4568 -0.0773
vn 0.8959 -0.4287 -0.1168
vn 0.9228 -0.3678 -0.1147
vn 0.9097 -0.3904 -0.1414
vn 0.8738 -0.4594 -0.1594
vn 0.8705 -0.4732 -0.1353
vn 0.8617 -0.4917 -0.1254
vn 0.8393 -0.5292 -0.1245
vn 0.8481 -0.5141 -0.1280
vn 0.8487 -0.5098 -0.1410
vn 0.8460 -0.5129 -0.1457
vn 0.8471 -0.5044 -0.1671
vn 0.8446 -0.5076 -0.1703
vn 0.9089 -0.3772 -0.1780
vn 0.9313 -0.3333 -0.1470
vn 0.9377 -0.3058 -0.1646
vn 0.9051 -0.3749 -0.2005
vn 0.9453 -0.2835 -0.1615
vn 0.9044 -0.3763 -0.2010
vn 0.8731 -0.4391 -0.2118
vn 0.8650 -0.4510 -0.2201
vn 0.8687 -0.4542 -0.1975
vn 0.8390 -0.5005 -0.2135
vn 0.8398 -0.5020 -0.2067
vn 0.8380 -0.4943 -0.2310
vn 0.8275 -0.5104 -0.2338
vn 0.8495 -0.4770 -0.2252
vn 0.8207 -0.5242 -0.2271
vn 0.8966 -0.3954 -0.1995
vn 0.9513 -0.2707 -0.1476
vn 0.9514 -0.2793 -0.1300
vn 0.9350 -0.3117 -0.1692
vn 0.9044 -0.3743 -0.2047
vn 0.8879 -0.4140 -0.2005
vn 0.8422 -0.4845 -0.2367
vn 0.8634 -0.4551 -0.2175
vn 0.8708 -0.4324 -0.2338
vn 0.8614 -0.4346 -0.2628
vn 0.9989 -0.0467 -0.0019
vn 0.0183 0.9998 -0.0040
vn 0.0018 1.0000 0.0003
vn 0.0005 1.0000 0.0007
vn 0.0002 1.0000 0.0025
vn -0.0003 1.0000 -0.0059
vn -0.8496 0.4308 0.3042
vn -0.8819 0.3982 0.2523
vn -0.8876 0.3843 0.2539
vn -0.9086 0.3610 0.2102
vn -0.9131 0.3488 0.2112
vn -0.9179 0.3354 0.2122
vn -0.9343 0.3162 0.1649
vn -0.9460 0.3024 0.1172
vn -0.9513 0.2988 0.0756
vn -0.9477 0.3191 -0.0002
vn 0.0020 -0.2887 0.9574
vn 0.0026 -0.2689 0.9632
vn 0.9766 0.2149 0.0008
vn 0.0007 -0.2468 0.9691
vn -0.0008 -0.2352 0.9719
vn -0.0003 -0.2207 0.9753
vn -0.0016 -0.2334 0.9724
vn -0.0013 -0.2321 0.9727
vn -0.0000 0.6694 -0.7429
vn 0.0000 0.6694 -0.7429
vn -0.0000 1.0000 -0.0030
vn -0.0000 1.0000 -0.0033
vn -0.0000 1.0000 -0.0031
vn 0.0000 0.9999 -0.0127
vn -0.0000 1.0000 -0.0083
vn -0.0000 1.0000 -0.0078
vn -0.0000 0.9999 -0.0129
vn 0.0016 1.0000 -0.0051
vn 0.0008 1.0000 -0.0052
vn 0.0121 0.9999 -0.0072
vn 0.0168 0.9998 -0.0133
vn 0.0013 1.0000 -0.0034
vn 0.0033 1.0000 -0.0033
vn 0.0032 1.0000 -0.0032
vn 0.0006 1.0000 -0.0030
vn -0.0000 1.0000 -0.0028
vn 0.0004 1.0000 -0.0021
vn -0.0000 1.0000 -0.0022
vn -0.0000 1.0000 -0.0045
vn 0.0000 1.0000 -0.0077
vn -0.0108 0.9999 -0.0072
vn -0.0008 1.0000 -0.0053
vn -0.0015 1.0000 -0.0053
vn -0.0155 0.9998 -0.0134
vn -0.0013 1.0000 -0.0035
vn -0.0006 1.0000 -0.0030
vn -0.0029 1.0000 -0.0027
vn -0.0037 1.0000 -0.0028
vn 0.0000 1.0000 -0.0026
vn 0.0000 1.0000 -0.0028
vn -0.0002 1.0000 -0.0026
vn 0.0000 1.0000 -0.0045
vn 0.0000 0.2560 0.9667
vn 0.9779 0.2092 -0.0014
vn 0.9778 0.2093 -0.0013
vn 0.9779 0.2091 -0.0013
vn 0.9780 0.2085 -0.0040
vn 0.9782 0.2075 -0.0050
vn 0.9782 0.2076 -0.0081
vn 0.9781 0.2083 -0.0029
vn 0.5258 0.7687 -0.3643
vn -0.0000 0.6208 -0.7840
vn -0.9784 0.2066 -0.0021
vn -0.9785 0.2059 -0.0081
vn -0.9787 0.2054 -0.0050
vn -0.9784 0.2069 -0.0040
vn -0.9782 0.2075 -0.0013
vn -0.9782 0.2076 -0.0013
vn -0.9782 0.2075 -0.0014
vn 0.0073 0.4049 0.9143
vn 0.0000 1.0000 -0.0033
vn -0.0177 0.9997 -0.0184
vn 0.0000 1.0000 -0.0040
vn 0.0000 1.0000 -0.0030
vn 0.0146 0.9999 -0.0033
vn 0.0029 1.0000 -0.0034
vn 0.0286 0.9996 -0.0034
vn -0.4879 0.7866 -0.3786
vn -0.0000 0.2560 0.9667
vn 0.0190 0.9997 -0.0179
vn -0.0000 1.0000 -0.0040
vn -0.0001 1.0000 -0.0043
vn 0.0000 1.0000 -0.0017
vn 0.0007 0.4149 0.9098
vn 1.0000 0.0008 -0.0002
vn 0.9883 -0.1526 0.0023
vn 0.9444 -0.0682 -0.3218
vn -0.3580 -0.0238 0.9334
vn 0.9783 0.2070 -0.0050
vn -0.9786 0.2059 -0.0050
vn 0.0001 1.0000 -0.0043
vn -0.0041 1.0000 -0.0033
vn -0.0179 0.9998 -0.0029
vn -0.0373 0.9993 -0.0029
vn 0.3057 -0.0221 0.9519
vn -1.0000 0.0045 -0.0007
vn 1.0000 -0.0000 0.0007
vn 0.8542 -0.0049 -0.5200
vn 0.0112 -0.0082 -0.9999
vn -0.0111 -0.0082 -0.9999
vn -0.8477 -0.0050 -0.5304
vn -0.9997 0.0002 0.0247
vn -0.3520 -0.2653 0.8976
vn -0.0003 -0.4958 0.8684
vn 0.0003 -0.4962 0.8682
vn 0.3027 -0.4590 0.8352
vn -0.0002 -1.0000 0.0039
vn 0.0011 -0.9999 0.0122
vn 0.0000 -1.0000 0.0088
vn -0.0012 -0.9999 0.0121
vn 0.0001 -1.0000 0.0039
vn 0.0182 0.0087 0.9998
vn -0.0001 1.0000 -0.0039
vn 0.0012 0.9999 -0.0121
vn -0.0000 1.0000 -0.0088
vn 0.0000 1.0000 -0.0088
vn -0.0011 0.9999 -0.0122
vn 0.0002 1.0000 -0.0039
vn -0.0011 0.0087 1.0000
vn 0.9695 0.2451 -0.0029
vn 0.8160 0.5499 -0.1784
vn -0.8203 0.5521 -0.1493
vn -0.9507 0.3101 -0.0050
vn -0.0000 0.5554 0.8316
vn -1.0000 -0.0000 0.0000
vn 0.0000 0.5554 0.8316
vn 1.0000 0.0001 -0.0000
vn -0.0000 0.5094 0.8606
vn -0.9506 0.3105 -0.0026
vn 0.0000 0.5094 0.8606
vn 0.9689 0.2476 -0.0012
vn -0.0282 0.9995 -0.0126
vn 0.0085 0.9999 -0.0114
vn 0.0000 -0.4992 0.8665
vn 0.0000 0.5172 -0.8559
vn 0.0008 0.9999 -0.0121
vn 0.0366 0.4889 -0.8716
vn -0.9931 0.1169 -0.0009
vn 0.0004 -0.1501 0.9887
vn 0.0000 -0.1500 0.9887
vn -0.0004 -0.1501 0.9887
vn 0.9926 0.1210 0.0011
vn -0.0495 0.4881 -0.8714
vn 0.0006 0.4907 -0.8713
vn 0.0235 0.4832 -0.8752
vn -0.9878 0.1559 -0.0035
vn 0.0023 -0.1502 0.9887
vn 0.0000 -0.0091 1.0000
vn -0.0023 -0.1502 0.9886
vn 0.9869 0.1612 0.0027
vn -0.0421 0.4821 -0.8751
vn 0.0006 -0.1068 -0.9943
vn 0.0417 0.4884 -0.8716
vn -0.9931 0.1170 -0.0012
vn 0.0015 -0.1502 0.9887
vn -0.0016 -0.1502 0.9887
vn -0.0548 0.4877 -0.8713
vn 0.0008 0.4907 -0.8713
vn 0.0398 0.4886 -0.8716
vn -0.9931 0.1170 -0.0011
vn 0.0011 -0.1501 0.9887
vn -0.0011 -0.1501 0.9887
vn -0.0528 0.4878 -0.8713
vn 0.0017 -0.0573 -0.9984
vn -0.9895 0.1036 -0.1004
vn 0.0021 1.0000 -0.0024
vn 0.9899 0.1008 -0.0997
vn 0.0004 -0.9455 -0.3256
vn 0.9956 0.0471 0.0814
vn -0.0001 1.0000 -0.0005
vn -0.9955 0.0494 0.0811
vn 0.0000 -0.9800 0.1990
vn -0.4243 0.9054 -0.0144
vn -0.9899 0.1360 -0.0391
vn -0.9982 0.0607 -0.0015
vn -0.9932 0.1121 0.0327
vn 0.4145 0.9100 -0.0098
vn 0.9926 0.1165 0.0347
vn 0.9980 0.0625 0.0013
vn 0.9892 0.1414 -0.0397
vn -0.0127 0.9997 -0.0219
vn -0.3749 0.3581 -0.8551
vn -0.2246 -0.9745 -0.0005
vn -0.4371 -0.0303 0.8989
vn 0.0092 0.9998 -0.0164
vn 0.4355 -0.0282 0.8997
vn 0.2291 -0.9734 0.0005
vn 0.3770 0.3603 -0.8533
vn -0.9915 0.0814 -0.1011
vn -0.0000 1.0000 -0.0000
vn 0.9917 0.0793 -0.1009
vn 0.0001 -0.9988 -0.0495
vn -0.0000 0.4430 -0.8965
vn -0.9842 0.1771 -0.0006
vn 0.0000 0.1740 0.9847
vn -0.0000 0.1740 0.9847
vn 0.9825 0.1861 -0.0006
vn 0.0000 0.4430 -0.8965
vn -0.9825 0.1861 -0.0013
vn -0.4336 -0.9002 -0.0412
vn 0.9996 -0.0273 -0.0001
vn 0.0000 1.0000 0.0029
vn -1.0000 -0.0007 -0.0000
vn 0.4562 -0.8889 -0.0406
vn 1.0000 0.0007 0.0000
vn -0.0000 1.0000 0.0029
vn -0.9997 -0.0262 -0.0001
vn 0.9842 0.1772 -0.0012
vn -0.9803 0.1974 -0.0016
vn 0.9798 0.1999 -0.0012
vn 0.0000 -0.9902 0.1395
vn 0.0000 1.0000 -0.0000
vn 0.0000 0.0000 1.0000
vn 0.9944 0.0042 0.1060
vn 0.9936 0.0320 0.1083
vn 0.9937 0.0299 0.1081
vn 0.9944 0.0000 0.1057
vn -0.0000 -0.2830 -0.9591
vn -0.9939 0.0296 0.1060
vn -0.9936 0.0000 0.1128
vn -0.9937 0.0045 0.1118
vn -0.9939 0.0312 0.1056
vn -0.2055 -0.9787 -0.0000
vn 0.2055 0.9787 -0.0000
vn 0.2055 0.9787 0.0000
vn 0.0000 -0.0000 1.0000
vn 0.9892 -0.1465 0.0000
vn -0.0000 -0.0000 -1.0000
vn -0.0000 0.0000 -1.0000
vn -0.9892 0.1465 -0.0000
vn -0.7981 -0.4692 0.3781
vn 0.5877 -0.7047 0.3976
vn -0.7981 -0.4692 -0.3781
vn 0.5877 -0.7047 -0.3976
vn -0.5877 0.7047 0.3976
vn 0.7981 0.4692 0.3781
vn -0.5877 0.7047 -0.3976
vn 0.7981 0.4692 -0.3781
vn -0.8620 -0.5068 -0.0000
vn -0.1724 -0.8207 -0.5447
vn 0.6405 -0.7680 0.0000
vn -0.1724 -0.8207 0.5447
vn 0.1724 0.8207 0.5447
vn 0.8621 0.5068 0.0000
vn 0.1724 0.8207 -0.5447
vn -0.6405 0.7680 -0.0000
vn 0.8663 -0.1283 0.4828
vn -0.8663 0.1283 0.4828
vn 0.8663 -0.1283 -0.4828
vn -0.8663 0.1283 -0.4828
vn -0.9635 -0.2361 -0.1266
vn -0.9636 -0.2356 -0.1259
vn -0.8513 -0.4890 -0.1900
vn -0.9481 -0.2971 -0.1130
vn -0.9966 -0.0053 -0.0823
vn -0.9929 -0.0060 -0.1192
vn -0.9730 0.2082 -0.0996
vn -0.9542 0.2521 -0.1610
vn -0.9387 0.3262 -0.1115
vn -0.6655 0.6757 -0.3170
vn -0.9865 -0.1635 -0.0055
vn -0.9698 -0.2439 -0.0085
vn -0.9865 0.1635 0.0055
vn -0.9698 0.2439 0.0085
vn -0.9730 -0.2082 0.0996
vn -0.9387 -0.3262 0.1115
vn -0.9966 0.0053 0.0823
vn -0.9635 0.2361 0.1266
vn -0.9481 0.2971 0.1130
vn -0.9542 -0.2521 0.1610
vn -0.6655 -0.6757 0.3170
vn -0.9929 0.0060 0.1192
vn -0.9636 0.2356 0.1259
vn -0.8513 0.4890 0.1900
vn 0.9653 0.2307 0.1225
vn 0.9492 0.2948 0.1101
vn 0.8585 0.4791 0.1830
vn 0.9641 0.2341 0.1251
vn 0.9966 0.0050 0.0818
vn 0.9929 0.0057 0.1186
vn 0.9736 -0.2060 0.0980
vn 0.9555 -0.2488 0.1583
vn 0.9407 -0.3215 0.1080
vn 0.7028 -0.6459 0.2982
vn 0.9866 0.1631 0.0052
vn 0.9699 0.2433 0.0079
vn 1.0000 -0.0000 -0.0000
vn 0.9866 -0.1631 -0.0052
vn 0.9699 -0.2433 -0.0079
vn 0.9736 0.2060 -0.0980
vn 0.9407 0.3215 -0.1080
vn 0.9966 -0.0050 -0.0818
vn 0.9653 -0.2307 -0.1225
vn 0.9492 -0.2948 -0.1101
vn 0.9555 0.2488 -0.1583
vn 0.7028 0.6459 -0.2982
vn 0.9929 -0.0057 -0.1186
vn 0.9641 -0.2341 -0.1251
vn 0.8585 -0.4791 -0.1830
vn 0.1831 -0.6047 -0.7751
vn -0.0687 -0.8093 -0.5834
vn -0.0493 -0.8085 -0.5864
vn 0.1968 -0.6129 -0.7652
vn 0.3334 -0.0086 -0.9427
vn 0.3321 -0.0060 -0.9432
vn 0.1931 0.6016 -0.7751
vn 0.1850 0.6146 -0.7669
vn -0.0436 0.8175 -0.5743
vn -0.0511 0.8184 -0.5724
vn 0.6765 0.7290 -0.1047
vn 0.3670 0.9037 -0.2206
vn 0.3724 0.9017 -0.2194
vn 0.6910 0.7196 -0.0691
vn 0.7459 0.6661 -0.0018
vn 0.7458 0.6662 -0.0015
vn 0.6821 0.7249 0.0963
vn 0.6878 0.7226 0.0691
vn 0.3718 0.8985 0.2335
vn 0.3484 0.9061 0.2402
vn 0.1827 0.6048 0.7752
vn -0.0685 0.8092 0.5835
vn -0.0491 0.8085 0.5864
vn 0.1964 0.6131 0.7652
vn 0.3334 0.0086 0.9427
vn 0.3321 0.0060 0.9432
vn 0.1928 -0.6017 0.7751
vn 0.1847 -0.6147 0.7668
vn -0.0436 -0.8175 0.5743
vn -0.0511 -0.8184 0.5724
vn 0.6765 -0.7290 0.1047
vn 0.3670 -0.9037 0.2206
vn 0.3725 -0.9017 0.2194
vn 0.6910 -0.7196 0.0691
vn 0.7459 -0.6661 0.0018
vn 0.7458 -0.6662 0.0015
vn 0.6822 -0.7248 -0.0963
vn 0.6879 -0.7225 -0.0691
vn 0.3717 -0.8985 -0.2335
vn 0.3483 -0.9061 -0.2402
vn -0.3483 -0.1431 -0.9264
vn -0.3478 -0.1387 -0.9272
vn -0.6595 -0.1996 -0.7247
vn -0.4511 -0.1306 -0.8829
vn -0.0068 -0.0945 -0.9955
vn -0.0074 -0.1367 -0.9906
vn 0.3173 -0.1125 -0.9416
vn 0.3691 -0.1822 -0.9114
vn 0.4844 -0.1270 -0.8655
vn 0.8046 -0.3111 -0.5058
vn -0.2609 -0.0072 -0.9653
vn -0.3842 -0.0113 -0.9232
vn 0.0000 -0.0000 -1.0000
vn 0.2609 0.0072 -0.9653
vn 0.3842 0.0113 -0.9232
vn -0.3173 0.1125 -0.9416
vn -0.4844 0.1270 -0.8655
vn 0.0068 0.0945 -0.9955
vn 0.3483 0.1431 -0.9264
vn 0.4511 0.1306 -0.8829
vn -0.3691 0.1822 -0.9114
vn -0.8046 0.3111 -0.5058
vn 0.0074 0.1367 -0.9906
vn 0.3478 0.1387 -0.9272
vn 0.6595 0.1996 -0.7247
vn 0.3393 0.1362 0.9308
vn 0.4469 0.1250 0.8858
vn 0.6469 0.1888 0.7389
vn 0.3461 0.1374 0.9281
vn 0.0062 0.0936 0.9956
vn 0.0069 0.1357 0.9907
vn -0.3134 0.1097 0.9433
vn -0.3639 0.1775 0.9144
vn -0.4761 0.1206 0.8711
vn -0.7744 0.2887 0.5630
vn 0.2601 0.0065 0.9655
vn 0.3832 0.0101 0.9236
vn -0.2601 -0.0065 0.9655
vn -0.3832 -0.0101 0.9236
vn 0.3134 -0.1097 0.9433
vn 0.4761 -0.1206 0.8711
vn -0.0062 -0.0936 0.9956
vn -0.3393 -0.1362 0.9308
vn -0.4469 -0.1250 0.8858
vn 0.3639 -0.1775 0.9144
vn 0.7744 -0.2887 0.5630
vn -0.0069 -0.1357 0.9907
vn -0.3461 -0.1374 0.9281
vn -0.6469 -0.1888 0.7389
vn -0.6769 -0.7336 0.0611
vn -0.8449 -0.5309 -0.0655
vn -0.8440 -0.5345 -0.0441
vn -0.6609 -0.7467 0.0748
vn -0.0134 -0.9899 0.1408
vn -0.0090 -0.9902 0.1391
vn 0.6716 -0.7370 0.0766
vn 0.6648 -0.7448 0.0575
vn 0.8540 -0.5190 -0.0360
vn 0.8566 -0.5138 -0.0475
vn 0.8707 -0.1249 0.4756
vn 0.9510 -0.2047 0.2317
vn 0.9491 -0.2035 0.2405
vn 0.8643 -0.0856 0.4956
vn 0.8301 -0.0030 0.5576
vn 0.8302 -0.0026 0.5574
vn 0.8666 0.1121 0.4863
vn 0.8679 0.0851 0.4893
vn 0.9449 0.2227 0.2400
vn 0.9499 0.2311 0.2106
vn 0.6769 0.7336 0.0611
vn 0.8449 0.5309 -0.0655
vn 0.8440 0.5345 -0.0441
vn 0.6609 0.7467 0.0748
vn 0.0134 0.9899 0.1408
vn 0.0090 0.9902 0.1391
vn -0.6716 0.7370 0.0766
vn -0.6648 0.7448 0.0575
vn -0.8540 0.5190 -0.0360
vn -0.8566 0.5138 -0.0475
vn -0.8707 0.1249 0.4756
vn -0.9510 0.2047 0.2317
vn -0.9491 0.2035 0.2405
vn -0.8643 0.0856 0.4956
vn -0.8301 0.0030 0.5576
vn -0.8302 0.0026 0.5574
vn -0.8666 -0.1121 0.4863
vn -0.8679 -0.0851 0.4893
vn -0.9449 -0.2227 0.2400
vn -0.9499 -0.2311 0.2106
vn 0.0000 -1.0000 0.0000
vn -0.9997 0.0000 -0.0261
vn 0.9997 0.0000 -0.0261
vn 0.0000 -1.0000 -0.0000
vn 1.0000 0.0000 -0.0000
vn 0.5559 0.0000 -0.8313
vn -0.5559 0.0000 -0.8313
vn -1.0000 0.0000 -0.0000
vn -0.5559 0.0000 0.8313
vn 0.5559 0.0000 0.8313
vn -1.0000 0.0000 0.0000
vn 0.4314 0.0000 0.9022
vn 0.4314 0.0000 -0.9022
vn -0.5142 0.8309 0.2125
vn 0.0000 0.8903 0.4554
vn 0.5142 0.8309 0.2125
vn 0.5142 0.8309 -0.2125
vn -0.0000 0.8903 -0.4554
vn -0.5142 0.8309 -0.2125
vn -0.9242 0.0000 0.3820
vn 0.9242 0.0000 0.3820
vn 0.9242 0.0000 -0.3820
vn -0.9242 0.0000 -0.3820
vn -0.9986 0.0114 -0.0520
vn 0.4548 -0.0842 0.8866
vn 0.4060 -0.0866 0.9097
vn -0.9984 0.0001 0.0564
vn 0.4072 0.1020 -0.9076
vn 0.4567 0.0995 -0.8841
vn 0.0000 -1.0000 0.0023
vn -0.0000 0.9999 -0.0104
vn 0.9853 0.1709 -0.0000
vn -0.0000 0.5885 -0.8085
vn -0.9853 0.1709 -0.0000
vn -0.9853 0.1709 0.0000
vn 0.0000 0.2081 0.9781
vn 0.9919 0.1270 -0.0000
vn -0.0000 0.0640 -0.9979
vn -0.9919 0.1270 0.0000
vn 0.0000 0.5066 0.8622
vn 0.5337 -0.8457 -0.0000
vn -0.0000 -0.8662 -0.4997
vn -0.5337 -0.8457 0.0000
vn 0.0000 -0.8663 0.4996
vn 0.9883 0.1523 -0.0000
vn -0.0000 0.1663 -0.9861
vn -0.9883 0.1523 0.0000
vn 0.0000 0.1663 0.9861
vn 0.1957 -0.9807 -0.0000
vn 0.1436 0.1860 -0.9720
vn 0.0243 0.9997 -0.0000
vn 0.1437 0.1860 0.9720
vn -0.1786 -0.9839 0.0000
vn -0.1195 0.1829 0.9758
vn -0.0074 1.0000 0.0000
vn -0.1195 0.1830 -0.9758
vn 0.5001 0.8660 -0.0000
vn -0.0000 0.2931 -0.9561
vn -0.5001 0.8660 0.0000
vn 0.0000 0.2931 0.9561
vn 0.1289 -0.9917 -0.0000
vn -0.0000 -0.9405 -0.3399
vn -0.1289 -0.9917 0.0000
vn 0.0000 -0.9405 0.3399
vn -0.0000 -0.6318 -0.7751
vn -0.0000 0.6252 -0.7804
vn 0.0000 -0.4402 0.8979
vn 0.0000 -0.7961 0.6051
vn 0.0000 0.7261 0.6876
vn 0.0000 0.2177 0.9760
vn 0.0000 0.9441 0.3297
vn -0.0000 -1.0000 -0.0025
vn 0.0000 0.9999 0.0119
vn -0.0000 -0.9371 -0.3490
vn 0.0000 0.9371 0.3490
vn -0.0000 -0.3954 -0.9185
vn -0.0000 0.9806 -0.1962
vn -0.0000 0.1559 -0.9878
vn -0.0000 0.8765 -0.4814
vn -0.0000 -0.7634 -0.6460
vn 0.0000 0.9973 0.0732
vn 0.0000 0.9070 0.4211
vn 0.9898 0.1423 -0.0089
vn 0.9939 0.0897 -0.0647
vn 0.9921 0.1213 -0.0312
vn 0.9886 0.1506 -0.0000
vn -0.0000 0.0752 -0.9972
vn -0.9886 0.1506 0.0000
vn -0.9927 0.1190 -0.0186
vn -0.9887 0.1495 -0.0145
vn -0.9902 0.1387 -0.0128
vn -0.9960 0.0898 0.0000
vn 0.9351 0.0000 0.3544
vn -0.9200 0.0000 -0.3918
vn 0.9200 0.0000 -0.3918
vn -0.9944 -0.1056 0.0000
vn 0.9912 -0.1323 -0.0000
vn -0.9351 0.0000 0.3544
vn -0.9857 -0.1685 0.0000
vn 0.9911 -0.1334 -0.0000
vn -0.9960 0.0894 0.0000
vn 0.9962 0.0867 -0.0000
vn -0.0000 1.0000 0.0000
vn -0.7212 0.6927 0.0000
vn -0.5563 0.7163 0.4212
vn -0.0000 0.7407 0.6718
vn 0.5563 0.7163 0.4212
vn 0.7212 0.6927 0.0000
vn 0.5563 0.7163 -0.4212
vn -0.0000 0.7407 -0.6718
vn -0.5563 0.7163 -0.4212
vn -0.7607 0.2120 0.6136
vn -0.9824 0.1870 0.0000
vn 0.0000 0.2388 0.9711
vn 0.7607 0.2120 0.6136
vn 0.9824 0.1870 0.0000
vn 0.7607 0.2120 -0.6135
vn -0.0000 0.2388 -0.9711
vn -0.7607 0.2120 -0.6135
vn -0.7855 -0.0000 0.6188
vn 0.7855 -0.0000 0.6188
vn 1.0000 -0.0000 0.0000
vn 0.7855 -0.0000 -0.6188
vn -0.7855 0.0000 -0.6188
vn 0.2055 -0.9787 -0.0000
vn -0.2055 0.9787 0.0000
vn -0.9892 -0.1465 0.0000
vn 0.9892 0.1465 -0.0000
vn 0.7981 -0.4692 -0.3781
vn -0.5877 -0.7047 -0.3976
vn 0.7981 -0.4692 0.3781
vn -0.5877 -0.7047 0.3976
vn 0.5877 0.7047 -0.3976
vn -0.7981 0.4692 -0.3781
vn 0.5877 0.7047 0.3976
vn -0.7981 0.4692 0.3781
vn 0.8621 -0.5068 -0.0000
vn 0.1724 -0.8207 0.5447
vn -0.6405 -0.7680 0.0000
vn 0.1724 -0.8207 -0.5447
vn -0.1724 0.8207 -0.5447
vn -0.8621 0.5068 0.0000
vn -0.1724 0.8207 0.5447
vn 0.6405 0.7680 -0.0000
vn -0.8663 -0.1283 -0.4828
vn 0.8663 0.1283 -0.4828
vn -0.8663 -0.1283 0.4827
vn 0.8663 0.1283 0.4827
vn 0.8313 0.0000 0.5559
vn -0.8313 0.0000 0.5559
vn 0.9974 -0.0728 -0.0000
vn -0.4671 0.0516 -0.8827
vn -0.3908 0.0453 -0.9194
vn -0.4671 0.0516 0.8827
vn -0.3908 0.0453 0.9194
vn -0.9974 -0.0728 0.0000
vn 0.3908 0.0453 -0.9194
vn 0.4671 0.0516 -0.8827
vn 0.3908 0.0453 0.9194
vn 0.4671 0.0516 0.8827
vn -0.0000 0.0323 -0.9995
vn -0.9286 -0.0658 -0.3653
vn -0.9884 -0.1494 0.0255
vn 0.9286 -0.0658 -0.3653
vn 0.9884 -0.1494 0.0255
vn -0.0038 0.5225 -0.8526
vn -0.9857 0.1687 -0.0011
vn -0.0000 0.2562 0.9666
vn 0.9845 0.1754 0.0009
vn -0.0031 0.5044 -0.8635
vn -0.9925 0.1223 -0.0005
vn -0.0007 -0.5044 0.8635
vn 0.9925 0.1219 0.0005
vn 0.0005 1.0000 -0.0000
vn 0.0029 0.9997 0.0249
vn 0.0734 0.9971 0.0211
vn 0.1425 0.9896 0.0220
vn 0.0000 0.9996 0.0296
vn 0.0000 0.9998 0.0204
vn -0.1341 0.9906 0.0285
vn -0.0112 0.9997 0.0211
vn -0.2755 0.9606 0.0366
vn 1.0000 0.0000 0.0000
vn -0.0000 0.2674 -0.9636
vn -0.4650 0.0000 -0.8853
vn -0.0000 -0.2674 -0.9636
vn 0.4650 0.0000 -0.8853
vn 0.0000 -0.3773 0.9261
vn -0.9792 -0.2031 0.0000
vn -0.0000 0.3773 -0.9261
vn 0.9792 0.2031 -0.0000
vn -0.9819 0.1893 0.0000
vn 0.9819 -0.1893 -0.0000
vn 0.0000 -0.9996 0.0291
vn -0.0000 -0.9996 -0.0291
vn -0.0000 0.2673 -0.9636
vn -0.0000 -0.2673 -0.9636
vn 0.0000 0.8823 0.4708
vn -0.0000 0.6893 -0.7245
vn -0.0000 -0.6893 -0.7245
vn 0.0000 -0.8823 0.4708
vn 0.4002 0.9154 0.0439
vn 0.6635 0.7446 0.0728
vn 0.9940 0.0000 0.1090
vn 0.9940 -0.0000 0.1090
vn -0.7950 0.6004 -0.0872
vn -0.7270 0.6820 -0.0797
vn -0.7950 -0.6004 -0.0872
vn -0.7270 -0.6820 -0.0797
vn 0.4002 -0.9154 0.0439
vn 0.6635 -0.7446 0.0728
vn 0.3671 0.9126 -0.1799
vn 0.3527 0.9322 -0.0813
vn 0.9745 0.0000 -0.2245
vn 0.8506 -0.0000 -0.5258
vn -0.6703 0.6423 0.3716
vn -0.7887 0.5872 0.1817
vn -0.6703 -0.6423 0.3716
vn -0.7887 -0.5872 0.1817
vn 0.3671 -0.9126 -0.1799
vn 0.3527 -0.9322 -0.0813
vn 0.0007 0.8936 -0.4489
vn 0.0012 -0.0000 -1.0000
vn -0.0009 0.7962 0.6050
vn -0.0009 -0.7962 0.6050
vn 0.0007 -0.8936 -0.4489
vn -0.3673 0.9125 -0.1803
vn -0.8500 -0.0000 -0.5268
vn 0.6697 0.6428 0.3720
vn 0.6697 -0.6428 0.3720
vn -0.3673 -0.9125 -0.1803
vn -0.3528 0.9322 -0.0811
vn -0.9746 0.0000 -0.2241
vn 0.7888 0.5872 0.1814
vn 0.7888 -0.5872 0.1814
vn -0.3528 -0.9322 -0.0811
vn -0.6635 0.7446 0.0728
vn -0.4000 0.9155 0.0439
vn -0.9940 0.0000 0.1090
vn -0.9940 -0.0000 0.1090
vn 0.7270 0.6820 -0.0797
vn 0.7950 0.6003 -0.0872
vn 0.7270 -0.6820 -0.0797
vn 0.7950 -0.6003 -0.0872
vn -0.6635 -0.7446 0.0728
vn -0.4000 -0.9155 0.0439
vn 0.9969 0.0000 0.0793
vn 0.9844 0.0000 -0.1762
vn 0.6815 0.0000 -0.7318
vn -0.6815 0.0000 -0.7318
vn -0.9844 0.0000 -0.1762
vn -0.9969 0.0000 0.0793
vn -0.0000 0.8823 0.4708
vn -0.0000 -0.8823 0.4708
vn -0.4002 0.9154 0.0439
vn 0.7950 0.6004 -0.0872
vn 0.7950 -0.6004 -0.0872
vn -0.4002 -0.9154 0.0439
vn -0.3671 0.9126 -0.1799
vn -0.8506 -0.0000 -0.5258
vn -0.9745 -0.0000 -0.2245
vn -0.3527 0.9322 -0.0813
vn 0.6703 0.6423 0.3716
vn 0.7887 0.5872 0.1817
vn 0.6703 -0.6423 0.3716
vn 0.7887 -0.5872 0.1817
vn -0.3671 -0.9126 -0.1799
vn -0.3527 -0.9322 -0.0813
vn -0.0007 0.8936 -0.4489
vn -0.0012 0.0000 -1.0000
vn 0.0009 0.7962 0.6050
vn 0.0009 -0.7962 0.6050
vn -0.0007 -0.8936 -0.4489
vn 0.3673 0.9125 -0.1803
vn 0.8500 0.0000 -0.5268
vn -0.6697 0.6428 0.3720
vn -0.6697 -0.6428 0.3720
vn 0.3673 -0.9125 -0.1803
vn 0.3528 0.9322 -0.0811
vn 0.9746 -0.0000 -0.2241
vn -0.7888 0.5872 0.1814
vn -0.7888 -0.5872 0.1814
vn 0.3528 -0.9322 -0.0811
vn 0.4000 0.9155 0.0439
vn -0.7950 0.6003 -0.0872
vn -0.7950 -0.6003 -0.0872
vn 0.4000 -0.9155 0.0439
vn 0.9892 -0.1465 -0.0000
vn -0.9892 0.1465 0.0000
vn 0.1825 0.8690 0.4599
vn 0.0044 0.0211 0.9998
vn -0.0044 -0.0211 0.9998
vn 0.1809 0.8614 0.4746
vn 0.1825 0.8690 -0.4598
vn 0.1809 0.8614 -0.4746
vn 0.0044 0.0211 -0.9998
vn -0.0044 -0.0211 -0.9998
vn -0.1809 -0.8614 -0.4746
vn -0.1825 -0.8690 -0.4599
vn -0.1825 -0.8690 -0.4598
vn -0.1809 -0.8614 0.4746
vn -0.1825 -0.8690 0.4599
vn 0.9892 -0.1464 0.0000
vn -0.9892 0.1464 0.0000
vn 0.9892 -0.1464 -0.0000
vn -0.9892 -0.1465 -0.0000
vn 0.9892 0.1465 0.0000
vn -0.1825 0.8690 -0.4599
vn -0.0044 0.0211 -0.9998
vn 0.0044 -0.0211 -0.9998
vn -0.1809 0.8614 -0.4746
vn -0.1825 0.8690 0.4599
vn -0.1809 0.8614 0.4746
vn -0.1825 0.8690 0.4598
vn -0.0044 0.0211 0.9998
vn 0.0044 -0.0211 0.9998
vn 0.1809 -0.8614 0.4746
vn 0.1825 -0.8690 0.4599
vn 0.1825 -0.8690 0.4598
vn 0.1809 -0.8614 -0.4746
vn 0.1825 -0.8690 -0.4599
vn -0.9892 -0.1464 0.0000
vn 0.9892 0.1464 0.0000
vn 0.9892 0.1464 -0.0000
vn -0.9892 -0.1464 -0.0000
vn 0.8924 0.4513 -0.0000
vn 0.4655 0.8850 -0.0000
vn 0.8924 -0.4513 -0.0000
vn 0.4655 -0.8850 -0.0000
vn -0.0000 0.9511 0.3089
vn 0.0000 0.6220 0.7830
vn -0.0000 -0.0003 -1.0000
vn -0.0000 -0.9509 0.3096
vn 0.0000 -0.6220 0.7830
vn 0.8924 0.4513 0.0000
vn 0.0972 0.9953 -0.0000
vn -1.0000 0.0001 -0.0000
vn -1.0000 -0.0006 0.0000
vn 0.8924 -0.4513 0.0000
vn 0.0980 -0.9952 -0.0000
vn 0.0000 0.8493 0.5280
vn -0.0000 0.6226 0.7825
vn -0.0000 -0.0005 -1.0000
vn 0.0000 -0.0006 -1.0000
vn -0.0000 -0.6214 0.7835
vn 0.0000 -0.8489 0.5286
vn 0.0000 0.0003 1.0000
vn -0.4655 0.8850 0.0000
vn -0.8924 0.4513 0.0000
vn -0.4655 -0.8850 0.0000
vn -0.8924 -0.4513 0.0000
vn -0.0000 0.6220 0.7830
vn 0.0000 0.9511 0.3089
vn 0.0000 -0.0003 -1.0000
vn -0.0000 -0.6220 0.7830
vn 0.0000 -0.9509 0.3096
vn -0.0972 0.9953 -0.0000
vn 1.0000 -0.0006 0.0000
vn -0.0980 -0.9952 -0.0000
vn -0.8924 -0.4512 0.0000
vn 0.0000 -0.0005 -1.0000
vn 0.0000 0.6227 0.7825
vn -0.0000 0.8493 0.5280
vn -0.0000 -0.0006 -1.0000
vn 0.0000 -0.6214 0.7835
vn -0.0000 -0.8489 0.5286
vn -0.4314 0.0000 -0.9022
vn -0.4314 0.0000 0.9022
vn 0.0000 0.6226 0.7825
vn -0.0000 0.0003 1.0000
vn 0.0000 0.8490 0.5284
vn 0.0000 -0.8490 0.5284
vn 0.1847 -0.9828 -0.0000
vn -0.1847 0.9828 0.0000
vn 0.9837 0.1798 -0.0000
vn -0.9837 -0.1798 0.0000
vn -0.1847 -0.9828 -0.0000
vn 0.1847 0.9828 0.0000
vn -0.9837 0.1798 -0.0000
vn 0.9837 -0.1798 0.0000
vn -0.7855 0.0000 0.6188
vn 0.7855 0.0000 0.6188
vn 0.7855 0.0000 -0.6188
vn 0.0000 0.0000 -1.0000
vn -0.0000 0.0000 1.0000
vn 0.9214 -0.3740 0.1054
vn 0.8849 -0.4658 0.0015
vn 0.0000 -1.0000 0.0032
vn -0.0000 -0.9670 0.2548
vn 0.8603 0.4929 -0.1299
vn 0.8852 0.4652 -0.0015
vn -0.0000 0.9625 -0.2712
vn -0.0000 1.0000 -0.0032
vn -0.8603 0.4929 -0.1299
vn -0.8852 0.4652 -0.0015
vn -0.9214 -0.3740 0.1054
vn -0.8849 -0.4658 0.0015
vn 0.9394 -0.2105 0.2704
vn -0.0000 -0.6447 0.7644
vn 0.8632 0.3255 -0.3859
vn -0.0000 0.6143 -0.7891
vn -0.8632 0.3255 -0.3859
vn -0.9394 -0.2105 0.2704
vn 0.9191 -0.0613 0.3893
vn 0.0000 -0.1607 0.9870
vn 0.8860 0.0745 -0.4577
vn -0.0000 0.1555 -0.9878
vn -0.8860 0.0745 -0.4577
vn -0.9191 -0.0613 0.3893
vn 0.9022 -0.0010 0.4313
vn -0.0000 -0.0023 1.0000
vn 0.9021 0.0010 -0.4315
vn -0.0000 0.0023 -1.0000
vn -0.9021 0.0010 -0.4315
vn -0.9022 -0.0010 0.4313
vn -0.0000 0.0044 1.0000
vn 0.0000 0.0044 1.0000
vn 0.0000 -1.0000 -0.0016
vn -0.0000 -1.0000 -0.0016
vn -0.0000 -1.0000 0.0032
vn 0.0000 -0.9670 0.2548
vn 0.0000 0.9625 -0.2712
vn 0.0000 -0.6447 0.7644
vn 0.0000 0.6143 -0.7891
vn -0.0000 -0.1607 0.9870
vn 0.0000 0.1555 -0.9878
vn 0.0000 0.0023 -1.0000
vn -1.0000 -0.0000 -0.0000
vn -0.5309 0.8474 -0.0000
vn 0.5309 0.8474 0.0000
vn 0.5309 -0.8474 0.0000
vn -0.5309 -0.8474 -0.0000
vn -0.8998 0.4362 -0.0000
vn 0.8998 0.4362 0.0000
vn 0.8998 -0.4362 0.0000
vn -0.8998 -0.4362 -0.0000
vn 0.8998 0.4362 -0.0000
vn 0.5309 -0.8474 -0.0000
vn -0.0000 0.6061 -0.7954
vn -0.7581 0.6521 0.0000
vn -0.5840 0.6770 0.4479
vn 0.0000 0.7012 0.7129
vn 0.5840 0.6770 0.4479
vn 0.7581 0.6521 -0.0000
vn 0.5840 0.6770 -0.4479
vn 0.3363 0.7409 -0.5813
vn -0.0000 0.9612 -0.2757
vn -0.3363 0.7409 -0.5813
vn -0.5840 0.6770 -0.4479
vn -0.7597 0.2371 0.6056
vn -0.9784 0.2069 -0.0000
vn 0.0000 0.2731 0.9620
vn 0.7597 0.2371 0.6056
vn 0.9784 0.2069 -0.0000
vn 0.7597 0.2371 -0.6056
vn 0.4864 0.2385 -0.8406
vn -0.7597 0.2371 -0.6056
vn -0.4864 0.2385 -0.8406
vn -0.7820 0.0563 0.6207
vn -0.9988 0.0484 0.0000
vn 0.0000 0.0666 0.9978
vn 0.7820 0.0563 0.6207
vn 0.9988 0.0484 0.0000
vn 0.7820 0.0563 -0.6207
vn 0.5000 0.0576 -0.8641
vn -0.7820 0.0563 -0.6207
vn -0.5000 0.0576 -0.8641
vn 0.5008 -0.0000 -0.8656
vn -0.7855 -0.0000 -0.6188
vn -0.5008 -0.0000 -0.8656
vn -0.9587 0.0000 0.2843
vn -0.9587 0.0000 -0.2843
vn -0.5008 0.0000 -0.8656
vn 0.5008 0.0000 -0.8656
vn 0.4981 0.0000 -0.8671
vn 0.9587 0.0000 -0.2843
vn 0.9587 0.0000 0.2843
vn 0.5008 0.0000 0.8655
vn -0.5008 0.0000 0.8655
vn -0.5008 0.0000 -0.8655
vn 0.5008 0.0000 -0.8655
vn -0.5037 0.8509 0.1494
vn -0.5037 0.8509 -0.1494
vn -0.2202 0.8981 -0.3806
vn 0.2202 0.8981 -0.3806
vn 0.5037 0.8509 -0.1494
vn 0.5037 0.8509 0.1494
vn 0.2202 0.8981 0.3806
vn -0.2202 0.8981 0.3806
vn -0.5996 -0.7093 -0.3705
vn 0.5996 -0.7093 -0.3705
vn -0.9875 0.0694 -0.1417
vn 0.9875 0.0694 -0.1417
vn -0.9880 0.0216 -0.1527
vn 0.9880 0.0216 -0.1527
vn -0.9883 -0.0000 -0.1528
vn 0.9883 -0.0000 -0.1528
vn 0.7586 0.6410 -0.1171
vn -0.7586 0.6410 -0.1171
vn -0.0000 -0.8432 -0.5376
vn -0.0000 -0.3456 -0.9384
vn -0.0000 0.3456 -0.9384
vn -0.0000 0.8432 -0.5376
vn 0.0000 1.0000 0.0000
vn 0.0000 0.8432 0.5376
vn 0.0000 0.3456 0.9384
vn 0.0000 -0.3456 0.9384
vn 0.0000 -0.8432 0.5376
vn -0.0000 -0.9551 -0.2964
vn 0.0000 0.9551 0.2964
vn -0.0000 0.3926 -0.9197
vn 0.0000 -0.3926 0.9197
vn 0.0000 -0.9294 -0.3691
vn -0.0000 0.9551 0.2964
vn -0.0000 -0.9551 -0.2963
vn 0.0000 0.9551 0.2963
vn -0.0000 -0.3927 0.9197
vn -0.0003 -0.3927 0.9197
vn -0.0000 -0.3926 0.9197
vn 0.0000 -0.3927 0.9197
vn 0.0000 -0.3925 0.9197
vn 0.0000 -0.3928 0.9196
vn -0.9996 0.0269 0.0083
vn -0.5173 0.8173 0.2536
vn -0.5488 0.7984 0.2478
vn -0.9996 -0.0269 -0.0083
vn 0.5173 0.8173 0.2536
vn 0.5488 0.7984 0.2478
vn 0.9996 0.0269 0.0083
vn 0.9996 -0.0269 -0.0083
vn 0.5489 -0.7984 -0.2477
vn 0.5173 -0.8174 -0.2536
vn -0.5489 -0.7984 -0.2477
vn -0.5173 -0.8174 -0.2536
vn -0.0000 0.3927 -0.9197
vn -0.0000 0.3925 -0.9197
vn 0.0000 0.3926 -0.9197
vn 0.0000 0.3927 -0.9197
vn 0.0003 0.3927 -0.9197
vn -0.0000 0.3928 -0.9196
vn 0.0000 -0.9551 0.2964
vn -0.0000 0.9551 -0.2964
vn -0.0000 0.3926 0.9197
vn -0.0000 -0.3926 -0.9197
vn 0.0000 0.3926 0.9197
vn 0.0000 -0.9294 0.3691
vn 0.0000 -0.9551 0.2963
vn -0.0000 0.9551 -0.2963
vn 0.0000 -0.3927 -0.9197
vn -0.0000 -0.3925 -0.9197
vn -0.0000 -0.3927 -0.9197
vn -0.0003 -0.3927 -0.9197
vn -0.0000 -0.3928 -0.9196
vn -0.9996 0.0269 -0.0083
vn -0.9996 -0.0269 0.0083
vn -0.5488 0.7984 -0.2478
vn -0.5173 0.8173 -0.2536
vn 0.5488 0.7984 -0.2478
vn 0.5173 0.8173 -0.2536
vn 0.9996 -0.0269 0.0083
vn 0.9996 0.0269 -0.0083
vn 0.5173 -0.8174 0.2536
vn 0.5489 -0.7984 0.2477
vn -0.5173 -0.8174 0.2536
vn -0.5489 -0.7984 0.2477
vn 0.0000 0.3927 0.9197
vn 0.0003 0.3927 0.9197
vn -0.0000 0.3927 0.9197
vn 0.0000 0.3925 0.9197
vn 0.0000 0.3928 0.9196
# 1316 vertex normals

vt 0.9547 0.3313 0.0000
vt 0.9972 0.3313 0.0000
vt 0.9971 0.3849 0.0000
vt 0.9547 0.3849 0.0000
vt 0.6337 0.3843 0.0000
vt 0.6404 0.3835 0.0000
vt 0.6404 0.4268 0.0000
vt 0.6337 0.4268 0.0000
vt 0.8074 0.3845 0.0000
vt 0.8074 0.3805 0.0000
vt 0.8210 0.3798 0.0000
vt 0.8277 0.3834 0.0000
vt 0.7188 0.9697 0.0000
vt 0.6762 0.9697 0.0000
vt 0.6762 0.6862 0.0000
vt 0.7186 0.9165 0.0000
vt 0.7180 0.6862 0.0000
vt 0.7185 0.8676 0.0000
vt 0.8276 0.4366 0.0000
vt 0.8079 0.4366 0.0000
vt 0.6762 0.6545 0.0000
vt 0.7180 0.6545 0.0000
vt 0.8124 0.6986 0.0000
vt 0.8098 0.6670 0.0000
vt 0.8269 0.6670 0.0000
vt 0.8267 0.6987 0.0000
vt 0.9076 0.2997 0.0000
vt 0.9103 0.3342 0.0000
vt 0.8719 0.3340 0.0000
vt 0.8719 0.2994 0.0000
vt 0.8198 0.7899 0.0000
vt 0.8178 0.7539 0.0000
vt 0.8264 0.7542 0.0000
vt 0.8265 0.7898 0.0000
vt 0.8922 0.2084 0.0000
vt 0.8970 0.2288 0.0000
vt 0.8719 0.2282 0.0000
vt 0.8719 0.2077 0.0000
vt 0.8238 0.8841 0.0000
vt 0.8232 0.8615 0.0000
vt 0.8267 0.8630 0.0000
vt 0.8267 0.8841 0.0000
vt 0.8797 0.1589 0.0000
vt 0.8844 0.1748 0.0000
vt 0.8719 0.1741 0.0000
vt 0.8719 0.1580 0.0000
vt 0.8248 0.9351 0.0000
vt 0.8244 0.9170 0.0000
vt 0.8268 0.9187 0.0000
vt 0.8268 0.9351 0.0000
vt 0.8749 0.1421 0.0000
vt 0.8719 0.1412 0.0000
vt 0.8719 0.1338 0.0000
vt 0.8269 0.9697 0.0000
vt 0.8254 0.9698 0.0000
vt 0.8251 0.9525 0.0000
vt 0.8269 0.9525 0.0000
vt 0.8719 0.1915 0.0000
vt 0.8884 0.1922 0.0000
vt 0.8268 0.9007 0.0000
vt 0.8241 0.9008 0.0000
vt 0.8719 0.2616 0.0000
vt 0.9029 0.2619 0.0000
vt 0.8266 0.8287 0.0000
vt 0.8217 0.8286 0.0000
vt 0.8719 0.3621 0.0000
vt 0.9104 0.3621 0.0000
vt 0.8266 0.7253 0.0000
vt 0.8152 0.7251 0.0000
vt 0.8719 0.3849 0.0000
vt 0.9104 0.3849 0.0000
vt 0.9973 0.2665 0.0000
vt 0.9547 0.2665 0.0000
vt 0.9547 0.0020 0.0000
vt 0.9980 0.0020 0.0000
vt 0.8042 0.0504 0.0000
vt 0.8211 0.0505 0.0000
vt 0.8211 0.1153 0.0000
vt 0.2848 0.9133 0.0000
vt 0.2883 0.9589 0.0000
vt 0.2777 0.9599 0.0000
vt 0.2738 0.9142 0.0000
vt 0.3043 0.9579 0.0000
vt 0.3015 0.9124 0.0000
vt 0.3129 0.9119 0.0000
vt 0.3146 0.9574 0.0000
vt 0.7967 0.0515 0.0000
vt 0.7960 0.0041 0.0000
vt 0.8042 0.0020 0.0000
vt 0.7886 0.0059 0.0000
vt 0.7899 0.0524 0.0000
vt 0.7838 0.0529 0.0000
vt 0.7835 0.0071 0.0000
vt 0.2896 0.5857 0.0000
vt 0.3008 0.5857 0.0000
vt 0.2724 0.5860 0.0000
vt 0.2610 0.5865 0.0000
vt 0.7864 0.3806 0.0000
vt 0.7755 0.3809 0.0000
vt 0.7970 0.3805 0.0000
vt 0.3441 0.3954 0.0000
vt 0.3363 0.3960 0.0000
vt 0.3362 0.3924 0.0000
vt 0.3439 0.3918 0.0000
vt 0.3006 0.5813 0.0000
vt 0.2895 0.5817 0.0000
vt 0.2813 0.2992 0.0000
vt 0.2900 0.2988 0.0000
vt 0.2724 0.5823 0.0000
vt 0.7970 0.3846 0.0000
vt 0.7754 0.3846 0.0000
vt 0.7863 0.3846 0.0000
vt 0.7887 0.6672 0.0000
vt 0.7778 0.6675 0.0000
vt 0.3617 0.7099 0.0000
vt 0.3648 0.7365 0.0000
vt 0.3546 0.7374 0.0000
vt 0.3521 0.7105 0.0000
vt 0.3573 0.7647 0.0000
vt 0.3516 0.7647 0.0000
vt 0.3495 0.7376 0.0000
vt 0.3684 0.7642 0.0000
vt 0.3761 0.7354 0.0000
vt 0.3805 0.7633 0.0000
vt 0.3581 0.6782 0.0000
vt 0.3676 0.6774 0.0000
vt 0.3720 0.7090 0.0000
vt 0.2888 0.2671 0.0000
vt 0.2803 0.2671 0.0000
vt 0.3493 0.6785 0.0000
vt 0.3475 0.7105 0.0000
vt 0.8022 0.6987 0.0000
vt 0.8058 0.7251 0.0000
vt 0.7946 0.7255 0.0000
vt 0.7913 0.6989 0.0000
vt 0.7975 0.7538 0.0000
vt 0.7842 0.7541 0.0000
vt 0.7819 0.7260 0.0000
vt 0.8088 0.7537 0.0000
vt 0.7994 0.6671 0.0000
vt 0.7798 0.6993 0.0000
vt 0.3729 0.7969 0.0000
vt 0.3779 0.8305 0.0000
vt 0.3630 0.8282 0.0000
vt 0.3600 0.7960 0.0000
vt 0.3677 0.8560 0.0000
vt 0.3594 0.8513 0.0000
vt 0.3550 0.8247 0.0000
vt 0.3832 0.8595 0.0000
vt 0.3912 0.8320 0.0000
vt 0.3964 0.8619 0.0000
vt 0.3856 0.7969 0.0000
vt 0.3532 0.7947 0.0000
vt 0.8107 0.7893 0.0000
vt 0.8121 0.8269 0.0000
vt 0.8013 0.8253 0.0000
vt 0.7995 0.7886 0.0000
vt 0.8034 0.8565 0.0000
vt 0.7927 0.8536 0.0000
vt 0.7898 0.8234 0.0000
vt 0.8135 0.8591 0.0000
vt 0.7869 0.7880 0.0000
vt 0.3896 0.8808 0.0000
vt 0.3969 0.8971 0.0000
vt 0.3858 0.8940 0.0000
vt 0.3761 0.8772 0.0000
vt 0.3943 0.9085 0.0000
vt 0.3878 0.9076 0.0000
vt 0.3786 0.8928 0.0000
vt 0.4031 0.9117 0.0000
vt 0.4055 0.8994 0.0000
vt 0.4096 0.9142 0.0000
vt 0.4011 0.8832 0.0000
vt 0.3684 0.8740 0.0000
vt 0.8155 0.8814 0.0000
vt 0.8178 0.8982 0.0000
vt 0.8073 0.8944 0.0000
vt 0.8056 0.8782 0.0000
vt 0.8093 0.9097 0.0000
vt 0.8020 0.9068 0.0000
vt 0.7990 0.8917 0.0000
vt 0.8194 0.9143 0.0000
vt 0.7958 0.8752 0.0000
vt 0.4079 0.9255 0.0000
vt 0.4121 0.9372 0.0000
vt 0.4071 0.9306 0.0000
vt 0.4020 0.9215 0.0000
vt 0.4141 0.9464 0.0000
vt 0.4173 0.9424 0.0000
vt 0.4208 0.9545 0.0000
vt 0.4136 0.9290 0.0000
vt 0.3954 0.9198 0.0000
vt 0.4046 0.9345 0.0000
vt 0.8199 0.9311 0.0000
vt 0.8198 0.9470 0.0000
vt 0.8131 0.9413 0.0000
vt 0.8113 0.9259 0.0000
vt 0.8149 0.9553 0.0000
vt 0.8101 0.9479 0.0000
vt 0.8076 0.9355 0.0000
vt 0.8201 0.9626 0.0000
vt 0.8049 0.9218 0.0000
vt 0.2683 0.2993 0.0000
vt 0.8083 0.4856 0.0000
vt 0.6815 0.4010 0.0000
vt 0.6762 0.3859 0.0000
vt 0.6762 0.3835 0.0000
vt 0.6823 0.4007 0.0000
vt 0.6864 0.4183 0.0000
vt 0.6871 0.4181 0.0000
vt 0.6910 0.4347 0.0000
vt 0.6918 0.4345 0.0000
vt 0.6951 0.4526 0.0000
vt 0.6959 0.4525 0.0000
vt 0.6989 0.4693 0.0000
vt 0.6996 0.4691 0.0000
vt 0.7037 0.4904 0.0000
vt 0.7044 0.4902 0.0000
vt 0.7096 0.5246 0.0000
vt 0.7104 0.5245 0.0000
vt 0.7143 0.5634 0.0000
vt 0.7151 0.5633 0.0000
vt 0.7171 0.5991 0.0000
vt 0.7179 0.5990 0.0000
vt 0.7171 0.6279 0.0000
vt 0.7179 0.6279 0.0000
vt 0.7172 0.6537 0.0000
vt 0.6762 0.6537 0.0000
vt 0.6232 0.0295 0.0000
vt 0.6233 0.0212 0.0000
vt 0.6304 0.0109 0.0000
vt 0.6304 0.0260 0.0000
vt 0.6232 0.0462 0.0000
vt 0.6304 0.0433 0.0000
vt 0.6232 0.0622 0.0000
vt 0.6303 0.0598 0.0000
vt 0.6232 0.0795 0.0000
vt 0.6303 0.0777 0.0000
vt 0.6231 0.0957 0.0000
vt 0.6303 0.0943 0.0000
vt 0.6231 0.1161 0.0000
vt 0.6302 0.1154 0.0000
vt 0.6230 0.1493 0.0000
vt 0.6301 0.1496 0.0000
vt 0.6229 0.1871 0.0000
vt 0.6300 0.1885 0.0000
vt 0.6228 0.2216 0.0000
vt 0.6299 0.2241 0.0000
vt 0.6230 0.2495 0.0000
vt 0.6301 0.2529 0.0000
vt 0.6231 0.2723 0.0000
vt 0.6303 0.2787 0.0000
vt 0.2631 0.9567 0.0000
vt 0.2464 0.9611 0.0000
vt 0.2444 0.9150 0.0000
vt 0.2615 0.9143 0.0000
vt 0.3646 0.0589 0.0000
vt 0.3478 0.0601 0.0000
vt 0.3442 0.0118 0.0000
vt 0.3607 0.0054 0.0000
vt 0.7186 0.1038 0.0000
vt 0.7188 0.1499 0.0000
vt 0.7106 0.1482 0.0000
vt 0.7105 0.1038 0.0000
vt 0.7032 0.1454 0.0000
vt 0.7033 0.1038 0.0000
vt 0.6980 0.1408 0.0000
vt 0.6980 0.1038 0.0000
vt 0.6939 0.1141 0.0000
vt 0.6935 0.1038 0.0000
vt 0.6955 0.1302 0.0000
vt 0.9123 0.3849 0.0000
vt 0.9122 0.3313 0.0000
vt 0.6337 0.4694 0.0000
vt 0.6404 0.4701 0.0000
vt 0.7529 0.5873 0.0000
vt 0.7733 0.5883 0.0000
vt 0.7665 0.5919 0.0000
vt 0.7529 0.5913 0.0000
vt 0.6339 0.8676 0.0000
vt 0.6344 0.6862 0.0000
vt 0.6338 0.9165 0.0000
vt 0.6337 0.9698 0.0000
vt 0.7534 0.5351 0.0000
vt 0.7731 0.5351 0.0000
vt 0.6345 0.6545 0.0000
vt 0.7579 0.2731 0.0000
vt 0.7722 0.2731 0.0000
vt 0.7724 0.3048 0.0000
vt 0.7553 0.3047 0.0000
vt 0.8362 0.2997 0.0000
vt 0.8334 0.3342 0.0000
vt 0.7653 0.1818 0.0000
vt 0.7720 0.1819 0.0000
vt 0.7719 0.2176 0.0000
vt 0.7633 0.2178 0.0000
vt 0.8516 0.2084 0.0000
vt 0.8468 0.2288 0.0000
vt 0.7693 0.0877 0.0000
vt 0.7722 0.0877 0.0000
vt 0.7722 0.1088 0.0000
vt 0.7687 0.1103 0.0000
vt 0.8640 0.1589 0.0000
vt 0.8594 0.1748 0.0000
vt 0.7703 0.0366 0.0000
vt 0.7723 0.0366 0.0000
vt 0.7723 0.0531 0.0000
vt 0.7699 0.0547 0.0000
vt 0.8689 0.1421 0.0000
vt 0.7724 0.0021 0.0000
vt 0.7724 0.0193 0.0000
vt 0.7706 0.0192 0.0000
vt 0.7709 0.0020 0.0000
vt 0.8554 0.1922 0.0000
vt 0.7723 0.0710 0.0000
vt 0.7696 0.0710 0.0000
vt 0.8409 0.2619 0.0000
vt 0.7721 0.1430 0.0000
vt 0.7672 0.1431 0.0000
vt 0.8334 0.3621 0.0000
vt 0.7721 0.2464 0.0000
vt 0.7607 0.2466 0.0000
vt 0.8333 0.3849 0.0000
vt 0.9120 0.2665 0.0000
vt 0.9114 0.0020 0.0000
vt 0.7497 0.9213 0.0000
vt 0.7666 0.8565 0.0000
vt 0.7666 0.9213 0.0000
vt 0.3411 0.9112 0.0000
vt 0.3521 0.9112 0.0000
vt 0.3517 0.9571 0.0000
vt 0.3410 0.9569 0.0000
vt 0.3250 0.9571 0.0000
vt 0.3244 0.9115 0.0000
vt 0.7422 0.9202 0.0000
vt 0.7497 0.9698 0.0000
vt 0.7416 0.9677 0.0000
vt 0.7341 0.9658 0.0000
vt 0.7290 0.9646 0.0000
vt 0.7293 0.9188 0.0000
vt 0.7354 0.9194 0.0000
vt 0.3118 0.5849 0.0000
vt 0.3290 0.5839 0.0000
vt 0.3405 0.5835 0.0000
vt 0.7210 0.5909 0.0000
vt 0.7319 0.5912 0.0000
vt 0.7425 0.5913 0.0000
vt 0.4174 0.5652 0.0000
vt 0.4175 0.5689 0.0000
vt 0.4097 0.5688 0.0000
vt 0.4096 0.5652 0.0000
vt 0.2987 0.2985 0.0000
vt 0.3117 0.5809 0.0000
vt 0.3288 0.5802 0.0000
vt 0.7425 0.5872 0.0000
vt 0.7209 0.5872 0.0000
vt 0.7233 0.3042 0.0000
vt 0.7342 0.3045 0.0000
vt 0.7318 0.5872 0.0000
vt 0.4121 0.2503 0.0000
vt 0.4025 0.2504 0.0000
vt 0.4030 0.2234 0.0000
vt 0.4133 0.2235 0.0000
vt 0.3979 0.2236 0.0000
vt 0.3980 0.1964 0.0000
vt 0.4038 0.1960 0.0000
vt 0.4148 0.1956 0.0000
vt 0.4269 0.1957 0.0000
vt 0.4245 0.2238 0.0000
vt 0.4224 0.2505 0.0000
vt 0.4203 0.2823 0.0000
vt 0.4108 0.2822 0.0000
vt 0.2973 0.2664 0.0000
vt 0.4020 0.2826 0.0000
vt 0.3979 0.2507 0.0000
vt 0.7477 0.2731 0.0000
vt 0.7368 0.2728 0.0000
vt 0.7401 0.2462 0.0000
vt 0.7513 0.2466 0.0000
vt 0.7274 0.2458 0.0000
vt 0.7297 0.2177 0.0000
vt 0.7430 0.2180 0.0000
vt 0.7543 0.2181 0.0000
vt 0.7449 0.3046 0.0000
vt 0.7253 0.2724 0.0000
vt 0.4170 0.1628 0.0000
vt 0.4041 0.1645 0.0000
vt 0.4047 0.1323 0.0000
vt 0.4195 0.1288 0.0000
vt 0.3971 0.1363 0.0000
vt 0.3995 0.1094 0.0000
vt 0.4074 0.1041 0.0000
vt 0.4226 0.0995 0.0000
vt 0.4356 0.0962 0.0000
vt 0.4326 0.1264 0.0000
vt 0.4296 0.1618 0.0000
vt 0.3975 0.1664 0.0000
vt 0.7562 0.1825 0.0000
vt 0.7450 0.1831 0.0000
vt 0.7468 0.1464 0.0000
vt 0.7576 0.1448 0.0000
vt 0.7353 0.1484 0.0000
vt 0.7383 0.1181 0.0000
vt 0.7489 0.1153 0.0000
vt 0.7590 0.1127 0.0000
vt 0.7324 0.1837 0.0000
vt 0.4274 0.0779 0.0000
vt 0.4143 0.0824 0.0000
vt 0.4228 0.0649 0.0000
vt 0.4335 0.0611 0.0000
vt 0.4156 0.0666 0.0000
vt 0.4237 0.0512 0.0000
vt 0.4301 0.0498 0.0000
vt 0.4386 0.0460 0.0000
vt 0.4450 0.0430 0.0000
vt 0.4419 0.0582 0.0000
vt 0.4387 0.0746 0.0000
vt 0.4068 0.0861 0.0000
vt 0.7610 0.0903 0.0000
vt 0.7511 0.0936 0.0000
vt 0.7528 0.0773 0.0000
vt 0.7633 0.0736 0.0000
vt 0.7445 0.0801 0.0000
vt 0.7476 0.0650 0.0000
vt 0.7548 0.0621 0.0000
vt 0.7649 0.0575 0.0000
vt 0.7413 0.0965 0.0000
vt 0.4424 0.0319 0.0000
vt 0.4369 0.0363 0.0000
vt 0.4413 0.0269 0.0000
vt 0.4458 0.0199 0.0000
vt 0.4472 0.0106 0.0000
vt 0.4532 0.0020 0.0000
vt 0.4506 0.0143 0.0000
vt 0.4479 0.0280 0.0000
vt 0.4304 0.0385 0.0000
vt 0.4385 0.0232 0.0000
vt 0.7654 0.0407 0.0000
vt 0.7568 0.0459 0.0000
vt 0.7586 0.0305 0.0000
vt 0.7653 0.0247 0.0000
vt 0.7531 0.0362 0.0000
vt 0.7556 0.0239 0.0000
vt 0.7604 0.0165 0.0000
vt 0.7656 0.0092 0.0000
vt 0.7504 0.0499 0.0000
vt 0.3117 0.2977 0.0000
vt 0.7538 0.4862 0.0000
vt 0.6709 0.4010 0.0000
vt 0.6702 0.4007 0.0000
vt 0.6660 0.4183 0.0000
vt 0.6653 0.4181 0.0000
vt 0.6614 0.4347 0.0000
vt 0.6606 0.4345 0.0000
vt 0.6573 0.4526 0.0000
vt 0.6566 0.4525 0.0000
vt 0.6536 0.4693 0.0000
vt 0.6528 0.4691 0.0000
vt 0.6488 0.4904 0.0000
vt 0.6480 0.4902 0.0000
vt 0.6428 0.5246 0.0000
vt 0.6420 0.5245 0.0000
vt 0.6381 0.5634 0.0000
vt 0.6373 0.5633 0.0000
vt 0.6353 0.5991 0.0000
vt 0.6346 0.5990 0.0000
vt 0.6353 0.6279 0.0000
vt 0.6345 0.6279 0.0000
vt 0.6353 0.6537 0.0000
vt 0.5814 0.4905 0.0000
vt 0.5886 0.4940 0.0000
vt 0.5886 0.5091 0.0000
vt 0.5815 0.4988 0.0000
vt 0.5814 0.4738 0.0000
vt 0.5885 0.4767 0.0000
vt 0.5814 0.4578 0.0000
vt 0.5885 0.4602 0.0000
vt 0.5813 0.4405 0.0000
vt 0.5885 0.4423 0.0000
vt 0.5813 0.4243 0.0000
vt 0.5884 0.4257 0.0000
vt 0.5812 0.4039 0.0000
vt 0.5884 0.4046 0.0000
vt 0.5812 0.3707 0.0000
vt 0.5883 0.3704 0.0000
vt 0.5811 0.3329 0.0000
vt 0.5882 0.3315 0.0000
vt 0.5810 0.2984 0.0000
vt 0.5881 0.2959 0.0000
vt 0.5811 0.2705 0.0000
vt 0.5883 0.2671 0.0000
vt 0.5813 0.2477 0.0000
vt 0.5884 0.2413 0.0000
vt 0.2599 0.8719 0.0000
vt 0.2429 0.8688 0.0000
vt 0.4624 0.8994 0.0000
vt 0.4623 0.9530 0.0000
vt 0.4455 0.9478 0.0000
vt 0.4456 0.8994 0.0000
vt 0.7106 0.0594 0.0000
vt 0.7188 0.0576 0.0000
vt 0.7032 0.0621 0.0000
vt 0.6980 0.0668 0.0000
vt 0.6939 0.0935 0.0000
vt 0.6955 0.0774 0.0000
vt 0.7157 0.4245 0.0000
vt 0.7157 0.4630 0.0000
vt 0.7060 0.4654 0.0000
vt 0.7060 0.4245 0.0000
vt 0.7060 0.3835 0.0000
vt 0.7157 0.3859 0.0000
vt 0.2236 0.7568 0.0000
vt 0.2254 0.8021 0.0000
vt 0.2109 0.8027 0.0000
vt 0.2099 0.7573 0.0000
vt 0.0527 0.9350 0.0000
vt 0.0380 0.9356 0.0000
vt 0.0372 0.9055 0.0000
vt 0.0518 0.9108 0.0000
vt 0.1878 0.5554 0.0000
vt 0.1786 0.5570 0.0000
vt 0.1778 0.5294 0.0000
vt 0.1866 0.5247 0.0000
vt 0.1979 0.5585 0.0000
vt 0.1995 0.6010 0.0000
vt 0.1801 0.6018 0.0000
vt 0.1787 0.5592 0.0000
vt 0.2080 0.7081 0.0000
vt 0.1839 0.7090 0.0000
vt 0.1821 0.6607 0.0000
vt 0.2017 0.6599 0.0000
vt 0.3701 0.3278 0.0000
vt 0.3560 0.3283 0.0000
vt 0.3549 0.2980 0.0000
vt 0.3690 0.2974 0.0000
vt 0.2390 0.8016 0.0000
vt 0.2363 0.7563 0.0000
vt 0.0394 0.9648 0.0000
vt 0.0536 0.9577 0.0000
vt 0.2526 0.5266 0.0000
vt 0.2538 0.5542 0.0000
vt 0.2430 0.5534 0.0000
vt 0.2426 0.5226 0.0000
vt 0.2350 0.5571 0.0000
vt 0.2539 0.5564 0.0000
vt 0.2557 0.5990 0.0000
vt 0.2365 0.5997 0.0000
vt 0.2581 0.6578 0.0000
vt 0.2599 0.7061 0.0000
vt 0.2345 0.7071 0.0000
vt 0.2387 0.6585 0.0000
vt 0.2553 0.8076 0.0000
vt 0.2564 0.8379 0.0000
vt 0.2416 0.8385 0.0000
vt 0.2405 0.8081 0.0000
vt 0.2323 0.5827 0.0000
vt 0.2002 0.5838 0.0000
vt 0.1997 0.5702 0.0000
vt 0.2317 0.5682 0.0000
vt 0.2250 0.4374 0.0000
vt 0.2268 0.4828 0.0000
vt 0.2085 0.4920 0.0000
vt 0.2063 0.4382 0.0000
vt 0.2230 0.3882 0.0000
vt 0.2043 0.3890 0.0000
vt 0.2211 0.3399 0.0000
vt 0.2024 0.3407 0.0000
vt 0.2187 0.2811 0.0000
vt 0.2001 0.2818 0.0000
vt 0.1983 0.2392 0.0000
vt 0.2170 0.2385 0.0000
vt 0.2157 0.2087 0.0000
vt 0.2169 0.2363 0.0000
vt 0.1983 0.2371 0.0000
vt 0.1971 0.2098 0.0000
vt 0.1956 0.1755 0.0000
vt 0.1726 0.4956 0.0000
vt 0.1902 0.5097 0.0000
vt 0.2145 0.5088 0.0000
vt 0.2139 0.4941 0.0000
vt 0.2552 0.4925 0.0000
vt 0.2371 0.5080 0.0000
vt 0.1402 0.9650 0.0000
vt 0.1391 0.9307 0.0000
vt 0.1577 0.9304 0.0000
vt 0.1569 0.9028 0.0000
vt 0.1382 0.9034 0.0000
vt 0.1381 0.9013 0.0000
vt 0.1568 0.9006 0.0000
vt 0.1533 0.7991 0.0000
vt 0.1553 0.8580 0.0000
vt 0.1367 0.8587 0.0000
vt 0.1346 0.7998 0.0000
vt 0.1516 0.7508 0.0000
vt 0.1329 0.7515 0.0000
vt 0.1499 0.7016 0.0000
vt 0.1312 0.7023 0.0000
vt 0.1483 0.6562 0.0000
vt 0.1294 0.6484 0.0000
vt 0.0166 0.8424 0.0000
vt 0.0119 0.8239 0.0000
vt 0.0407 0.8094 0.0000
vt 0.0411 0.8415 0.0000
vt 0.2618 0.7553 0.0000
vt 0.2635 0.8007 0.0000
vt 0.0086 0.9652 0.0000
vt 0.0072 0.9367 0.0000
vt 0.0854 0.7906 0.0000
vt 0.1152 0.7895 0.0000
vt 0.0857 0.7958 0.0000
vt 0.2218 0.7076 0.0000
vt 0.2201 0.6592 0.0000
vt 0.3671 0.6232 0.0000
vt 0.3667 0.5911 0.0000
vt 0.3795 0.5906 0.0000
vt 0.3807 0.6227 0.0000
vt 0.1873 0.8036 0.0000
vt 0.1857 0.7582 0.0000
vt 0.0064 0.9067 0.0000
vt 0.0025 0.9165 0.0000
vt 0.0033 0.9369 0.0000
vt 0.1164 0.9659 0.0000
vt 0.0928 0.9668 0.0000
vt 0.0908 0.9348 0.0000
vt 0.1197 0.9471 0.0000
vt 0.0633 0.8052 0.0000
vt 0.0520 0.8055 0.0000
vt 0.0502 0.7630 0.0000
vt 0.0612 0.7626 0.0000
vt 0.1859 0.9325 0.0000
vt 0.1872 0.9633 0.0000
vt 0.1762 0.9637 0.0000
vt 0.1749 0.9329 0.0000
vt 0.1852 0.9181 0.0000
vt 0.1742 0.9182 0.0000
vt 0.4056 0.8178 0.0000
vt 0.3945 0.8165 0.0000
vt 0.3942 0.8084 0.0000
vt 0.4052 0.8079 0.0000
vt 0.0040 0.9555 0.0000
vt 0.1147 0.7762 0.0000
vt 0.0849 0.7773 0.0000
vt 0.0849 0.7711 0.0000
vt 0.4039 0.7709 0.0000
vt 0.3929 0.7713 0.0000
vt 0.3925 0.7613 0.0000
vt 0.4034 0.7592 0.0000
vt 0.0689 0.9677 0.0000
vt 0.0579 0.9681 0.0000
vt 0.0565 0.9256 0.0000
vt 0.0677 0.9251 0.0000
vt 0.1155 0.7633 0.0000
vt 0.0844 0.7645 0.0000
vt 0.0844 0.7632 0.0000
vt 0.1154 0.7619 0.0000
vt 0.1735 0.8640 0.0000
vt 0.1741 0.8734 0.0000
vt 0.1727 0.8734 0.0000
vt 0.1722 0.8640 0.0000
vt 0.1726 0.8388 0.0000
vt 0.1712 0.8389 0.0000
vt 0.1717 0.8152 0.0000
vt 0.1703 0.8153 0.0000
vt 0.1715 0.8055 0.0000
vt 0.1702 0.8056 0.0000
vt 0.1198 0.8544 0.0000
vt 0.0886 0.8554 0.0000
vt 0.0886 0.8541 0.0000
vt 0.1197 0.8531 0.0000
vt 0.4066 0.8079 0.0000
vt 0.4069 0.8177 0.0000
vt 0.4059 0.7892 0.0000
vt 0.4051 0.7688 0.0000
vt 0.4048 0.7592 0.0000
vt 0.0360 0.8651 0.0000
vt 0.0049 0.8663 0.0000
vt 0.0048 0.8617 0.0000
vt 0.0355 0.8606 0.0000
vt 0.0511 0.8551 0.0000
vt 0.0497 0.8543 0.0000
vt 0.0505 0.8299 0.0000
vt 0.0488 0.8300 0.0000
vt 0.0493 0.8064 0.0000
vt 0.0479 0.8073 0.0000
vt 0.0335 0.7973 0.0000
vt 0.0333 0.8013 0.0000
vt 0.0023 0.7992 0.0000
vt 0.0026 0.8032 0.0000
vt 0.4071 0.8217 0.0000
vt 0.4058 0.8218 0.0000
vt 0.0399 0.9688 0.0000
vt 0.0087 0.9692 0.0000
vt 0.0550 0.9585 0.0000
vt 0.0544 0.9350 0.0000
vt 0.0531 0.9098 0.0000
vt 0.0373 0.9010 0.0000
vt 0.0063 0.9021 0.0000
vt 0.4032 0.7547 0.0000
vt 0.4046 0.7547 0.0000
vt 0.0846 0.8044 0.0000
vt 0.0832 0.7748 0.0000
vt 0.0890 0.9242 0.0000
vt 0.0899 0.9539 0.0000
vt 0.2199 0.6552 0.0000
vt 0.2264 0.6512 0.0000
vt 0.2384 0.6508 0.0000
vt 0.0663 0.8740 0.0000
vt 0.0543 0.8667 0.0000
vt 0.2014 0.6521 0.0000
vt 0.2132 0.6517 0.0000
vt 0.0656 0.8562 0.0000
vt 0.0543 0.8644 0.0000
vt 0.2258 0.6387 0.0000
vt 0.2310 0.6385 0.0000
vt 0.0879 0.8858 0.0000
vt 0.2064 0.6394 0.0000
vt 0.2126 0.6392 0.0000
vt 0.0863 0.8429 0.0000
vt 0.3152 0.0581 0.0000
vt 0.3169 0.0587 0.0000
vt 0.3112 0.0767 0.0000
vt 0.3094 0.0762 0.0000
vt 0.3041 0.0545 0.0000
vt 0.3065 0.0554 0.0000
vt 0.3008 0.0734 0.0000
vt 0.2984 0.0727 0.0000
vt 0.1273 0.7641 0.0000
vt 0.1286 0.8011 0.0000
vt 0.2107 0.9449 0.0000
vt 0.2076 0.9450 0.0000
vt 0.2078 0.9152 0.0000
vt 0.2131 0.9151 0.0000
vt 0.1181 0.9063 0.0000
vt 0.1171 0.8802 0.0000
vt 0.1911 0.8969 0.0000
vt 0.1865 0.8677 0.0000
vt 0.1917 0.8675 0.0000
vt 0.1942 0.8968 0.0000
vt 0.2050 0.8670 0.0000
vt 0.2048 0.8964 0.0000
vt 0.2087 0.8963 0.0000
vt 0.2112 0.8668 0.0000
vt 0.1148 0.8201 0.0000
vt 0.1158 0.8463 0.0000
vt 0.1931 0.9456 0.0000
vt 0.1883 0.9161 0.0000
vt 0.1946 0.9156 0.0000
vt 0.1970 0.9454 0.0000
vt 0.2075 0.9574 0.0000
vt 0.2097 0.9573 0.0000
vt 0.2093 0.9624 0.0000
vt 0.2074 0.9625 0.0000
vt 0.1202 0.9132 0.0000
vt 0.1214 0.9128 0.0000
vt 0.1216 0.9191 0.0000
vt 0.1203 0.9193 0.0000
vt 0.1938 0.9145 0.0000
vt 0.1930 0.9092 0.0000
vt 0.1952 0.9091 0.0000
vt 0.1957 0.9145 0.0000
vt 0.1235 0.8068 0.0000
vt 0.1238 0.8129 0.0000
vt 0.1223 0.8128 0.0000
vt 0.1221 0.8071 0.0000
vt 0.2047 0.9087 0.0000
vt 0.2076 0.9086 0.0000
vt 0.2072 0.9140 0.0000
vt 0.2047 0.9141 0.0000
vt 0.1274 0.9127 0.0000
vt 0.1277 0.9190 0.0000
vt 0.1264 0.9187 0.0000
vt 0.1261 0.9126 0.0000
vt 0.1958 0.9629 0.0000
vt 0.1950 0.9578 0.0000
vt 0.1980 0.9577 0.0000
vt 0.1984 0.9628 0.0000
vt 0.3932 0.7802 0.0000
vt 0.3929 0.7739 0.0000
vt 0.3940 0.7740 0.0000
vt 0.3942 0.7801 0.0000
vt 0.2076 0.9474 0.0000
vt 0.2105 0.9473 0.0000
vt 0.1301 0.8989 0.0000
vt 0.1204 0.9049 0.0000
vt 0.1194 0.8798 0.0000
vt 0.1293 0.8779 0.0000
vt 0.1914 0.8993 0.0000
vt 0.1944 0.8992 0.0000
vt 0.2048 0.8988 0.0000
vt 0.2085 0.8986 0.0000
vt 0.1182 0.8465 0.0000
vt 0.1173 0.8213 0.0000
vt 0.1274 0.8266 0.0000
vt 0.1282 0.8477 0.0000
vt 0.1934 0.9479 0.0000
vt 0.1972 0.9478 0.0000
vt 0.0045 0.8570 0.0000
vt 0.0100 0.8568 0.0000
vt 0.0100 0.8580 0.0000
vt 0.0046 0.8582 0.0000
vt 0.0907 0.9336 0.0000
vt 0.0908 0.9326 0.0000
vt 0.1025 0.9281 0.0000
vt 0.1055 0.9331 0.0000
vt 0.3124 0.0418 0.0000
vt 0.3182 0.0436 0.0000
vt 0.1711 0.6527 0.0000
vt 0.1721 0.6526 0.0000
vt 0.1727 0.6673 0.0000
vt 0.1675 0.6647 0.0000
vt 0.3192 0.0896 0.0000
vt 0.3129 0.0898 0.0000
vt 0.3109 0.0781 0.0000
vt 0.3204 0.0777 0.0000
vt 0.1059 0.7997 0.0000
vt 0.1057 0.8012 0.0000
vt 0.0858 0.8021 0.0000
vt 0.0875 0.7969 0.0000
vt 0.3022 0.0935 0.0000
vt 0.2967 0.0918 0.0000
vt 0.4019 0.8032 0.0000
vt 0.4005 0.8035 0.0000
vt 0.3970 0.7852 0.0000
vt 0.4021 0.7833 0.0000
vt 0.0893 0.8749 0.0000
vt 0.0891 0.8688 0.0000
vt 0.1085 0.8663 0.0000
vt 0.1089 0.8758 0.0000
vt 0.3161 0.0617 0.0000
vt 0.3126 0.0728 0.0000
vt 0.1323 0.8938 0.0000
vt 0.1349 0.8927 0.0000
vt 0.1351 0.8959 0.0000
vt 0.1318 0.8814 0.0000
vt 0.1347 0.8810 0.0000
vt 0.1346 0.8769 0.0000
vt 0.2995 0.0687 0.0000
vt 0.3030 0.0575 0.0000
vt 0.1305 0.8439 0.0000
vt 0.1333 0.8441 0.0000
vt 0.1336 0.8483 0.0000
vt 0.1300 0.8315 0.0000
vt 0.1327 0.8325 0.0000
vt 0.1327 0.8293 0.0000
vt 0.3211 0.0660 0.0000
vt 0.3193 0.0718 0.0000
vt 0.2203 0.2210 0.0000
vt 0.2191 0.2210 0.0000
vt 0.2181 0.2150 0.0000
vt 0.2208 0.2149 0.0000
vt 0.2207 0.2077 0.0000
vt 0.2270 0.2075 0.0000
vt 0.2305 0.2134 0.0000
vt 0.2181 0.2138 0.0000
vt 0.2426 0.3315 0.0000
vt 0.2439 0.3312 0.0000
vt 0.2455 0.3372 0.0000
vt 0.2427 0.3376 0.0000
vt 0.2946 0.0639 0.0000
vt 0.2964 0.0582 0.0000
vt 0.2369 0.3315 0.0000
vt 0.2383 0.3315 0.0000
vt 0.2395 0.3374 0.0000
vt 0.2367 0.3376 0.0000
vt 0.1157 0.9327 0.0000
vt 0.1094 0.9330 0.0000
vt 0.1064 0.9271 0.0000
vt 0.1188 0.9266 0.0000
vt 0.2242 0.2150 0.0000
vt 0.2254 0.2147 0.0000
vt 0.2271 0.2206 0.0000
vt 0.2244 0.2211 0.0000
vt 0.3965 0.8064 0.0000
vt 0.3953 0.8064 0.0000
vt 0.3933 0.7827 0.0000
vt 0.3956 0.7813 0.0000
vt 0.0379 0.8453 0.0000
vt 0.0381 0.8506 0.0000
vt 0.0131 0.8541 0.0000
vt 0.0127 0.8437 0.0000
vt 0.1096 0.7659 0.0000
vt 0.1097 0.7671 0.0000
vt 0.0845 0.7680 0.0000
vt 0.0858 0.7656 0.0000
vt 0.1568 0.7798 0.0000
vt 0.1623 0.7796 0.0000
vt 0.1657 0.8032 0.0000
vt 0.1552 0.8036 0.0000
vt 0.2618 0.8670 0.0000
vt 0.2477 0.8675 0.0000
vt 0.2416 0.8396 0.0000
vt 0.2658 0.8387 0.0000
vt 0.2415 0.1272 0.0000
vt 0.2425 0.1576 0.0000
vt 0.2149 0.1725 0.0000
vt 0.2132 0.1233 0.0000
vt 0.2568 0.7542 0.0000
vt 0.2427 0.7547 0.0000
vt 0.2366 0.7268 0.0000
vt 0.2608 0.7259 0.0000
vt 0.1713 0.6966 0.0000
vt 0.1565 0.6972 0.0000
vt 0.1501 0.6693 0.0000
vt 0.1756 0.6683 0.0000
vt 0.2289 0.5978 0.0000
vt 0.2302 0.6282 0.0000
vt 0.2022 0.6342 0.0000
vt 0.2003 0.5850 0.0000
vt 0.2486 0.4905 0.0000
vt 0.2338 0.4911 0.0000
vt 0.2274 0.4631 0.0000
vt 0.2528 0.4622 0.0000
vt 0.1782 0.7055 0.0000
vt 0.1792 0.7359 0.0000
vt 0.1748 0.9637 0.0000
vt 0.1612 0.9643 0.0000
vt 0.1552 0.8048 0.0000
vt 0.1690 0.8104 0.0000
vt 0.3277 0.2545 0.0000
vt 0.2960 0.2642 0.0000
vt 0.2907 0.1109 0.0000
vt 0.3222 0.0950 0.0000
vt 0.2314 0.9616 0.0000
vt 0.2169 0.9622 0.0000
vt 0.1379 0.4765 0.0000
vt 0.1699 0.4851 0.0000
vt 0.1701 0.6447 0.0000
vt 0.1515 0.6361 0.0000
vt 0.2373 0.3859 0.0000
vt 0.2245 0.3864 0.0000
vt 0.2188 0.2324 0.0000
vt 0.2314 0.2265 0.0000
vt 0.0929 0.5999 0.0000
vt 0.1238 0.5878 0.0000
vt 0.1282 0.7479 0.0000
vt 0.1106 0.7585 0.0000
vt 0.2450 0.9611 0.0000
vt 0.1664 0.3254 0.0000
vt 0.1988 0.3327 0.0000
vt 0.2052 0.4921 0.0000
vt 0.1727 0.4793 0.0000
vt 0.2516 0.4011 0.0000
vt 0.2529 0.4314 0.0000
vt 0.8275 0.4856 0.0000
vt 0.7730 0.4862 0.0000
vt 0.1098 0.8706 0.0000
vt 0.1278 0.8679 0.0000
vt 0.1281 0.8751 0.0000
vt 0.1100 0.8738 0.0000
vt 0.5380 0.9272 0.0000
vt 0.5412 0.9272 0.0000
vt 0.5432 0.9465 0.0000
vt 0.5360 0.9465 0.0000
vt 0.8403 0.2178 0.0000
vt 0.8435 0.2178 0.0000
vt 0.8435 0.2194 0.0000
vt 0.8403 0.2194 0.0000
vt 0.8794 0.0603 0.0000
vt 0.8976 0.0577 0.0000
vt 0.8988 0.0619 0.0000
vt 0.8794 0.0619 0.0000
vt 0.9066 0.1037 0.0000
vt 0.9066 0.1109 0.0000
vt 0.9024 0.1109 0.0000
vt 0.9024 0.1037 0.0000
vt 0.5282 0.4243 0.0000
vt 0.5463 0.4269 0.0000
vt 0.5463 0.4285 0.0000
vt 0.5269 0.4285 0.0000
vt 0.0889 0.8631 0.0000
vt 0.0887 0.8567 0.0000
vt 0.1302 0.8551 0.0000
vt 0.1305 0.8616 0.0000
vt 0.7218 0.1303 0.0000
vt 0.7218 0.0878 0.0000
vt 0.7282 0.0878 0.0000
vt 0.7282 0.1303 0.0000
vt 0.9074 0.1638 0.0000
vt 0.9080 0.2063 0.0000
vt 0.8937 0.2056 0.0000
vt 0.8931 0.1631 0.0000
vt 0.8943 0.0629 0.0000
vt 0.8943 0.0693 0.0000
vt 0.8800 0.0693 0.0000
vt 0.8800 0.0629 0.0000
vt 0.8874 0.0873 0.0000
vt 0.8884 0.1298 0.0000
vt 0.8741 0.1310 0.0000
vt 0.8731 0.0885 0.0000
vt 0.5084 0.4124 0.0000
vt 0.5084 0.4188 0.0000
vt 0.4942 0.4188 0.0000
vt 0.4942 0.4124 0.0000
vt 0.8520 0.1739 0.0000
vt 0.8512 0.1740 0.0000
vt 0.8512 0.1734 0.0000
vt 0.1168 0.8037 0.0000
vt 0.1168 0.8042 0.0000
vt 0.1160 0.8043 0.0000
vt 0.5085 0.4115 0.0000
vt 0.5090 0.4124 0.0000
vt 0.1233 0.8035 0.0000
vt 0.1241 0.8040 0.0000
vt 0.1233 0.8039 0.0000
vt 0.8520 0.1881 0.0000
vt 0.8512 0.1887 0.0000
vt 0.8512 0.1882 0.0000
vt 0.8794 0.0629 0.0000
vt 0.8799 0.0620 0.0000
vt 0.4937 0.4124 0.0000
vt 0.4943 0.4115 0.0000
vt 0.8959 0.0932 0.0000
vt 0.8966 0.0939 0.0000
vt 0.8959 0.0941 0.0000
vt 0.1314 0.8551 0.0000
vt 0.1320 0.8551 0.0000
vt 0.1323 0.8615 0.0000
vt 0.1316 0.8615 0.0000
vt 0.1790 0.9168 0.0000
vt 0.1785 0.9169 0.0000
vt 0.1792 0.8744 0.0000
vt 0.1797 0.8743 0.0000
vt 0.1752 0.8745 0.0000
vt 0.1757 0.8745 0.0000
vt 0.1747 0.9170 0.0000
vt 0.1741 0.9170 0.0000
vt 0.7209 0.1303 0.0000
vt 0.7209 0.0878 0.0000
vt 0.7218 0.0873 0.0000
vt 0.7282 0.0873 0.0000
vt 0.7291 0.0878 0.0000
vt 0.7291 0.1303 0.0000
vt 0.7282 0.1308 0.0000
vt 0.7218 0.1308 0.0000
vt 0.8512 0.1587 0.0000
vt 0.8520 0.1586 0.0000
vt 0.8520 0.1728 0.0000
vt 0.8512 0.1729 0.0000
vt 0.8943 0.0702 0.0000
vt 0.8799 0.0702 0.0000
vt 0.9031 0.0948 0.0000
vt 0.9023 0.0947 0.0000
vt 0.9023 0.0805 0.0000
vt 0.9031 0.0806 0.0000
vt 0.1589 0.7663 0.0000
vt 0.1578 0.7626 0.0000
vt 0.1593 0.7642 0.0000
vt 0.1607 0.7669 0.0000
vt 0.1571 0.7663 0.0000
vt 0.1565 0.7622 0.0000
vt 0.1553 0.7669 0.0000
vt 0.1553 0.7630 0.0000
vt 0.1538 0.7680 0.0000
vt 0.1543 0.7649 0.0000
vt 0.1597 0.7701 0.0000
vt 0.1615 0.7698 0.0000
vt 0.1577 0.7704 0.0000
vt 0.1558 0.7707 0.0000
vt 0.1540 0.7710 0.0000
vt 0.1601 0.7739 0.0000
vt 0.1616 0.7728 0.0000
vt 0.1583 0.7745 0.0000
vt 0.1565 0.7745 0.0000
vt 0.1547 0.7739 0.0000
vt 0.1601 0.7778 0.0000
vt 0.1611 0.7759 0.0000
vt 0.1590 0.7786 0.0000
vt 0.1576 0.7782 0.0000
vt 0.1561 0.7766 0.0000
vt 0.6097 0.4728 0.0000
vt 0.6089 0.4712 0.0000
vt 0.6119 0.4721 0.0000
vt 0.6135 0.4733 0.0000
vt 0.6100 0.4746 0.0000
vt 0.6141 0.4746 0.0000
vt 0.6097 0.4763 0.0000
vt 0.6135 0.4758 0.0000
vt 0.6089 0.4779 0.0000
vt 0.6119 0.4770 0.0000
vt 0.6059 0.4727 0.0000
vt 0.6059 0.4709 0.0000
vt 0.6059 0.4746 0.0000
vt 0.6059 0.4765 0.0000
vt 0.6059 0.4782 0.0000
vt 0.6020 0.4728 0.0000
vt 0.6028 0.4712 0.0000
vt 0.6017 0.4746 0.0000
vt 0.6020 0.4763 0.0000
vt 0.6028 0.4779 0.0000
vt 0.5982 0.4733 0.0000
vt 0.5998 0.4721 0.0000
vt 0.5976 0.4746 0.0000
vt 0.5982 0.4758 0.0000
vt 0.5998 0.4770 0.0000
vt 0.8857 0.1628 0.0000
vt 0.8853 0.1616 0.0000
vt 0.8854 0.1615 0.0000
vt 0.8858 0.1628 0.0000
vt 0.8859 0.1640 0.0000
vt 0.8860 0.1640 0.0000
vt 0.8857 0.1653 0.0000
vt 0.8858 0.1653 0.0000
vt 0.8853 0.1665 0.0000
vt 0.8854 0.1666 0.0000
vt 0.9035 0.0740 0.0000
vt 0.9065 0.0736 0.0000
vt 0.9064 0.0737 0.0000
vt 0.9035 0.0742 0.0000
vt 0.9005 0.0742 0.0000
vt 0.9005 0.0743 0.0000
vt 0.8975 0.0740 0.0000
vt 0.8975 0.0742 0.0000
vt 0.8945 0.0736 0.0000
vt 0.8946 0.0737 0.0000
vt 0.8965 0.0996 0.0000
vt 0.8964 0.0976 0.0000
vt 0.8966 0.0975 0.0000
vt 0.8966 0.0996 0.0000
vt 0.8964 0.1009 0.0000
vt 0.8965 0.1009 0.0000
vt 0.8966 0.0942 0.0000
vt 0.8966 0.0956 0.0000
vt 0.8965 0.0957 0.0000
vt 0.8965 0.0942 0.0000
vt 0.8950 0.0925 0.0000
vt 0.8966 0.0929 0.0000
vt 0.8966 0.0931 0.0000
vt 0.8949 0.0926 0.0000
vt 0.5299 0.4236 0.0000
vt 0.5269 0.4240 0.0000
vt 0.5271 0.4239 0.0000
vt 0.5300 0.4235 0.0000
vt 0.5330 0.4234 0.0000
vt 0.5330 0.4233 0.0000
vt 0.5360 0.4236 0.0000
vt 0.5360 0.4235 0.0000
vt 0.5390 0.4240 0.0000
vt 0.5389 0.4239 0.0000
vt 0.2475 0.4540 0.0000
vt 0.2471 0.4518 0.0000
vt 0.2478 0.4528 0.0000
vt 0.2483 0.4545 0.0000
vt 0.2465 0.4539 0.0000
vt 0.2464 0.4514 0.0000
vt 0.2456 0.4541 0.0000
vt 0.2458 0.4518 0.0000
vt 0.2448 0.4546 0.0000
vt 0.2452 0.4528 0.0000
vt 0.2476 0.4563 0.0000
vt 0.2486 0.4563 0.0000
vt 0.2466 0.4564 0.0000
vt 0.2456 0.4564 0.0000
vt 0.2447 0.4564 0.0000
vt 0.2476 0.4586 0.0000
vt 0.2485 0.4581 0.0000
vt 0.2467 0.4588 0.0000
vt 0.2458 0.4587 0.0000
vt 0.2449 0.4582 0.0000
vt 0.2475 0.4609 0.0000
vt 0.2480 0.4599 0.0000
vt 0.2468 0.4613 0.0000
vt 0.2461 0.4609 0.0000
vt 0.2455 0.4600 0.0000
vt 0.5487 0.7009 0.0000
vt 0.5479 0.7015 0.0000
vt 0.5482 0.6996 0.0000
vt 0.5487 0.6986 0.0000
vt 0.5495 0.7007 0.0000
vt 0.5493 0.6983 0.0000
vt 0.5504 0.7008 0.0000
vt 0.5500 0.6986 0.0000
vt 0.5512 0.7012 0.0000
vt 0.5506 0.6994 0.0000
vt 0.5488 0.7032 0.0000
vt 0.5479 0.7033 0.0000
vt 0.5497 0.7032 0.0000
vt 0.5507 0.7031 0.0000
vt 0.5515 0.7030 0.0000
vt 0.5490 0.7055 0.0000
vt 0.5482 0.7051 0.0000
vt 0.5499 0.7056 0.0000
vt 0.5508 0.7054 0.0000
vt 0.5515 0.7049 0.0000
vt 0.5494 0.7078 0.0000
vt 0.5488 0.7069 0.0000
vt 0.5501 0.7081 0.0000
vt 0.5507 0.7077 0.0000
vt 0.5512 0.7067 0.0000
vt 0.8564 0.1734 0.0000
vt 0.8574 0.1734 0.0000
vt 0.8575 0.1736 0.0000
vt 0.8564 0.1736 0.0000
vt 0.8387 0.2585 0.0000
vt 0.8385 0.2578 0.0000
vt 0.8387 0.2578 0.0000
vt 0.8388 0.2585 0.0000
vt 0.8385 0.2591 0.0000
vt 0.8387 0.2591 0.0000
vt 0.8589 0.1488 0.0000
vt 0.8593 0.1479 0.0000
vt 0.8595 0.1479 0.0000
vt 0.8591 0.1490 0.0000
vt 0.8925 0.0625 0.0000
vt 0.8943 0.0620 0.0000
vt 0.8942 0.0622 0.0000
vt 0.8924 0.0627 0.0000
vt 0.8995 0.0738 0.0000
vt 0.9013 0.0736 0.0000
vt 0.9012 0.0737 0.0000
vt 0.8995 0.0739 0.0000
vt 0.8976 0.0736 0.0000
vt 0.8977 0.0737 0.0000
vt 0.8871 0.0620 0.0000
vt 0.8889 0.0625 0.0000
vt 0.8889 0.0627 0.0000
vt 0.8872 0.0622 0.0000
vt 0.8960 0.0985 0.0000
vt 0.8963 0.0994 0.0000
vt 0.8962 0.0995 0.0000
vt 0.8958 0.0985 0.0000
vt 0.8956 0.0936 0.0000
vt 0.8956 0.0943 0.0000
vt 0.8954 0.0943 0.0000
vt 0.8954 0.0935 0.0000
vt 0.8958 0.0932 0.0000
vt 0.8956 0.0932 0.0000
vt 0.8945 0.0975 0.0000
vt 0.8955 0.0975 0.0000
vt 0.8955 0.0976 0.0000
vt 0.8944 0.0976 0.0000
vt 0.5558 0.4118 0.0000
vt 0.5539 0.4122 0.0000
vt 0.5540 0.4121 0.0000
vt 0.5559 0.4116 0.0000
vt 0.5089 0.4144 0.0000
vt 0.5088 0.4125 0.0000
vt 0.5089 0.4126 0.0000
vt 0.5090 0.4144 0.0000
vt 0.5088 0.4162 0.0000
vt 0.5089 0.4162 0.0000
vt 0.5611 0.4122 0.0000
vt 0.5594 0.4118 0.0000
vt 0.5594 0.4116 0.0000
vt 0.5610 0.4121 0.0000
vt 0.2208 0.2221 0.0000
vt 0.2209 0.2238 0.0000
vt 0.2185 0.2238 0.0000
vt 0.2184 0.2222 0.0000
vt 0.5623 0.9533 0.0000
vt 0.5623 0.9524 0.0000
vt 0.5639 0.9524 0.0000
vt 0.5639 0.9533 0.0000
vt 0.9063 0.2591 0.0000
vt 0.9039 0.2591 0.0000
vt 0.9047 0.2305 0.0000
vt 0.9056 0.2305 0.0000
vt 0.9081 0.0543 0.0000
vt 0.9081 0.0559 0.0000
vt 0.8794 0.0559 0.0000
vt 0.8794 0.0543 0.0000
vt 0.8914 0.0910 0.0000
vt 0.8938 0.0910 0.0000
vt 0.8931 0.1197 0.0000
vt 0.8922 0.1197 0.0000
vt 0.5457 0.4373 0.0000
vt 0.5457 0.4357 0.0000
vt 0.5744 0.4357 0.0000
vt 0.5744 0.4373 0.0000
vt 0.2427 0.3387 0.0000
vt 0.2451 0.3387 0.0000
vt 0.2452 0.3403 0.0000
vt 0.2428 0.3404 0.0000
vt 0.5531 0.6932 0.0000
vt 0.5531 0.6948 0.0000
vt 0.5522 0.6948 0.0000
vt 0.5522 0.6932 0.0000
vt 0.8357 0.2591 0.0000
vt 0.8364 0.2305 0.0000
vt 0.8373 0.2305 0.0000
vt 0.8381 0.2591 0.0000
vt 0.8794 0.0560 0.0000
vt 0.9081 0.0560 0.0000
vt 0.9081 0.0576 0.0000
vt 0.8794 0.0576 0.0000
vt 0.8912 0.0910 0.0000
vt 0.8904 0.1197 0.0000
vt 0.8895 0.1197 0.0000
vt 0.8888 0.0910 0.0000
vt 0.5744 0.4397 0.0000
vt 0.5457 0.4397 0.0000
vt 0.5457 0.4381 0.0000
vt 0.5744 0.4381 0.0000
vt 0.0819 0.8608 0.0000
vt 0.0839 0.8599 0.0000
vt 0.0861 0.8606 0.0000
vt 0.0841 0.8633 0.0000
vt 0.0861 0.8624 0.0000
vt 0.0819 0.8625 0.0000
vt 0.5265 0.4262 0.0000
vt 0.5265 0.4285 0.0000
vt 0.4996 0.4285 0.0000
vt 0.4996 0.4262 0.0000
vt 0.5735 0.4236 0.0000
vt 0.5735 0.4253 0.0000
vt 0.5466 0.4253 0.0000
vt 0.5466 0.4236 0.0000
vt 0.5481 0.4308 0.0000
vt 0.5481 0.4329 0.0000
vt 0.5212 0.4329 0.0000
vt 0.5212 0.4308 0.0000
vt 0.5481 0.4350 0.0000
vt 0.5212 0.4350 0.0000
vt 0.5270 0.4015 0.0000
vt 0.5270 0.4032 0.0000
vt 0.5000 0.4032 0.0000
vt 0.5000 0.4015 0.0000
vt 0.5265 0.4246 0.0000
vt 0.4996 0.4246 0.0000
vt 0.5579 0.5137 0.0000
vt 0.5600 0.5146 0.0000
vt 0.5600 0.5163 0.0000
vt 0.5558 0.5163 0.0000
vt 0.5579 0.5172 0.0000
vt 0.5558 0.5146 0.0000
vt 0.0315 0.8573 0.0000
vt 0.0295 0.8582 0.0000
vt 0.0274 0.8574 0.0000
vt 0.0294 0.8548 0.0000
vt 0.0273 0.8557 0.0000
vt 0.0315 0.8555 0.0000
vt 0.4780 0.4072 0.0000
vt 0.5049 0.4072 0.0000
vt 0.5049 0.4094 0.0000
vt 0.4780 0.4094 0.0000
vt 0.5274 0.4015 0.0000
vt 0.5543 0.4015 0.0000
vt 0.5543 0.4032 0.0000
vt 0.5274 0.4032 0.0000
vt 0.5486 0.4327 0.0000
vt 0.5755 0.4327 0.0000
vt 0.5755 0.4350 0.0000
vt 0.5486 0.4350 0.0000
vt 0.5486 0.4311 0.0000
vt 0.5755 0.4311 0.0000
vt 0.4780 0.3983 0.0000
vt 0.5049 0.3983 0.0000
vt 0.5049 0.4000 0.0000
vt 0.4780 0.4000 0.0000
vt 0.5049 0.4110 0.0000
vt 0.4780 0.4110 0.0000
vt 0.5329 0.7489 0.0000
vt 0.5329 0.7472 0.0000
vt 0.5350 0.7463 0.0000
vt 0.5371 0.7489 0.0000
vt 0.5371 0.7472 0.0000
vt 0.5350 0.7498 0.0000
vt 0.1108 0.7666 0.0000
vt 0.1107 0.7647 0.0000
vt 0.1119 0.7656 0.0000
vt 0.5491 0.4084 0.0000
vt 0.5491 0.4096 0.0000
vt 0.5053 0.4096 0.0000
vt 0.5053 0.4084 0.0000
vt 0.5533 0.4169 0.0000
vt 0.5533 0.4188 0.0000
vt 0.5095 0.4188 0.0000
vt 0.5095 0.4169 0.0000
vt 0.5662 0.4055 0.0000
vt 0.5662 0.4067 0.0000
vt 0.5224 0.4067 0.0000
vt 0.5224 0.4055 0.0000
vt 0.6012 0.7750 0.0000
vt 0.6002 0.7762 0.0000
vt 0.5993 0.7750 0.0000
vt 0.5746 0.4454 0.0000
vt 0.5746 0.4468 0.0000
vt 0.5684 0.4468 0.0000
vt 0.5684 0.4454 0.0000
vt 0.5736 0.4503 0.0000
vt 0.5736 0.4514 0.0000
vt 0.5673 0.4514 0.0000
vt 0.5673 0.4503 0.0000
vt 0.5746 0.4406 0.0000
vt 0.5746 0.4422 0.0000
vt 0.5684 0.4422 0.0000
vt 0.5684 0.4406 0.0000
vt 0.5746 0.4433 0.0000
vt 0.5684 0.4433 0.0000
vt 0.5729 0.4055 0.0000
vt 0.5729 0.4067 0.0000
vt 0.5667 0.4067 0.0000
vt 0.5667 0.4055 0.0000
vt 0.5746 0.4439 0.0000
vt 0.5684 0.4439 0.0000
vt 0.1318 0.8240 0.0000
vt 0.1304 0.8246 0.0000
vt 0.1289 0.8241 0.0000
vt 0.1303 0.8223 0.0000
vt 0.1289 0.8229 0.0000
vt 0.1317 0.8228 0.0000
vt 0.5653 0.9579 0.0000
vt 0.5653 0.9572 0.0000
vt 0.5662 0.9569 0.0000
vt 0.5671 0.9579 0.0000
vt 0.5671 0.9572 0.0000
vt 0.5662 0.9583 0.0000
vt 0.7075 0.0239 0.0000
vt 0.7089 0.0239 0.0000
vt 0.7083 0.0242 0.0000
vt 0.7075 0.0242 0.0000
vt 0.5624 0.9597 0.0000
vt 0.5636 0.9597 0.0000
vt 0.5634 0.9603 0.0000
vt 0.5626 0.9603 0.0000
vt 0.6989 0.0159 0.0000
vt 0.6989 0.0145 0.0000
vt 0.6992 0.0145 0.0000
vt 0.6992 0.0154 0.0000
vt 0.6989 0.0131 0.0000
vt 0.6992 0.0136 0.0000
vt 0.5636 0.9622 0.0000
vt 0.5624 0.9622 0.0000
vt 0.5626 0.9619 0.0000
vt 0.5634 0.9619 0.0000
vt 0.7060 0.0239 0.0000
vt 0.7066 0.0242 0.0000
vt 0.7083 0.0251 0.0000
vt 0.7075 0.0251 0.0000
vt 0.5283 0.9498 0.0000
vt 0.5276 0.9498 0.0000
vt 0.5276 0.9488 0.0000
vt 0.5283 0.9488 0.0000
vt 0.7001 0.0145 0.0000
vt 0.7001 0.0154 0.0000
vt 0.7001 0.0136 0.0000
vt 0.6079 0.2649 0.0000
vt 0.6079 0.2642 0.0000
vt 0.6088 0.2642 0.0000
vt 0.6088 0.2649 0.0000
vt 0.7066 0.0251 0.0000
vt 0.5775 0.4209 0.0000
vt 0.5775 0.4220 0.0000
vt 0.4780 0.4217 0.0000
vt 0.4780 0.4215 0.0000
vt 0.5779 0.4471 0.0000
vt 0.5781 0.4490 0.0000
vt 0.4780 0.4493 0.0000
vt 0.4780 0.4489 0.0000
vt 0.5775 0.4193 0.0000
vt 0.5775 0.4204 0.0000
vt 0.4780 0.4198 0.0000
vt 0.4780 0.4196 0.0000
vt 0.1338 0.9047 0.0000
vt 0.1319 0.9048 0.0000
vt 0.1328 0.9036 0.0000
vt 0.5276 0.9616 0.0000
vt 0.5279 0.9614 0.0000
vt 0.5279 0.9618 0.0000
vt 0.8871 0.0356 0.0000
vt 0.8799 0.0356 0.0000
vt 0.8799 0.0246 0.0000
vt 0.8871 0.0246 0.0000
vt 0.8799 0.0444 0.0000
vt 0.8799 0.0386 0.0000
vt 0.8928 0.0386 0.0000
vt 0.8928 0.0444 0.0000
vt 0.5269 0.7573 0.0000
vt 0.5222 0.7573 0.0000
vt 0.5208 0.7505 0.0000
vt 0.5318 0.7505 0.0000
vt 0.6037 0.2966 0.0000
vt 0.5988 0.2966 0.0000
vt 0.5976 0.2899 0.0000
vt 0.6048 0.2899 0.0000
vt 0.5673 0.7267 0.0000
vt 0.5673 0.7220 0.0000
vt 0.5740 0.7171 0.0000
vt 0.5740 0.7281 0.0000
vt 0.5420 0.9544 0.0000
vt 0.5372 0.9544 0.0000
vt 0.5360 0.9476 0.0000
vt 0.5432 0.9476 0.0000
vt 0.5266 0.7621 0.0000
vt 0.5251 0.7621 0.0000
vt 0.6030 0.3014 0.0000
vt 0.5994 0.3014 0.0000
vt 0.5625 0.7239 0.0000
vt 0.5625 0.7223 0.0000
vt 0.5414 0.9591 0.0000
vt 0.5378 0.9591 0.0000
vt 0.8875 0.0249 0.0000
vt 0.8875 0.0270 0.0000
vt 0.8873 0.0267 0.0000
vt 0.8873 0.0252 0.0000
vt 0.9018 0.0346 0.0000
vt 0.9018 0.0304 0.0000
vt 0.9021 0.0307 0.0000
vt 0.9021 0.0343 0.0000
vt 0.8882 0.0334 0.0000
vt 0.8882 0.0356 0.0000
vt 0.8880 0.0353 0.0000
vt 0.8880 0.0337 0.0000
vt 0.9039 0.0304 0.0000
vt 0.9039 0.0346 0.0000
vt 0.9036 0.0343 0.0000
vt 0.9036 0.0307 0.0000
vt 0.9034 0.0326 0.0000
vt 0.9034 0.0338 0.0000
vt 0.9024 0.0339 0.0000
vt 0.9024 0.0324 0.0000
vt 0.9047 0.0344 0.0000
vt 0.9047 0.0306 0.0000
vt 0.9060 0.0304 0.0000
vt 0.9060 0.0346 0.0000
vt 0.8974 0.0224 0.0000
vt 0.8974 0.0210 0.0000
vt 0.8986 0.0208 0.0000
vt 0.8986 0.0226 0.0000
vt 0.9023 0.0266 0.0000
vt 0.9023 0.0228 0.0000
vt 0.9037 0.0226 0.0000
vt 0.9037 0.0268 0.0000
vt 0.9021 0.0287 0.0000
vt 0.9036 0.0287 0.0000
vt 0.9047 0.0289 0.0000
vt 0.9057 0.0287 0.0000
vt 0.8813 0.0244 0.0000
vt 0.8802 0.0244 0.0000
vt 0.8799 0.0227 0.0000
vt 0.8816 0.0227 0.0000
vt 0.9033 0.0285 0.0000
vt 0.9023 0.0284 0.0000
vt 0.9037 0.0358 0.0000
vt 0.9020 0.0358 0.0000
vt 0.9023 0.0216 0.0000
vt 0.9035 0.0215 0.0000
vt 0.9063 0.0336 0.0000
vt 0.9078 0.0336 0.0000
vt 0.9079 0.0348 0.0000
vt 0.9062 0.0348 0.0000
vt 0.9058 0.0358 0.0000
vt 0.9047 0.0356 0.0000
vt 0.8801 0.0218 0.0000
vt 0.8814 0.0218 0.0000
vt 0.9041 0.0335 0.0000
vt 0.9041 0.0315 0.0000
vt 0.9077 0.0358 0.0000
vt 0.9064 0.0358 0.0000
vt 0.9018 0.0257 0.0000
vt 0.9018 0.0238 0.0000
vt 0.8992 0.0360 0.0000
vt 0.9045 0.0360 0.0000
vt 0.9025 0.0415 0.0000
vt 0.9012 0.0415 0.0000
vt 0.8992 0.0489 0.0000
vt 0.9012 0.0434 0.0000
vt 0.9045 0.0489 0.0000
vt 0.9025 0.0434 0.0000
vt 0.8878 0.0271 0.0000
vt 0.8882 0.0328 0.0000
vt 0.8877 0.0329 0.0000
vt 0.8873 0.0276 0.0000
vt 0.8917 0.0356 0.0000
vt 0.8917 0.0227 0.0000
vt 0.8922 0.0227 0.0000
vt 0.8922 0.0356 0.0000
vt 0.8942 0.0238 0.0000
vt 0.8935 0.0295 0.0000
vt 0.8930 0.0290 0.0000
vt 0.8936 0.0237 0.0000
vt 0.9075 0.0489 0.0000
vt 0.9075 0.0360 0.0000
vt 0.9081 0.0360 0.0000
vt 0.9081 0.0489 0.0000
vt 0.8906 0.0269 0.0000
vt 0.8911 0.0326 0.0000
vt 0.9047 0.0489 0.0000
vt 0.9047 0.0360 0.0000
vt 0.9067 0.0360 0.0000
vt 0.9067 0.0489 0.0000
vt 0.8970 0.0241 0.0000
vt 0.8963 0.0298 0.0000
vt 0.9000 0.0358 0.0000
vt 0.9000 0.0228 0.0000
vt 0.9016 0.0228 0.0000
vt 0.9016 0.0358 0.0000
vt 0.8987 0.0228 0.0000
vt 0.8987 0.0358 0.0000
vt 0.8974 0.0358 0.0000
vt 0.8974 0.0228 0.0000
vt 0.8912 0.0339 0.0000
vt 0.8883 0.0341 0.0000
vt 0.8799 0.0374 0.0000
vt 0.8928 0.0374 0.0000
vt 0.8943 0.0225 0.0000
vt 0.8971 0.0229 0.0000
vt 0.8996 0.0228 0.0000
vt 0.8996 0.0358 0.0000
vt 0.8911 0.0353 0.0000
vt 0.8910 0.0355 0.0000
vt 0.8907 0.0356 0.0000
vt 0.8891 0.0350 0.0000
vt 0.8912 0.0349 0.0000
vt 0.8799 0.0363 0.0000
vt 0.8928 0.0363 0.0000
vt 0.8970 0.0212 0.0000
vt 0.8972 0.0214 0.0000
vt 0.8972 0.0218 0.0000
vt 0.8951 0.0217 0.0000
vt 0.8967 0.0211 0.0000
vt 0.8799 0.0359 0.0000
vt 0.8799 0.0358 0.0000
vt 0.8928 0.0358 0.0000
vt 0.8928 0.0359 0.0000
vt 0.8998 0.0228 0.0000
vt 0.8998 0.0358 0.0000
vt 0.8959 0.0489 0.0000
vt 0.8959 0.0360 0.0000
vt 0.8987 0.0360 0.0000
vt 0.8987 0.0489 0.0000
vt 0.8962 0.0304 0.0000
vt 0.8932 0.0323 0.0000
vt 0.8928 0.0449 0.0000
vt 0.8799 0.0449 0.0000
vt 0.8876 0.0243 0.0000
vt 0.8906 0.0263 0.0000
vt 0.8930 0.0489 0.0000
vt 0.8930 0.0360 0.0000
vt 0.8943 0.0358 0.0000
vt 0.8941 0.0356 0.0000
vt 0.8939 0.0354 0.0000
vt 0.8967 0.0344 0.0000
vt 0.8970 0.0334 0.0000
vt 0.8970 0.0338 0.0000
vt 0.8969 0.0342 0.0000
vt 0.8946 0.0358 0.0000
vt 0.8928 0.0479 0.0000
vt 0.8799 0.0479 0.0000
vt 0.8913 0.0226 0.0000
vt 0.8915 0.0230 0.0000
vt 0.8915 0.0233 0.0000
vt 0.8891 0.0209 0.0000
vt 0.8885 0.0213 0.0000
vt 0.8886 0.0210 0.0000
vt 0.8889 0.0209 0.0000
vt 0.8912 0.0223 0.0000
vt 0.9072 0.0489 0.0000
vt 0.9069 0.0489 0.0000
vt 0.9069 0.0360 0.0000
vt 0.9072 0.0360 0.0000
vt 0.8928 0.0482 0.0000
vt 0.8928 0.0486 0.0000
vt 0.8799 0.0486 0.0000
vt 0.8799 0.0482 0.0000
vt 0.8928 0.0489 0.0000
vt 0.8799 0.0489 0.0000
vt 0.9074 0.0489 0.0000
vt 0.9074 0.0360 0.0000
vt 0.5711 0.7053 0.0000
vt 0.5625 0.7053 0.0000
vt 0.5625 0.6946 0.0000
vt 0.5711 0.6946 0.0000
vt 0.5625 0.7098 0.0000
vt 0.5711 0.7098 0.0000
vt 0.5288 0.9389 0.0000
vt 0.5275 0.9272 0.0000
vt 0.5349 0.9272 0.0000
vt 0.5337 0.9389 0.0000
vt 0.6066 0.7726 0.0000
vt 0.6066 0.7702 0.0000
vt 0.6083 0.7695 0.0000
vt 0.6083 0.7732 0.0000
vt 0.6998 0.2028 0.0000
vt 0.6944 0.2145 0.0000
vt 0.6876 0.2145 0.0000
vt 0.6876 0.2038 0.0000
vt 0.6876 0.1992 0.0000
vt 0.6998 0.1992 0.0000
vt 0.5736 0.5295 0.0000
vt 0.5687 0.5295 0.0000
vt 0.5668 0.5172 0.0000
vt 0.5755 0.5172 0.0000
vt 0.6115 0.8031 0.0000
vt 0.5993 0.8040 0.0000
vt 0.5993 0.7999 0.0000
vt 0.6115 0.7999 0.0000
vt 0.6060 0.7825 0.0000
vt 0.6115 0.7942 0.0000
vt 0.5993 0.7933 0.0000
vt 0.5993 0.7825 0.0000
vt 0.5714 0.7598 0.0000
vt 0.5640 0.7598 0.0000
vt 0.5634 0.7530 0.0000
vt 0.5720 0.7530 0.0000
vt 0.5324 0.9412 0.0000
vt 0.5300 0.9412 0.0000
vt 0.5337 0.9425 0.0000
vt 0.5324 0.9425 0.0000
vt 0.5300 0.9454 0.0000
vt 0.5324 0.9454 0.0000
vt 0.5337 0.9477 0.0000
vt 0.5288 0.9477 0.0000
vt 0.5288 0.9446 0.0000
vt 0.5300 0.9446 0.0000
vt 0.5335 0.9564 0.0000
vt 0.5335 0.9540 0.0000
vt 0.5342 0.9540 0.0000
vt 0.5342 0.9564 0.0000
vt 0.6656 0.0873 0.0000
vt 0.6663 0.0873 0.0000
vt 0.6663 0.0886 0.0000
vt 0.6656 0.0886 0.0000
vt 0.5782 0.7034 0.0000
vt 0.5782 0.7010 0.0000
vt 0.5789 0.7010 0.0000
vt 0.5789 0.7034 0.0000
vt 0.5675 0.4910 0.0000
vt 0.5682 0.4910 0.0000
vt 0.5682 0.4918 0.0000
vt 0.5675 0.4918 0.0000
vt 0.5735 0.7106 0.0000
vt 0.5759 0.7106 0.0000
vt 0.5759 0.7111 0.0000
vt 0.5735 0.7111 0.0000
vt 0.5729 0.7123 0.0000
vt 0.5735 0.7123 0.0000
vt 0.5759 0.7155 0.0000
vt 0.5735 0.7155 0.0000
vt 0.5735 0.7152 0.0000
vt 0.5759 0.7152 0.0000
vt 0.5766 0.7140 0.0000
vt 0.5759 0.7145 0.0000
vt 0.5610 0.9553 0.0000
vt 0.5610 0.9577 0.0000
vt 0.5593 0.9577 0.0000
vt 0.5593 0.9553 0.0000
vt 0.6712 0.1424 0.0000
vt 0.6712 0.1407 0.0000
vt 0.6729 0.1407 0.0000
vt 0.6729 0.1424 0.0000
vt 0.6066 0.7767 0.0000
vt 0.6066 0.7743 0.0000
vt 0.6083 0.7743 0.0000
vt 0.6083 0.7767 0.0000
vt 0.6935 0.0650 0.0000
vt 0.6935 0.0633 0.0000
vt 0.6950 0.0633 0.0000
vt 0.6950 0.0650 0.0000
vt 0.5625 0.7120 0.0000
vt 0.5711 0.7120 0.0000
vt 0.5711 0.7160 0.0000
vt 0.5625 0.7160 0.0000
vt 0.5698 0.4943 0.0000
vt 0.5698 0.4906 0.0000
vt 0.5713 0.4912 0.0000
vt 0.5713 0.4936 0.0000
vt 0.6998 0.1940 0.0000
vt 0.6998 0.1971 0.0000
vt 0.6876 0.1971 0.0000
vt 0.6876 0.1930 0.0000
vt 0.5993 0.7978 0.0000
vt 0.6115 0.7978 0.0000
vt 0.5324 0.9446 0.0000
vt 0.5337 0.9446 0.0000
vt 0.5288 0.9425 0.0000
vt 0.5300 0.9425 0.0000
vt 0.6656 0.0907 0.0000
vt 0.6663 0.0907 0.0000
vt 0.6663 0.0915 0.0000
vt 0.6656 0.0915 0.0000
vt 0.5682 0.4939 0.0000
vt 0.5675 0.4939 0.0000
vt 0.5729 0.7140 0.0000
vt 0.5735 0.7145 0.0000
vt 0.5759 0.7123 0.0000
vt 0.5766 0.7123 0.0000
vt 0.5626 0.9583 0.0000
vt 0.5626 0.9566 0.0000
vt 0.5642 0.9566 0.0000
vt 0.5642 0.9583 0.0000
vt 0.6507 0.3734 0.0000
vt 0.6524 0.3734 0.0000
vt 0.6524 0.3751 0.0000
vt 0.6507 0.3751 0.0000
vt 0.4932 0.9698 0.0000
vt 0.4895 0.9698 0.0000
vt 0.4895 0.9681 0.0000
vt 0.4932 0.9681 0.0000
vt 0.6042 0.7325 0.0000
vt 0.6059 0.7325 0.0000
vt 0.6059 0.7342 0.0000
vt 0.6042 0.7342 0.0000
vt 0.5682 0.4952 0.0000
vt 0.5675 0.4952 0.0000
vt 0.6739 0.1424 0.0000
vt 0.6739 0.1407 0.0000
vt 0.6757 0.1407 0.0000
vt 0.6757 0.1424 0.0000
vt 0.5772 0.7123 0.0000
vt 0.5772 0.7140 0.0000
vt 0.5809 0.9511 0.0000
vt 0.5811 0.9494 0.0000
vt 0.5817 0.9494 0.0000
vt 0.5817 0.9511 0.0000
vt 0.5533 0.6677 0.0000
vt 0.5533 0.6694 0.0000
vt 0.5526 0.6694 0.0000
vt 0.5526 0.6677 0.0000
vt 0.5861 0.9590 0.0000
vt 0.5863 0.9607 0.0000
vt 0.5854 0.9607 0.0000
vt 0.5854 0.9590 0.0000
vt 0.5808 0.9607 0.0000
vt 0.5811 0.9590 0.0000
vt 0.5817 0.9590 0.0000
vt 0.5817 0.9607 0.0000
vt 0.6663 0.0925 0.0000
vt 0.6663 0.0942 0.0000
vt 0.6656 0.0942 0.0000
vt 0.6656 0.0925 0.0000
vt 0.5861 0.9494 0.0000
vt 0.5863 0.9511 0.0000
vt 0.5854 0.9511 0.0000
vt 0.5854 0.9494 0.0000
vt 0.5722 0.7140 0.0000
vt 0.5722 0.7123 0.0000
vt 0.5854 0.9623 0.0000
vt 0.5817 0.9623 0.0000
vt 0.5865 0.9623 0.0000
vt 0.6491 0.3751 0.0000
vt 0.6491 0.3734 0.0000
vt 0.5817 0.9528 0.0000
vt 0.5806 0.9528 0.0000
vt 0.5854 0.9528 0.0000
vt 0.5865 0.9528 0.0000
vt 0.6026 0.7342 0.0000
vt 0.6026 0.7325 0.0000
vt 0.5806 0.9623 0.0000
vt 0.6040 0.7747 0.0000
vt 0.6024 0.7747 0.0000
vt 0.6024 0.7695 0.0000
vt 0.6040 0.7695 0.0000
vt 0.5861 0.9675 0.0000
vt 0.5854 0.9675 0.0000
vt 0.6439 0.3751 0.0000
vt 0.6439 0.3734 0.0000
vt 0.5817 0.9579 0.0000
vt 0.5811 0.9579 0.0000
vt 0.6009 0.7739 0.0000
vt 0.5993 0.7739 0.0000
vt 0.5993 0.7688 0.0000
vt 0.6009 0.7688 0.0000
vt 0.5861 0.9579 0.0000
vt 0.5854 0.9579 0.0000
vt 0.5974 0.7342 0.0000
vt 0.5974 0.7325 0.0000
vt 0.5817 0.9675 0.0000
vt 0.5811 0.9675 0.0000
vt 0.6736 0.1467 0.0000
vt 0.6712 0.1474 0.0000
vt 0.6712 0.1449 0.0000
vt 0.6724 0.1435 0.0000
vt 0.6743 0.1439 0.0000
vt 0.6755 0.1460 0.0000
vt 0.6755 0.1485 0.0000
vt 0.6743 0.1499 0.0000
vt 0.6724 0.1495 0.0000
vt 0.5705 0.7490 0.0000
vt 0.5694 0.7519 0.0000
vt 0.5670 0.7519 0.0000
vt 0.5670 0.7490 0.0000
vt 0.7086 0.0462 0.0000
vt 0.7086 0.0490 0.0000
vt 0.7069 0.0490 0.0000
vt 0.7060 0.0462 0.0000
vt 0.7111 0.0462 0.0000
vt 0.7103 0.0490 0.0000
vt 0.5389 0.9638 0.0000
vt 0.5360 0.9638 0.0000
vt 0.5360 0.9614 0.0000
vt 0.5389 0.9602 0.0000
vt 0.5389 0.9673 0.0000
vt 0.5360 0.9662 0.0000
vt 0.6105 0.2694 0.0000
vt 0.6105 0.2723 0.0000
vt 0.6087 0.2723 0.0000
vt 0.6079 0.2694 0.0000
vt 0.6130 0.2694 0.0000
vt 0.6122 0.2723 0.0000
vt 0.5646 0.7519 0.0000
vt 0.5634 0.7490 0.0000
vt 0.5705 0.7456 0.0000
vt 0.5670 0.7456 0.0000
vt 0.7086 0.0427 0.0000
vt 0.7060 0.0427 0.0000
vt 0.7111 0.0427 0.0000
vt 0.5423 0.9638 0.0000
vt 0.5423 0.9602 0.0000
vt 0.5423 0.9673 0.0000
vt 0.6105 0.2660 0.0000
vt 0.6079 0.2660 0.0000
vt 0.6130 0.2660 0.0000
vt 0.5634 0.7456 0.0000
vt 0.1298 0.8010 0.0000
vt 0.1294 0.7900 0.0000
vt 0.1298 0.7900 0.0000
vt 0.1302 0.8010 0.0000
vt 0.3194 0.0415 0.0000
vt 0.3199 0.0415 0.0000
vt 0.3203 0.0526 0.0000
vt 0.3198 0.0526 0.0000
vt 0.0867 0.8681 0.0000
vt 0.0871 0.8681 0.0000
vt 0.0873 0.8715 0.0000
vt 0.0868 0.8715 0.0000
vt 0.1307 0.9233 0.0000
vt 0.1302 0.9122 0.0000
vt 0.1337 0.9121 0.0000
vt 0.1341 0.9232 0.0000
vt 0.2286 0.2220 0.0000
vt 0.2291 0.2220 0.0000
vt 0.2292 0.2254 0.0000
vt 0.2287 0.2254 0.0000
vt 0.0680 0.8688 0.0000
vt 0.0790 0.8684 0.0000
vt 0.0792 0.8718 0.0000
vt 0.0681 0.8722 0.0000
vt 0.1289 0.7778 0.0000
vt 0.1294 0.7778 0.0000
vt 0.1298 0.7888 0.0000
vt 0.1293 0.7888 0.0000
vt 0.0787 0.8592 0.0000
vt 0.0676 0.8596 0.0000
vt 0.0676 0.8591 0.0000
vt 0.0787 0.8587 0.0000
vt 0.2474 0.3385 0.0000
vt 0.2475 0.3420 0.0000
vt 0.2470 0.3420 0.0000
vt 0.2469 0.3385 0.0000
vt 0.1625 0.7674 0.0000
vt 0.1660 0.7673 0.0000
vt 0.1664 0.7783 0.0000
vt 0.1629 0.7785 0.0000
vt 0.2448 0.4469 0.0000
vt 0.2449 0.4503 0.0000
vt 0.2445 0.4504 0.0000
vt 0.2443 0.4469 0.0000
vt 0.2420 0.3747 0.0000
vt 0.2455 0.3746 0.0000
vt 0.2459 0.3856 0.0000
vt 0.2424 0.3858 0.0000
vt 0.0105 0.8460 0.0000
vt 0.0041 0.8462 0.0000
vt 0.0026 0.8046 0.0000
vt 0.0090 0.8044 0.0000
vt 0.7218 0.1749 0.0000
vt 0.7218 0.1324 0.0000
vt 0.7282 0.1324 0.0000
vt 0.7282 0.1749 0.0000
vt 0.8477 0.1638 0.0000
vt 0.8483 0.2063 0.0000
vt 0.8340 0.2056 0.0000
vt 0.8333 0.1631 0.0000
vt 0.8943 0.0712 0.0000
vt 0.8943 0.0776 0.0000
vt 0.8800 0.0776 0.0000
vt 0.8800 0.0712 0.0000
vt 0.8718 0.0873 0.0000
vt 0.8727 0.1298 0.0000
vt 0.8584 0.1310 0.0000
vt 0.8575 0.0885 0.0000
vt 0.4926 0.4124 0.0000
vt 0.4926 0.4188 0.0000
vt 0.4784 0.4188 0.0000
vt 0.4784 0.4124 0.0000
vt 0.8559 0.1588 0.0000
vt 0.8551 0.1589 0.0000
vt 0.8551 0.1583 0.0000
vt 0.1169 0.8054 0.0000
vt 0.1169 0.8059 0.0000
vt 0.1160 0.8060 0.0000
vt 0.4927 0.4115 0.0000
vt 0.4933 0.4124 0.0000
vt 0.1233 0.8052 0.0000
vt 0.1242 0.8057 0.0000
vt 0.1233 0.8056 0.0000
vt 0.8559 0.1730 0.0000
vt 0.8551 0.1736 0.0000
vt 0.8551 0.1731 0.0000
vt 0.8794 0.0712 0.0000
vt 0.8799 0.0703 0.0000
vt 0.4780 0.4124 0.0000
vt 0.4785 0.4115 0.0000
vt 0.8956 0.0975 0.0000
vt 0.8963 0.0982 0.0000
vt 0.8956 0.0984 0.0000
vt 0.3006 0.0519 0.0000
vt 0.3006 0.0526 0.0000
vt 0.2942 0.0528 0.0000
vt 0.2942 0.0522 0.0000
vt 0.2390 0.3859 0.0000
vt 0.2385 0.3859 0.0000
vt 0.2392 0.3434 0.0000
vt 0.2397 0.3434 0.0000
vt 0.0448 0.8511 0.0000
vt 0.0442 0.8511 0.0000
vt 0.0452 0.8086 0.0000
vt 0.0458 0.8086 0.0000
vt 0.7209 0.1748 0.0000
vt 0.7209 0.1323 0.0000
vt 0.7218 0.1319 0.0000
vt 0.7282 0.1319 0.0000
vt 0.7291 0.1323 0.0000
vt 0.7291 0.1748 0.0000
vt 0.7282 0.1753 0.0000
vt 0.7218 0.1753 0.0000
vt 0.9068 0.2449 0.0000
vt 0.9076 0.2448 0.0000
vt 0.9076 0.2590 0.0000
vt 0.9068 0.2591 0.0000
vt 0.8943 0.0785 0.0000
vt 0.8799 0.0785 0.0000
vt 0.9019 0.0948 0.0000
vt 0.9011 0.0947 0.0000
vt 0.9011 0.0805 0.0000
vt 0.9019 0.0806 0.0000
vt 0.5289 0.3960 0.0000
vt 0.5289 0.3978 0.0000
vt 0.5036 0.3978 0.0000
vt 0.5036 0.3960 0.0000
vt 0.5032 0.3960 0.0000
vt 0.5032 0.3978 0.0000
vt 0.4780 0.3978 0.0000
vt 0.4780 0.3960 0.0000
vt 0.5464 0.4290 0.0000
vt 0.5464 0.4303 0.0000
vt 0.5212 0.4303 0.0000
vt 0.5212 0.4290 0.0000
vt 0.1217 0.9203 0.0000
vt 0.1211 0.9220 0.0000
vt 0.1203 0.9204 0.0000
vt 0.5711 0.4953 0.0000
vt 0.5704 0.4970 0.0000
vt 0.5698 0.4953 0.0000
vt 0.5728 0.4099 0.0000
vt 0.5729 0.4110 0.0000
vt 0.5053 0.4103 0.0000
vt 0.5053 0.4101 0.0000
vt 0.5453 0.4354 0.0000
vt 0.5453 0.4373 0.0000
vt 0.4780 0.4365 0.0000
vt 0.4780 0.4362 0.0000
vt 0.4780 0.4414 0.0000
vt 0.4781 0.4402 0.0000
vt 0.5455 0.4431 0.0000
vt 0.5455 0.4433 0.0000
vt 0.0056 0.9671 0.0000
vt 0.0057 0.9690 0.0000
vt 0.0045 0.9681 0.0000
vt 0.5279 0.9630 0.0000
vt 0.5277 0.9632 0.0000
vt 0.5277 0.9629 0.0000
vt 0.4781 0.4437 0.0000
vt 0.5455 0.4466 0.0000
vt 0.5455 0.4468 0.0000
vt 0.4780 0.4449 0.0000
vt 0.5453 0.4397 0.0000
vt 0.4780 0.4389 0.0000
vt 0.4780 0.4386 0.0000
vt 0.5453 0.4378 0.0000
vt 0.5453 0.4559 0.0000
vt 0.4780 0.4499 0.0000
vt 0.4780 0.4498 0.0000
vt 0.5453 0.4547 0.0000
vt 0.0020 0.9023 0.0000
vt 0.0032 0.9032 0.0000
vt 0.0021 0.9042 0.0000
vt 0.6024 0.7759 0.0000
vt 0.6026 0.7758 0.0000
vt 0.6026 0.7761 0.0000
vt 0.5476 0.4041 0.0000
vt 0.5476 0.4051 0.0000
vt 0.5224 0.4051 0.0000
vt 0.5224 0.4041 0.0000
vt 0.5748 0.4085 0.0000
vt 0.5748 0.4096 0.0000
vt 0.5496 0.4096 0.0000
vt 0.5496 0.4085 0.0000
vt 0.5306 0.3992 0.0000
vt 0.5306 0.4000 0.0000
vt 0.5053 0.4000 0.0000
vt 0.5053 0.3992 0.0000
vt 0.2386 0.7248 0.0000
vt 0.2395 0.7251 0.0000
vt 0.2386 0.7256 0.0000
vt 0.6989 0.0112 0.0000
vt 0.6998 0.0116 0.0000
vt 0.6989 0.0120 0.0000
vt 0.6242 0.7756 0.0000
vt 0.6242 0.7999 0.0000
vt 0.6132 0.7999 0.0000
vt 0.6132 0.7756 0.0000
vt 0.6242 0.7529 0.0000
vt 0.6132 0.7529 0.0000
vt 0.7127 0.1957 0.0000
vt 0.7125 0.2101 0.0000
vt 0.7015 0.2104 0.0000
vt 0.7017 0.1956 0.0000
vt 0.7128 0.1649 0.0000
vt 0.7018 0.1648 0.0000
vt 0.6800 0.1044 0.0000
vt 0.6911 0.1047 0.0000
vt 0.6912 0.1191 0.0000
vt 0.6802 0.1192 0.0000
vt 0.6914 0.1499 0.0000
vt 0.6804 0.1499 0.0000
vt 0.5466 0.6705 0.0000
vt 0.5466 0.6911 0.0000
vt 0.5262 0.6948 0.0000
vt 0.5262 0.6670 0.0000
vt 0.6699 0.1374 0.0000
vt 0.6495 0.1499 0.0000
vt 0.6498 0.1075 0.0000
vt 0.6699 0.1129 0.0000
vt 0.4881 0.9663 0.0000
vt 0.4680 0.9698 0.0000
vt 0.4680 0.9421 0.0000
vt 0.4881 0.9456 0.0000
vt 0.5466 0.7094 0.0000
vt 0.5466 0.7341 0.0000
vt 0.5265 0.7394 0.0000
vt 0.5262 0.6969 0.0000
vt 0.5536 0.6713 0.0000
vt 0.5536 0.6903 0.0000
vt 0.6769 0.1088 0.0000
vt 0.6769 0.1333 0.0000
vt 0.4952 0.9465 0.0000
vt 0.4952 0.9654 0.0000
vt 0.5536 0.7136 0.0000
vt 0.5536 0.7382 0.0000
vt 0.5186 0.9212 0.0000
vt 0.4997 0.9215 0.0000
vt 0.4993 0.8969 0.0000
vt 0.5182 0.8966 0.0000
vt 0.2360 0.3194 0.0000
vt 0.2394 0.3193 0.0000
vt 0.2398 0.3303 0.0000
vt 0.2364 0.3304 0.0000
vt 0.6081 0.2627 0.0000
vt 0.6081 0.2517 0.0000
vt 0.6115 0.2517 0.0000
vt 0.6115 0.2627 0.0000
vt 0.8977 0.2190 0.0000
vt 0.9087 0.2190 0.0000
vt 0.9087 0.2264 0.0000
vt 0.8977 0.2264 0.0000
vt 0.8868 0.0508 0.0000
vt 0.8868 0.0542 0.0000
vt 0.8794 0.0542 0.0000
vt 0.8794 0.0508 0.0000
vt 0.9039 0.1200 0.0000
vt 0.9039 0.1310 0.0000
vt 0.8965 0.1310 0.0000
vt 0.8965 0.1200 0.0000
vt 0.5266 0.3892 0.0000
vt 0.5266 0.3926 0.0000
vt 0.5191 0.3926 0.0000
vt 0.5191 0.3892 0.0000
vt 0.2212 0.2066 0.0000
vt 0.2178 0.2067 0.0000
vt 0.2174 0.1958 0.0000
vt 0.2208 0.1956 0.0000
vt 0.7096 0.0284 0.0000
vt 0.7096 0.0394 0.0000
vt 0.7062 0.0394 0.0000
vt 0.7062 0.0284 0.0000
vt 0.8807 0.1486 0.0000
vt 0.8916 0.1486 0.0000
vt 0.8916 0.1560 0.0000
vt 0.8807 0.1560 0.0000
vt 0.9063 0.0585 0.0000
vt 0.9063 0.0619 0.0000
vt 0.8989 0.0619 0.0000
vt 0.8989 0.0585 0.0000
vt 0.8962 0.1200 0.0000
vt 0.8962 0.1310 0.0000
vt 0.8888 0.1310 0.0000
vt 0.8888 0.1200 0.0000
vt 0.5344 0.3892 0.0000
vt 0.5344 0.3926 0.0000
vt 0.5270 0.3926 0.0000
vt 0.5270 0.3892 0.0000
vt 0.0429 0.8517 0.0000
vt 0.0424 0.8517 0.0000
vt 0.0421 0.8426 0.0000
vt 0.0426 0.8426 0.0000
vt 0.0805 0.8586 0.0000
vt 0.0805 0.8591 0.0000
vt 0.0798 0.8591 0.0000
vt 0.0798 0.8587 0.0000
vt 0.4014 0.7556 0.0000
vt 0.4014 0.7560 0.0000
vt 0.3923 0.7564 0.0000
vt 0.3923 0.7559 0.0000
vt 0.1667 0.7851 0.0000
vt 0.1671 0.7942 0.0000
vt 0.1665 0.7942 0.0000
vt 0.1662 0.7851 0.0000
vt 0.1671 0.7851 0.0000
vt 0.1674 0.7942 0.0000
vt 0.1676 0.7851 0.0000
vt 0.1679 0.7942 0.0000
vt 0.0769 0.8626 0.0000
vt 0.0678 0.8630 0.0000
vt 0.0677 0.8620 0.0000
vt 0.0768 0.8617 0.0000
vt 0.0769 0.8636 0.0000
vt 0.0678 0.8637 0.0000
vt 0.1229 0.8151 0.0000
vt 0.1224 0.8151 0.0000
vt 0.1224 0.8141 0.0000
vt 0.1229 0.8141 0.0000
vt 0.1234 0.8150 0.0000
vt 0.1233 0.8141 0.0000
vt 0.1238 0.8150 0.0000
vt 0.1238 0.8141 0.0000
vt 0.0336 0.8578 0.0000
vt 0.0332 0.8578 0.0000
vt 0.0331 0.8569 0.0000
vt 0.0336 0.8569 0.0000
vt 0.1234 0.8160 0.0000
vt 0.1229 0.8160 0.0000
vt 0.4010 0.8058 0.0000
vt 0.4010 0.8062 0.0000
vt 0.4001 0.8063 0.0000
vt 0.4001 0.8058 0.0000
vt 0.1285 0.8044 0.0000
vt 0.1288 0.8135 0.0000
vt 0.1279 0.8136 0.0000
vt 0.1275 0.8045 0.0000
vt 0.1291 0.8044 0.0000
vt 0.1298 0.8135 0.0000
vt 0.2948 0.0551 0.0000
vt 0.2950 0.0545 0.0000
vt 0.2960 0.0545 0.0000
vt 0.2960 0.0549 0.0000
vt 0.2949 0.0554 0.0000
vt 0.2960 0.0554 0.0000
vt 0.2951 0.0559 0.0000
vt 0.2960 0.0559 0.0000
vt 0.2943 0.0551 0.0000
vt 0.2944 0.0545 0.0000
vt 0.2370 0.7236 0.0000
vt 0.2365 0.7236 0.0000
vt 0.2364 0.7226 0.0000
vt 0.2369 0.7226 0.0000
vt 0.2944 0.0559 0.0000
vt 0.2943 0.0554 0.0000
vt 0.1677 0.8032 0.0000
vt 0.1674 0.8032 0.0000
vt 0.1187 0.8160 0.0000
vt 0.1181 0.8161 0.0000
vt 0.1178 0.8071 0.0000
vt 0.1184 0.8070 0.0000
vt 0.1225 0.9128 0.0000
vt 0.1228 0.9127 0.0000
vt 0.1232 0.9217 0.0000
vt 0.1229 0.9217 0.0000
vt 0.3947 0.8222 0.0000
vt 0.3947 0.8216 0.0000
vt 0.4037 0.8213 0.0000
vt 0.4037 0.8218 0.0000
vt 0.1869 0.7158 0.0000
vt 0.1869 0.7163 0.0000
vt 0.1867 0.7162 0.0000
vt 0.1866 0.7159 0.0000
vt 0.1859 0.7158 0.0000
vt 0.1861 0.7159 0.0000
vt 0.1859 0.7163 0.0000
vt 0.1861 0.7162 0.0000
vt 0.1996 0.5682 0.0000
vt 0.1996 0.5677 0.0000
vt 0.2010 0.5677 0.0000
vt 0.2010 0.5682 0.0000
vt 0.1274 0.9215 0.0000
vt 0.1264 0.9216 0.0000
vt 0.1263 0.9202 0.0000
vt 0.1274 0.9201 0.0000
vt 0.1944 0.5300 0.0000
vt 0.1944 0.5295 0.0000
vt 0.1958 0.5294 0.0000
vt 0.1958 0.5299 0.0000
vt 0.2957 0.0702 0.0000
vt 0.2967 0.0702 0.0000
vt 0.2967 0.0716 0.0000
vt 0.2957 0.0716 0.0000
vt 0.1661 0.7832 0.0000
vt 0.1666 0.7831 0.0000
vt 0.0788 0.8626 0.0000
vt 0.0788 0.8635 0.0000
vt 0.2303 0.2234 0.0000
vt 0.2307 0.2234 0.0000
vt 0.2308 0.2254 0.0000
vt 0.2303 0.2254 0.0000
vt 0.2530 0.4591 0.0000
vt 0.2521 0.4591 0.0000
vt 0.2520 0.4571 0.0000
vt 0.2529 0.4571 0.0000
vt 0.1671 0.7831 0.0000
vt 0.1675 0.7831 0.0000
vt 0.1311 0.8741 0.0000
vt 0.1312 0.8750 0.0000
vt 0.1292 0.8751 0.0000
vt 0.1292 0.8741 0.0000
vt 0.1321 0.9090 0.0000
vt 0.1321 0.9094 0.0000
vt 0.1301 0.9095 0.0000
vt 0.1301 0.9091 0.0000
vt 0.1298 0.8154 0.0000
vt 0.1289 0.8155 0.0000
vt 0.1661 0.7821 0.0000
vt 0.1666 0.7821 0.0000
vt 0.0799 0.8625 0.0000
vt 0.0799 0.8635 0.0000
vt 0.1295 0.7624 0.0000
vt 0.1296 0.7629 0.0000
vt 0.1285 0.7629 0.0000
vt 0.1285 0.7624 0.0000
vt 0.2531 0.4601 0.0000
vt 0.2521 0.4602 0.0000
vt 0.1670 0.7821 0.0000
vt 0.1675 0.7820 0.0000
vt 0.1322 0.8740 0.0000
vt 0.1323 0.8750 0.0000
vt 0.2020 0.7537 0.0000
vt 0.2020 0.7542 0.0000
vt 0.2009 0.7542 0.0000
vt 0.2009 0.7537 0.0000
vt 0.1299 0.8165 0.0000
vt 0.1289 0.8166 0.0000
vt 0.1320 0.9025 0.0000
vt 0.1318 0.9020 0.0000
vt 0.1341 0.9019 0.0000
vt 0.1343 0.9023 0.0000
vt 0.2499 0.4612 0.0000
vt 0.2498 0.4601 0.0000
vt 0.0326 0.8546 0.0000
vt 0.0330 0.8546 0.0000
vt 0.0797 0.8603 0.0000
vt 0.0807 0.8602 0.0000
vt 0.1326 0.9106 0.0000
vt 0.1325 0.9110 0.0000
vt 0.1302 0.9111 0.0000
vt 0.1303 0.9106 0.0000
vt 0.1267 0.8176 0.0000
vt 0.1267 0.8165 0.0000
vt 0.3978 0.8059 0.0000
vt 0.3978 0.8054 0.0000
vt 0.1320 0.8718 0.0000
vt 0.1331 0.8717 0.0000
vt 0.2410 0.3421 0.0000
vt 0.2417 0.3421 0.0000
vt 0.2459 0.3420 0.0000
vt 0.2368 0.3424 0.0000
vt 0.2309 0.4456 0.0000
vt 0.2310 0.4460 0.0000
vt 0.2268 0.4462 0.0000
vt 0.2267 0.4457 0.0000
vt 0.2227 0.2255 0.0000
vt 0.2234 0.2255 0.0000
vt 0.2276 0.2255 0.0000
vt 0.2185 0.2258 0.0000
vt 0.1597 0.6519 0.0000
vt 0.1597 0.6515 0.0000
vt 0.1639 0.6513 0.0000
vt 0.1639 0.6518 0.0000
vt 0.2406 0.3314 0.0000
vt 0.2413 0.3313 0.0000
vt 0.1285 0.7660 0.0000
vt 0.1289 0.7659 0.0000
vt 0.1293 0.7767 0.0000
vt 0.1289 0.7767 0.0000
vt 0.2223 0.2148 0.0000
vt 0.2230 0.2148 0.0000
vt 0.1306 0.8067 0.0000
vt 0.1311 0.8067 0.0000
vt 0.1315 0.8174 0.0000
vt 0.1310 0.8174 0.0000
vt 0.3204 0.0907 0.0000
vt 0.3204 0.0912 0.0000
vt 0.3114 0.0915 0.0000
vt 0.3113 0.0910 0.0000
vt 0.3206 0.0597 0.0000
vt 0.3201 0.0597 0.0000
vt 0.3201 0.0590 0.0000
vt 0.3205 0.0590 0.0000
vt 0.1586 0.6515 0.0000
vt 0.1586 0.6520 0.0000
vt 0.1495 0.6523 0.0000
vt 0.1495 0.6519 0.0000
vt 0.1278 0.8658 0.0000
vt 0.1187 0.8662 0.0000
vt 0.1187 0.8657 0.0000
vt 0.1278 0.8654 0.0000
vt 0.1278 0.8663 0.0000
vt 0.1187 0.8665 0.0000
vt 0.1278 0.8668 0.0000
vt 0.1187 0.8671 0.0000
vt 0.0204 0.8063 0.0000
vt 0.0113 0.8066 0.0000
vt 0.0112 0.8056 0.0000
vt 0.0203 0.8053 0.0000
vt 0.0204 0.8072 0.0000
vt 0.0113 0.8073 0.0000
vt 0.2254 0.2226 0.0000
vt 0.2254 0.2222 0.0000
vt 0.2263 0.2221 0.0000
vt 0.2263 0.2226 0.0000
vt 0.2254 0.2231 0.0000
vt 0.2264 0.2231 0.0000
vt 0.2254 0.2236 0.0000
vt 0.2264 0.2235 0.0000
vt 0.1232 0.9107 0.0000
vt 0.1232 0.9111 0.0000
vt 0.1222 0.9112 0.0000
vt 0.1222 0.9107 0.0000
vt 0.2245 0.2231 0.0000
vt 0.2244 0.2227 0.0000
vt 0.1275 0.9110 0.0000
vt 0.1275 0.9114 0.0000
vt 0.1266 0.9115 0.0000
vt 0.1266 0.9110 0.0000
vt 0.0262 0.8571 0.0000
vt 0.0171 0.8575 0.0000
vt 0.0171 0.8565 0.0000
vt 0.0262 0.8562 0.0000
vt 0.0262 0.8577 0.0000
vt 0.0172 0.8584 0.0000
vt 0.3193 0.0746 0.0000
vt 0.3195 0.0741 0.0000
vt 0.3204 0.0740 0.0000
vt 0.3204 0.0745 0.0000
vt 0.3193 0.0749 0.0000
vt 0.3204 0.0750 0.0000
vt 0.3195 0.0755 0.0000
vt 0.3205 0.0754 0.0000
vt 0.3187 0.0746 0.0000
vt 0.3189 0.0741 0.0000
vt 0.2634 0.7519 0.0000
vt 0.2629 0.7519 0.0000
vt 0.2629 0.7509 0.0000
vt 0.2634 0.7509 0.0000
vt 0.3188 0.0755 0.0000
vt 0.3187 0.0749 0.0000
vt 0.1097 0.8669 0.0000
vt 0.1097 0.8666 0.0000
vt 0.4013 0.7572 0.0000
vt 0.4013 0.7577 0.0000
vt 0.3924 0.7581 0.0000
vt 0.3923 0.7575 0.0000
vt 0.1286 0.9125 0.0000
vt 0.1288 0.9125 0.0000
vt 0.1292 0.9215 0.0000
vt 0.1289 0.9215 0.0000
vt 0.1161 0.8071 0.0000
vt 0.1167 0.8071 0.0000
vt 0.1170 0.8161 0.0000
vt 0.1164 0.8161 0.0000
vt 0.2319 0.6310 0.0000
vt 0.2314 0.6310 0.0000
vt 0.2315 0.6308 0.0000
vt 0.2318 0.6308 0.0000
vt 0.2319 0.6300 0.0000
vt 0.2318 0.6302 0.0000
vt 0.2314 0.6300 0.0000
vt 0.2315 0.6302 0.0000
vt 0.1834 0.7164 0.0000
vt 0.1834 0.7159 0.0000
vt 0.1847 0.7158 0.0000
vt 0.1847 0.7164 0.0000
vt 0.1333 0.8655 0.0000
vt 0.1333 0.8665 0.0000
vt 0.1320 0.8666 0.0000
vt 0.1319 0.8656 0.0000
vt 0.1909 0.5489 0.0000
vt 0.1909 0.5484 0.0000
vt 0.1923 0.5483 0.0000
vt 0.1923 0.5488 0.0000
vt 0.1660 0.7810 0.0000
vt 0.1660 0.7799 0.0000
vt 0.1674 0.7799 0.0000
vt 0.1674 0.7809 0.0000
vt 0.1297 0.8653 0.0000
vt 0.1297 0.8657 0.0000
vt 0.0223 0.8062 0.0000
vt 0.0224 0.8071 0.0000
vt 0.2340 0.4455 0.0000
vt 0.2340 0.4459 0.0000
vt 0.2321 0.4460 0.0000
vt 0.2321 0.4455 0.0000
vt 0.1556 0.7611 0.0000
vt 0.1555 0.7601 0.0000
vt 0.1575 0.7601 0.0000
vt 0.1575 0.7610 0.0000
vt 0.1297 0.8662 0.0000
vt 0.1298 0.8667 0.0000
vt 0.2492 0.3835 0.0000
vt 0.2501 0.3835 0.0000
vt 0.2502 0.3855 0.0000
vt 0.2493 0.3855 0.0000
vt 0.2305 0.2203 0.0000
vt 0.2305 0.2208 0.0000
vt 0.2286 0.2209 0.0000
vt 0.2286 0.2204 0.0000
vt 0.0152 0.8585 0.0000
vt 0.0152 0.8576 0.0000
vt 0.1308 0.8652 0.0000
vt 0.1308 0.8657 0.0000
vt 0.0234 0.8061 0.0000
vt 0.0234 0.8071 0.0000
vt 0.1296 0.8729 0.0000
vt 0.1291 0.8729 0.0000
vt 0.1291 0.8719 0.0000
vt 0.1296 0.8719 0.0000
vt 0.1545 0.7611 0.0000
vt 0.1545 0.7602 0.0000
vt 0.1308 0.8662 0.0000
vt 0.1308 0.8666 0.0000
vt 0.2491 0.3825 0.0000
vt 0.2501 0.3824 0.0000
vt 0.2481 0.3851 0.0000
vt 0.2481 0.3855 0.0000
vt 0.2470 0.3856 0.0000
vt 0.2470 0.3851 0.0000
vt 0.0141 0.8585 0.0000
vt 0.0141 0.8576 0.0000
vt 0.4017 0.7756 0.0000
vt 0.4012 0.7757 0.0000
vt 0.4011 0.7734 0.0000
vt 0.4015 0.7733 0.0000
vt 0.1534 0.7579 0.0000
vt 0.1545 0.7579 0.0000
vt 0.1200 0.9117 0.0000
vt 0.1200 0.9112 0.0000
vt 0.0232 0.8039 0.0000
vt 0.0242 0.8038 0.0000
vt 0.1305 0.8032 0.0000
vt 0.1310 0.8032 0.0000
vt 0.1311 0.8056 0.0000
vt 0.1306 0.8055 0.0000
vt 0.0131 0.8554 0.0000
vt 0.0142 0.8553 0.0000
vt 0.1243 0.9111 0.0000
vt 0.1243 0.9106 0.0000
vt 0.2469 0.3827 0.0000
vt 0.2468 0.3816 0.0000
vt 0.1207 0.8177 0.0000
vt 0.1214 0.8176 0.0000
vt 0.1256 0.8176 0.0000
vt 0.1165 0.8179 0.0000
vt 0.1712 0.6510 0.0000
vt 0.1712 0.6515 0.0000
vt 0.1670 0.6516 0.0000
vt 0.1670 0.6512 0.0000
vt 0.1246 0.9234 0.0000
vt 0.1253 0.9234 0.0000
vt 0.1295 0.9233 0.0000
vt 0.1204 0.9237 0.0000
vt 0.3199 0.0537 0.0000
vt 0.3203 0.0537 0.0000
vt 0.3205 0.0579 0.0000
vt 0.3200 0.0579 0.0000
vt 0.1203 0.8070 0.0000
vt 0.1210 0.8069 0.0000
vt 0.1166 0.7633 0.0000
vt 0.1166 0.7629 0.0000
vt 0.1273 0.7625 0.0000
vt 0.1273 0.7629 0.0000
vt 0.1242 0.9127 0.0000
vt 0.1249 0.9127 0.0000
vt 0.1209 0.8544 0.0000
vt 0.1209 0.8539 0.0000
vt 0.1316 0.8535 0.0000
vt 0.1316 0.8540 0.0000
vt 0.5208 0.8321 0.0000
vt 0.5208 0.8203 0.0000
vt 0.5237 0.8191 0.0000
vt 0.5237 0.8333 0.0000
vt 0.6680 0.0663 0.0000
vt 0.6600 0.0676 0.0000
vt 0.6577 0.0647 0.0000
vt 0.6694 0.0629 0.0000
vt 0.5208 0.7467 0.0000
vt 0.5289 0.7467 0.0000
vt 0.5289 0.7495 0.0000
vt 0.5208 0.7495 0.0000
vt 0.7148 0.0536 0.0000
vt 0.7029 0.0536 0.0000
vt 0.7048 0.0505 0.0000
vt 0.7129 0.0505 0.0000
vt 0.7159 0.0555 0.0000
vt 0.7018 0.0555 0.0000
vt 0.6203 0.4063 0.0000
vt 0.6203 0.4303 0.0000
vt 0.6177 0.4321 0.0000
vt 0.6177 0.4060 0.0000
vt 0.6732 0.0856 0.0000
vt 0.6755 0.0853 0.0000
vt 0.5759 0.8690 0.0000
vt 0.5759 0.8484 0.0000
vt 0.5786 0.8484 0.0000
vt 0.5786 0.8690 0.0000
vt 0.7174 0.0297 0.0000
vt 0.7151 0.0299 0.0000
vt 0.7188 0.0295 0.0000
vt 0.6745 0.0965 0.0000
vt 0.6769 0.0858 0.0000
vt 0.6759 0.0981 0.0000
vt 0.6725 0.0952 0.0000
vt 0.5759 0.8787 0.0000
vt 0.5786 0.8787 0.0000
vt 0.7147 0.0183 0.0000
vt 0.7129 0.0202 0.0000
vt 0.7159 0.0171 0.0000
vt 0.6695 0.1026 0.0000
vt 0.6699 0.1054 0.0000
vt 0.6690 0.0994 0.0000
vt 0.5759 0.8825 0.0000
vt 0.5786 0.8825 0.0000
vt 0.7088 0.0128 0.0000
vt 0.7088 0.0165 0.0000
vt 0.7088 0.0106 0.0000
vt 0.6629 0.0984 0.0000
vt 0.6620 0.1003 0.0000
vt 0.6644 0.0965 0.0000
vt 0.5759 0.8873 0.0000
vt 0.5759 0.8836 0.0000
vt 0.5786 0.8836 0.0000
vt 0.5786 0.8873 0.0000
vt 0.7029 0.0183 0.0000
vt 0.7048 0.0202 0.0000
vt 0.7018 0.0171 0.0000
vt 0.6586 0.0879 0.0000
vt 0.6573 0.0888 0.0000
vt 0.6608 0.0875 0.0000
vt 0.5759 0.8970 0.0000
vt 0.5786 0.8970 0.0000
vt 0.7003 0.0297 0.0000
vt 0.7025 0.0299 0.0000
vt 0.6989 0.0295 0.0000
vt 0.6203 0.3534 0.0000
vt 0.6203 0.3774 0.0000
vt 0.6177 0.3777 0.0000
vt 0.6177 0.3516 0.0000
vt 0.5759 0.9176 0.0000
vt 0.5786 0.9176 0.0000
vt 0.2636 0.9368 0.0000
vt 0.2644 0.9604 0.0000
vt 0.2643 0.9604 0.0000
vt 0.2635 0.9368 0.0000
vt 0.2632 0.9263 0.0000
vt 0.2631 0.9263 0.0000
vt 0.2630 0.9211 0.0000
vt 0.2629 0.9211 0.0000
vt 0.2567 0.5893 0.0000
vt 0.2569 0.5946 0.0000
vt 0.2568 0.5946 0.0000
vt 0.2566 0.5893 0.0000
vt 0.2563 0.5789 0.0000
vt 0.2562 0.5789 0.0000
vt 0.2554 0.5553 0.0000
vt 0.2553 0.5553 0.0000
vt 0.1082 0.7684 0.0000
vt 0.0970 0.7688 0.0000
vt 0.0970 0.7687 0.0000
vt 0.1082 0.7683 0.0000
vt 0.1996 0.8661 0.0000
vt 0.1883 0.8665 0.0000
vt 0.1856 0.8430 0.0000
vt 0.2006 0.8424 0.0000
vt 0.1871 0.8324 0.0000
vt 0.1925 0.8270 0.0000
vt 0.1983 0.8320 0.0000
vt 0.3495 0.3621 0.0000
vt 0.3485 0.3857 0.0000
vt 0.3372 0.3862 0.0000
vt 0.3345 0.3626 0.0000
vt 0.3360 0.3521 0.0000
vt 0.3414 0.3466 0.0000
vt 0.3472 0.3517 0.0000
vt 0.5208 0.8051 0.0000
vt 0.5237 0.8039 0.0000
vt 0.5237 0.8181 0.0000
vt 0.5208 0.8169 0.0000
vt 0.5619 0.4713 0.0000
vt 0.5595 0.4684 0.0000
vt 0.5712 0.4666 0.0000
vt 0.5699 0.4700 0.0000
vt 0.5778 0.7252 0.0000
vt 0.5751 0.7252 0.0000
vt 0.5751 0.7171 0.0000
vt 0.5778 0.7171 0.0000
vt 0.6048 0.2769 0.0000
vt 0.6067 0.2738 0.0000
vt 0.6148 0.2738 0.0000
vt 0.6166 0.2769 0.0000
vt 0.6036 0.2787 0.0000
vt 0.6178 0.2787 0.0000
vt 0.6203 0.4589 0.0000
vt 0.6177 0.4592 0.0000
vt 0.6177 0.4331 0.0000
vt 0.6203 0.4349 0.0000
vt 0.5627 0.4912 0.0000
vt 0.5605 0.4916 0.0000
vt 0.5759 0.8267 0.0000
vt 0.5786 0.8267 0.0000
vt 0.5786 0.8473 0.0000
vt 0.5759 0.8473 0.0000
vt 0.6022 0.2530 0.0000
vt 0.6044 0.2532 0.0000
vt 0.6008 0.2528 0.0000
vt 0.5647 0.5021 0.0000
vt 0.5639 0.5040 0.0000
vt 0.5592 0.4925 0.0000
vt 0.5663 0.5001 0.0000
vt 0.5759 0.8170 0.0000
vt 0.5786 0.8170 0.0000
vt 0.6048 0.2416 0.0000
vt 0.6066 0.2435 0.0000
vt 0.6037 0.2404 0.0000
vt 0.5714 0.5063 0.0000
vt 0.5718 0.5091 0.0000
vt 0.5709 0.5031 0.0000
vt 0.5759 0.8133 0.0000
vt 0.5786 0.8133 0.0000
vt 0.6107 0.2361 0.0000
vt 0.6107 0.2398 0.0000
vt 0.6107 0.2338 0.0000
vt 0.5764 0.5003 0.0000
vt 0.5778 0.5018 0.0000
vt 0.5743 0.4989 0.0000
vt 0.5759 0.8085 0.0000
vt 0.5786 0.8085 0.0000
vt 0.5786 0.8122 0.0000
vt 0.5759 0.8122 0.0000
vt 0.6166 0.2415 0.0000
vt 0.6148 0.2435 0.0000
vt 0.6178 0.2403 0.0000
vt 0.5773 0.4890 0.0000
vt 0.5788 0.4895 0.0000
vt 0.5751 0.4893 0.0000
vt 0.5759 0.7987 0.0000
vt 0.5786 0.7987 0.0000
vt 0.6193 0.2530 0.0000
vt 0.6170 0.2532 0.0000
vt 0.6206 0.2528 0.0000
vt 0.6203 0.4031 0.0000
vt 0.6177 0.4049 0.0000
vt 0.6177 0.3788 0.0000
vt 0.6203 0.3791 0.0000
vt 0.5759 0.7781 0.0000
vt 0.5786 0.7781 0.0000
vt 0.2081 0.5307 0.0000
vt 0.2081 0.5306 0.0000
vt 0.2317 0.5297 0.0000
vt 0.2317 0.5298 0.0000
vt 0.1976 0.5311 0.0000
vt 0.1976 0.5310 0.0000
vt 0.1924 0.5313 0.0000
vt 0.1924 0.5312 0.0000
vt 0.2230 0.5489 0.0000
vt 0.2230 0.5488 0.0000
vt 0.2282 0.5486 0.0000
vt 0.2282 0.5487 0.0000
vt 0.2125 0.5493 0.0000
vt 0.2125 0.5492 0.0000
vt 0.1889 0.5502 0.0000
vt 0.1889 0.5501 0.0000
vt 0.0846 0.7693 0.0000
vt 0.0846 0.7692 0.0000
vt 0.0958 0.7688 0.0000
vt 0.0959 0.7688 0.0000
vt 0.1855 0.7227 0.0000
vt 0.1909 0.7173 0.0000
vt 0.1967 0.7223 0.0000
vt 0.1840 0.7333 0.0000
vt 0.1990 0.7327 0.0000
vt 0.1868 0.7568 0.0000
vt 0.1980 0.7564 0.0000
vt 0.1222 0.9316 0.0000
vt 0.1276 0.9261 0.0000
vt 0.1334 0.9312 0.0000
vt 0.1357 0.9416 0.0000
vt 0.1207 0.9421 0.0000
vt 0.1347 0.9652 0.0000
vt 0.1235 0.9657 0.0000
vt 0.0842 0.8677 0.0000
vt 0.0856 0.8696 0.0000
vt 0.0843 0.8716 0.0000
vt 0.0802 0.8698 0.0000
vt 0.0816 0.8717 0.0000
vt 0.0815 0.8678 0.0000
vt 0.5772 0.7598 0.0000
vt 0.5745 0.7598 0.0000
vt 0.5731 0.7578 0.0000
vt 0.5772 0.7558 0.0000
vt 0.5745 0.7558 0.0000
vt 0.5785 0.7578 0.0000
vt 0.4936 0.3766 0.0000
vt 0.4919 0.3769 0.0000
vt 0.4919 0.3740 0.0000
vt 0.4936 0.3737 0.0000
vt 0.4987 0.3776 0.0000
vt 0.5004 0.3772 0.0000
vt 0.5004 0.3801 0.0000
vt 0.4987 0.3805 0.0000
vt 0.4968 0.3766 0.0000
vt 0.4968 0.3737 0.0000
vt 0.5036 0.3772 0.0000
vt 0.5036 0.3801 0.0000
vt 0.4984 0.3769 0.0000
vt 0.4984 0.3740 0.0000
vt 0.5052 0.3776 0.0000
vt 0.5052 0.3805 0.0000
vt 0.4968 0.3772 0.0000
vt 0.4984 0.3776 0.0000
vt 0.4984 0.3805 0.0000
vt 0.4968 0.3801 0.0000
vt 0.5153 0.3803 0.0000
vt 0.5153 0.3827 0.0000
vt 0.5124 0.3825 0.0000
vt 0.5123 0.3801 0.0000
vt 0.4936 0.3772 0.0000
vt 0.4936 0.3801 0.0000
vt 0.5036 0.3730 0.0000
vt 0.5004 0.3730 0.0000
vt 0.5004 0.3701 0.0000
vt 0.5036 0.3701 0.0000
vt 0.4919 0.3776 0.0000
vt 0.4919 0.3805 0.0000
vt 0.4987 0.3734 0.0000
vt 0.4987 0.3705 0.0000
vt 0.4826 0.3848 0.0000
vt 0.4839 0.3829 0.0000
vt 0.4845 0.3829 0.0000
vt 0.4828 0.3852 0.0000
vt 0.4826 0.3809 0.0000
vt 0.4828 0.3805 0.0000
vt 0.4799 0.3809 0.0000
vt 0.4796 0.3805 0.0000
vt 0.4785 0.3829 0.0000
vt 0.4780 0.3829 0.0000
vt 0.4799 0.3848 0.0000
vt 0.4796 0.3852 0.0000
vt 0.4925 0.3932 0.0000
vt 0.4938 0.3952 0.0000
vt 0.4936 0.3956 0.0000
vt 0.4919 0.3932 0.0000
vt 0.4965 0.3952 0.0000
vt 0.4968 0.3956 0.0000
vt 0.4979 0.3932 0.0000
vt 0.4984 0.3932 0.0000
vt 0.4965 0.3913 0.0000
vt 0.4968 0.3909 0.0000
vt 0.4938 0.3913 0.0000
vt 0.4936 0.3909 0.0000
vt 0.4993 0.3932 0.0000
vt 0.5006 0.3952 0.0000
vt 0.5004 0.3956 0.0000
vt 0.4987 0.3932 0.0000
vt 0.5033 0.3952 0.0000
vt 0.5036 0.3956 0.0000
vt 0.5047 0.3932 0.0000
vt 0.5052 0.3932 0.0000
vt 0.5033 0.3913 0.0000
vt 0.5036 0.3909 0.0000
vt 0.5006 0.3913 0.0000
vt 0.5004 0.3909 0.0000
vt 0.4826 0.3798 0.0000
vt 0.4839 0.3778 0.0000
vt 0.4845 0.3778 0.0000
vt 0.4828 0.3802 0.0000
vt 0.4826 0.3759 0.0000
vt 0.4828 0.3755 0.0000
vt 0.4799 0.3759 0.0000
vt 0.4796 0.3755 0.0000
vt 0.4785 0.3778 0.0000
vt 0.4780 0.3778 0.0000
vt 0.4799 0.3798 0.0000
vt 0.4796 0.3802 0.0000
vt 0.0294 0.8036 0.0000
vt 0.0308 0.8056 0.0000
vt 0.0296 0.8076 0.0000
vt 0.0254 0.8058 0.0000
vt 0.0269 0.8077 0.0000
vt 0.0267 0.8037 0.0000
vt 0.5948 0.5302 0.0000
vt 0.5921 0.5302 0.0000
vt 0.5908 0.5282 0.0000
vt 0.5948 0.5263 0.0000
vt 0.5921 0.5263 0.0000
vt 0.5962 0.5282 0.0000
vt 0.5365 0.3923 0.0000
vt 0.5349 0.3926 0.0000
vt 0.5349 0.3897 0.0000
vt 0.5365 0.3894 0.0000
vt 0.5191 0.3859 0.0000
vt 0.5208 0.3855 0.0000
vt 0.5208 0.3884 0.0000
vt 0.5191 0.3888 0.0000
vt 0.5398 0.3923 0.0000
vt 0.5398 0.3894 0.0000
vt 0.5240 0.3855 0.0000
vt 0.5240 0.3884 0.0000
vt 0.5414 0.3926 0.0000
vt 0.5414 0.3897 0.0000
vt 0.5256 0.3859 0.0000
vt 0.5256 0.3888 0.0000
vt 0.4898 0.3721 0.0000
vt 0.4914 0.3724 0.0000
vt 0.4914 0.3753 0.0000
vt 0.4898 0.3750 0.0000
vt 0.4845 0.3701 0.0000
vt 0.4828 0.3698 0.0000
vt 0.4828 0.3669 0.0000
vt 0.4845 0.3672 0.0000
vt 0.4866 0.3721 0.0000
vt 0.4866 0.3750 0.0000
vt 0.4796 0.3698 0.0000
vt 0.4796 0.3669 0.0000
vt 0.4850 0.3724 0.0000
vt 0.4850 0.3753 0.0000
vt 0.4780 0.3701 0.0000
vt 0.4780 0.3672 0.0000
vt 0.4965 0.3902 0.0000
vt 0.4979 0.3882 0.0000
vt 0.4984 0.3882 0.0000
vt 0.4968 0.3906 0.0000
vt 0.4965 0.3862 0.0000
vt 0.4968 0.3858 0.0000
vt 0.4938 0.3862 0.0000
vt 0.4936 0.3858 0.0000
vt 0.4925 0.3882 0.0000
vt 0.4919 0.3882 0.0000
vt 0.4938 0.3902 0.0000
vt 0.4936 0.3906 0.0000
vt 0.4855 0.3880 0.0000
vt 0.4869 0.3900 0.0000
vt 0.4866 0.3904 0.0000
vt 0.4850 0.3880 0.0000
vt 0.4896 0.3900 0.0000
vt 0.4898 0.3904 0.0000
vt 0.4909 0.3880 0.0000
vt 0.4914 0.3880 0.0000
vt 0.4896 0.3861 0.0000
vt 0.4898 0.3857 0.0000
vt 0.4869 0.3861 0.0000
vt 0.4866 0.3857 0.0000
vt 0.5711 0.4141 0.0000
vt 0.5725 0.4160 0.0000
vt 0.5722 0.4164 0.0000
vt 0.5706 0.4141 0.0000
vt 0.5752 0.4160 0.0000
vt 0.5755 0.4164 0.0000
vt 0.5765 0.4141 0.0000
vt 0.5771 0.4141 0.0000
vt 0.5752 0.4121 0.0000
vt 0.5755 0.4117 0.0000
vt 0.5725 0.4121 0.0000
vt 0.5722 0.4117 0.0000
vt 0.4896 0.3850 0.0000
vt 0.4909 0.3830 0.0000
vt 0.4914 0.3830 0.0000
vt 0.4898 0.3854 0.0000
vt 0.4896 0.3810 0.0000
vt 0.4898 0.3806 0.0000
vt 0.4869 0.3810 0.0000
vt 0.4866 0.3806 0.0000
vt 0.4855 0.3830 0.0000
vt 0.4850 0.3830 0.0000
vt 0.4869 0.3850 0.0000
vt 0.4866 0.3854 0.0000
vt 0.1110 0.7960 0.0000
vt 0.1124 0.7979 0.0000
vt 0.1111 0.7999 0.0000
vt 0.1070 0.7981 0.0000
vt 0.1084 0.8000 0.0000
vt 0.1083 0.7961 0.0000
vt 0.5598 0.7497 0.0000
vt 0.5571 0.7497 0.0000
vt 0.5558 0.7477 0.0000
vt 0.5598 0.7458 0.0000
vt 0.5571 0.7458 0.0000
vt 0.5612 0.7477 0.0000
vt 0.5240 0.3823 0.0000
vt 0.5256 0.3820 0.0000
vt 0.5256 0.3849 0.0000
vt 0.5240 0.3852 0.0000
vt 0.4914 0.3714 0.0000
vt 0.4898 0.3718 0.0000
vt 0.4898 0.3689 0.0000
vt 0.4914 0.3685 0.0000
vt 0.5208 0.3823 0.0000
vt 0.5208 0.3852 0.0000
vt 0.4866 0.3718 0.0000
vt 0.4866 0.3689 0.0000
vt 0.5191 0.3820 0.0000
vt 0.5191 0.3849 0.0000
vt 0.4850 0.3714 0.0000
vt 0.4850 0.3685 0.0000
vt 0.5140 0.3906 0.0000
vt 0.5123 0.3902 0.0000
vt 0.5123 0.3873 0.0000
vt 0.5140 0.3877 0.0000
vt 0.4780 0.3633 0.0000
vt 0.4796 0.3637 0.0000
vt 0.4796 0.3666 0.0000
vt 0.4780 0.3662 0.0000
vt 0.5172 0.3906 0.0000
vt 0.5172 0.3877 0.0000
vt 0.4828 0.3637 0.0000
vt 0.4828 0.3666 0.0000
vt 0.5188 0.3902 0.0000
vt 0.5188 0.3873 0.0000
vt 0.4845 0.3633 0.0000
vt 0.4845 0.3662 0.0000
vt 0.4896 0.3799 0.0000
vt 0.4909 0.3780 0.0000
vt 0.4914 0.3780 0.0000
vt 0.4898 0.3803 0.0000
vt 0.4896 0.3760 0.0000
vt 0.4898 0.3756 0.0000
vt 0.4869 0.3760 0.0000
vt 0.4866 0.3756 0.0000
vt 0.4855 0.3780 0.0000
vt 0.4850 0.3780 0.0000
vt 0.4869 0.3799 0.0000
vt 0.4866 0.3803 0.0000
vt 0.5061 0.3932 0.0000
vt 0.5074 0.3952 0.0000
vt 0.5072 0.3956 0.0000
vt 0.5055 0.3932 0.0000
vt 0.5101 0.3952 0.0000
vt 0.5104 0.3956 0.0000
vt 0.5115 0.3932 0.0000
vt 0.5120 0.3932 0.0000
vt 0.5101 0.3913 0.0000
vt 0.5104 0.3909 0.0000
vt 0.5074 0.3913 0.0000
vt 0.5072 0.3909 0.0000
vt 0.4925 0.3832 0.0000
vt 0.4938 0.3851 0.0000
vt 0.4936 0.3855 0.0000
vt 0.4919 0.3832 0.0000
vt 0.4965 0.3851 0.0000
vt 0.4968 0.3855 0.0000
vt 0.4979 0.3832 0.0000
vt 0.4984 0.3832 0.0000
vt 0.4965 0.3812 0.0000
vt 0.4968 0.3808 0.0000
vt 0.4938 0.3812 0.0000
vt 0.4936 0.3808 0.0000
vt 0.4826 0.3748 0.0000
vt 0.4839 0.3728 0.0000
vt 0.4845 0.3728 0.0000
vt 0.4828 0.3752 0.0000
vt 0.4826 0.3708 0.0000
vt 0.4828 0.3704 0.0000
vt 0.4799 0.3708 0.0000
vt 0.4796 0.3704 0.0000
vt 0.4785 0.3728 0.0000
vt 0.4780 0.3728 0.0000
vt 0.4799 0.3748 0.0000
vt 0.4796 0.3752 0.0000
vt 0.3968 0.7783 0.0000
vt 0.3987 0.7769 0.0000
vt 0.4007 0.7782 0.0000
vt 0.3989 0.7823 0.0000
vt 0.4008 0.7809 0.0000
vt 0.3969 0.7810 0.0000
vt 0.5847 0.9483 0.0000
vt 0.5820 0.9483 0.0000
vt 0.5806 0.9464 0.0000
vt 0.5847 0.9444 0.0000
vt 0.5820 0.9444 0.0000
vt 0.5860 0.9464 0.0000
vt 0.5086 0.3752 0.0000
vt 0.5085 0.3776 0.0000
vt 0.5055 0.3776 0.0000
vt 0.5057 0.3752 0.0000
vt 0.5052 0.3766 0.0000
vt 0.5036 0.3769 0.0000
vt 0.5036 0.3740 0.0000
vt 0.5052 0.3737 0.0000
vt 0.4796 0.3601 0.0000
vt 0.4828 0.3601 0.0000
vt 0.4828 0.3630 0.0000
vt 0.4796 0.3630 0.0000
vt 0.5004 0.3769 0.0000
vt 0.5004 0.3740 0.0000
vt 0.4780 0.3598 0.0000
vt 0.4780 0.3627 0.0000
vt 0.4987 0.3766 0.0000
vt 0.4987 0.3737 0.0000
vt 0.5072 0.3855 0.0000
vt 0.5055 0.3852 0.0000
vt 0.5055 0.3823 0.0000
vt 0.5072 0.3826 0.0000
vt 0.5259 0.3855 0.0000
vt 0.5276 0.3859 0.0000
vt 0.5276 0.3888 0.0000
vt 0.5259 0.3884 0.0000
vt 0.5104 0.3855 0.0000
vt 0.5104 0.3826 0.0000
vt 0.5308 0.3859 0.0000
vt 0.5308 0.3888 0.0000
vt 0.5120 0.3852 0.0000
vt 0.5120 0.3823 0.0000
vt 0.5324 0.3855 0.0000
vt 0.5324 0.3884 0.0000
vt 0.5169 0.3952 0.0000
vt 0.5183 0.3932 0.0000
vt 0.5188 0.3932 0.0000
vt 0.5172 0.3956 0.0000
vt 0.5169 0.3913 0.0000
vt 0.5172 0.3909 0.0000
vt 0.5142 0.3913 0.0000
vt 0.5140 0.3909 0.0000
vt 0.5129 0.3932 0.0000
vt 0.5123 0.3932 0.0000
vt 0.5142 0.3952 0.0000
vt 0.5140 0.3956 0.0000
vt 0.4993 0.3882 0.0000
vt 0.5006 0.3902 0.0000
vt 0.5004 0.3906 0.0000
vt 0.4987 0.3882 0.0000
vt 0.5033 0.3902 0.0000
vt 0.5036 0.3906 0.0000
vt 0.5047 0.3882 0.0000
vt 0.5052 0.3882 0.0000
vt 0.5033 0.3862 0.0000
vt 0.5036 0.3858 0.0000
vt 0.5006 0.3862 0.0000
vt 0.5004 0.3858 0.0000
vt 0.5061 0.3882 0.0000
vt 0.5074 0.3902 0.0000
vt 0.5072 0.3906 0.0000
vt 0.5055 0.3882 0.0000
vt 0.5101 0.3902 0.0000
vt 0.5104 0.3906 0.0000
vt 0.5115 0.3882 0.0000
vt 0.5120 0.3882 0.0000
vt 0.5101 0.3862 0.0000
vt 0.5104 0.3858 0.0000
vt 0.5074 0.3862 0.0000
vt 0.5072 0.3858 0.0000
vt 0.5033 0.3851 0.0000
vt 0.5047 0.3832 0.0000
vt 0.5052 0.3832 0.0000
vt 0.5036 0.3855 0.0000
vt 0.5033 0.3812 0.0000
vt 0.5036 0.3808 0.0000
vt 0.5006 0.3812 0.0000
vt 0.5004 0.3808 0.0000
vt 0.4993 0.3832 0.0000
vt 0.4987 0.3832 0.0000
vt 0.5006 0.3851 0.0000
vt 0.5004 0.3855 0.0000
vt 0.5924 0.8059 0.0000
vt 0.5975 0.7616 0.0000
vt 0.5980 0.7616 0.0000
vt 0.5929 0.8054 0.0000
vt 0.5578 0.5305 0.0000
vt 0.5578 0.5751 0.0000
vt 0.5573 0.5751 0.0000
vt 0.5573 0.5305 0.0000
vt 0.5562 0.6933 0.0000
vt 0.5612 0.7371 0.0000
vt 0.5609 0.7371 0.0000
vt 0.5558 0.6928 0.0000
vt 0.6116 0.8081 0.0000
vt 0.6121 0.8077 0.0000
vt 0.5213 0.8344 0.0000
vt 0.5213 0.8579 0.0000
vt 0.5208 0.8579 0.0000
vt 0.5208 0.8344 0.0000
vt 0.5795 0.6906 0.0000
vt 0.5791 0.6902 0.0000
vt 0.5932 0.9662 0.0000
vt 0.5937 0.9657 0.0000
vt 0.5821 0.7371 0.0000
vt 0.5821 0.5780 0.0000
vt 0.5826 0.5780 0.0000
vt 0.5826 0.7371 0.0000
vt 0.5614 0.5325 0.0000
vt 0.5610 0.5321 0.0000
vt 0.6043 0.9675 0.0000
vt 0.6045 0.9670 0.0000
vt 0.5745 0.5310 0.0000
vt 0.5745 0.5305 0.0000
vt 0.6896 0.1745 0.0000
vt 0.6891 0.1745 0.0000
vt 0.6894 0.1742 0.0000
vt 0.5224 0.8018 0.0000
vt 0.5224 0.7877 0.0000
vt 0.5228 0.7877 0.0000
vt 0.5228 0.8018 0.0000
vt 0.6095 0.7311 0.0000
vt 0.6095 0.7171 0.0000
vt 0.6100 0.7171 0.0000
vt 0.6100 0.7311 0.0000
vt 0.5456 0.8022 0.0000
vt 0.5456 0.7882 0.0000
vt 0.5460 0.7882 0.0000
vt 0.5460 0.8022 0.0000
vt 0.5679 0.4884 0.0000
vt 0.5679 0.4878 0.0000
vt 0.5683 0.4881 0.0000
vt 0.5727 0.4922 0.0000
vt 0.5727 0.4928 0.0000
vt 0.5724 0.4925 0.0000
vt 0.6224 0.3489 0.0000
vt 0.6224 0.3349 0.0000
vt 0.6229 0.3349 0.0000
vt 0.6229 0.3489 0.0000
vt 0.5239 0.8018 0.0000
vt 0.5239 0.7877 0.0000
vt 0.5245 0.7877 0.0000
vt 0.5245 0.8018 0.0000
vt 0.5806 0.5696 0.0000
vt 0.5806 0.5555 0.0000
vt 0.5810 0.5555 0.0000
vt 0.5810 0.5696 0.0000
vt 0.5724 0.4944 0.0000
vt 0.5724 0.4939 0.0000
vt 0.5727 0.4941 0.0000
vt 0.7077 0.0225 0.0000
vt 0.7082 0.0225 0.0000
vt 0.7080 0.0228 0.0000
vt 0.5472 0.8022 0.0000
vt 0.5472 0.7882 0.0000
vt 0.5475 0.7882 0.0000
vt 0.5475 0.8022 0.0000
vt 0.6406 0.1710 0.0000
vt 0.6406 0.1570 0.0000
vt 0.6411 0.1570 0.0000
vt 0.6411 0.1710 0.0000
vt 0.5456 0.7871 0.0000
vt 0.5456 0.7731 0.0000
vt 0.5460 0.7731 0.0000
vt 0.5460 0.7871 0.0000
vt 0.6941 0.0608 0.0000
vt 0.6935 0.0608 0.0000
vt 0.6938 0.0604 0.0000
vt 0.6952 0.1482 0.0000
vt 0.6957 0.1482 0.0000
vt 0.6955 0.1485 0.0000
vt 0.5939 0.7605 0.0000
vt 0.5939 0.7465 0.0000
vt 0.5944 0.7465 0.0000
vt 0.5944 0.7605 0.0000
vt 0.6048 0.5235 0.0000
vt 0.5908 0.5235 0.0000
vt 0.5908 0.5229 0.0000
vt 0.6048 0.5229 0.0000
vt 0.6253 0.7999 0.0000
vt 0.6253 0.7859 0.0000
vt 0.6257 0.7859 0.0000
vt 0.6257 0.7999 0.0000
vt 0.7082 0.0417 0.0000
vt 0.7077 0.0417 0.0000
vt 0.7080 0.0413 0.0000
vt 0.6116 0.2646 0.0000
vt 0.6121 0.2646 0.0000
vt 0.6118 0.2649 0.0000
vt 0.5806 0.5545 0.0000
vt 0.5806 0.5404 0.0000
vt 0.5810 0.5404 0.0000
vt 0.5810 0.5545 0.0000
vt 0.6692 0.2104 0.0000
vt 0.6692 0.1964 0.0000
vt 0.6698 0.1964 0.0000
vt 0.6698 0.2104 0.0000
vt 0.6240 0.3489 0.0000
vt 0.6240 0.3349 0.0000
vt 0.6244 0.3349 0.0000
vt 0.6244 0.3489 0.0000
vt 0.6130 0.2498 0.0000
vt 0.6130 0.2504 0.0000
vt 0.6126 0.2501 0.0000
vt 0.6099 0.2646 0.0000
vt 0.6105 0.2646 0.0000
vt 0.6102 0.2649 0.0000
vt 0.6807 0.2164 0.0000
vt 0.6859 0.1721 0.0000
vt 0.6863 0.1722 0.0000
vt 0.6812 0.2160 0.0000
vt 0.5563 0.5305 0.0000
vt 0.5563 0.5751 0.0000
vt 0.5558 0.5751 0.0000
vt 0.5558 0.5305 0.0000
vt 0.5212 0.9259 0.0000
vt 0.5262 0.9697 0.0000
vt 0.5259 0.9698 0.0000
vt 0.5208 0.9255 0.0000
vt 0.7000 0.2186 0.0000
vt 0.7004 0.2182 0.0000
vt 0.5244 0.7632 0.0000
vt 0.5244 0.7867 0.0000
vt 0.5239 0.7867 0.0000
vt 0.5239 0.7632 0.0000
vt 0.5445 0.9232 0.0000
vt 0.5441 0.9228 0.0000
vt 0.6816 0.3767 0.0000
vt 0.6820 0.3763 0.0000
vt 0.6224 0.5091 0.0000
vt 0.6224 0.3500 0.0000
vt 0.6229 0.3500 0.0000
vt 0.6229 0.5091 0.0000
vt 0.5265 0.7651 0.0000
vt 0.5261 0.7647 0.0000
vt 0.6926 0.3780 0.0000
vt 0.6928 0.3775 0.0000
vt 0.5396 0.7636 0.0000
vt 0.5395 0.7632 0.0000
vt 0.6935 0.0593 0.0000
vt 0.6935 0.0589 0.0000
vt 0.6939 0.0591 0.0000
vt 0.6943 0.1710 0.0000
vt 0.6807 0.1710 0.0000
vt 0.6807 0.1705 0.0000
vt 0.6943 0.1705 0.0000
vt 0.6943 0.1695 0.0000
vt 0.6807 0.1695 0.0000
vt 0.6807 0.1690 0.0000
vt 0.6943 0.1690 0.0000
vt 0.5963 0.7371 0.0000
vt 0.5958 0.7371 0.0000
vt 0.5908 0.6928 0.0000
vt 0.5912 0.6933 0.0000
vt 0.5573 0.5762 0.0000
vt 0.5578 0.5762 0.0000
vt 0.5578 0.6208 0.0000
vt 0.5573 0.6208 0.0000
vt 0.5744 0.9675 0.0000
vt 0.5740 0.9674 0.0000
vt 0.5791 0.9236 0.0000
vt 0.5795 0.9232 0.0000
vt 0.6100 0.6906 0.0000
vt 0.6105 0.6911 0.0000
vt 0.5826 0.5769 0.0000
vt 0.5821 0.5769 0.0000
vt 0.5821 0.5534 0.0000
vt 0.5826 0.5534 0.0000
vt 0.5558 0.9209 0.0000
vt 0.5562 0.9205 0.0000
vt 0.5919 0.5325 0.0000
vt 0.5924 0.5330 0.0000
vt 0.5842 0.7371 0.0000
vt 0.5837 0.7371 0.0000
vt 0.5837 0.5780 0.0000
vt 0.5842 0.5780 0.0000
vt 0.5742 0.7629 0.0000
vt 0.5746 0.7624 0.0000
vt 0.6030 0.5313 0.0000
vt 0.6032 0.5317 0.0000
vt 0.5611 0.7613 0.0000
vt 0.5611 0.7608 0.0000
vt 0.6876 0.1742 0.0000
vt 0.6881 0.1742 0.0000
vt 0.6878 0.1745 0.0000
vt 0.5679 0.4727 0.0000
vt 0.5684 0.4727 0.0000
vt 0.5684 0.4867 0.0000
vt 0.5679 0.4867 0.0000
vt 0.6560 0.3580 0.0000
vt 0.6566 0.3580 0.0000
vt 0.6566 0.3720 0.0000
vt 0.6560 0.3720 0.0000
vt 0.6997 0.1779 0.0000
vt 0.7001 0.1779 0.0000
vt 0.7001 0.1920 0.0000
vt 0.6997 0.1920 0.0000
vt 0.5828 0.9494 0.0000
vt 0.5834 0.9494 0.0000
vt 0.5831 0.9498 0.0000
vt 0.5834 0.9593 0.0000
vt 0.5828 0.9593 0.0000
vt 0.5831 0.9590 0.0000
vt 0.6673 0.4246 0.0000
vt 0.6676 0.4246 0.0000
vt 0.6676 0.4386 0.0000
vt 0.6673 0.4386 0.0000
vt 0.6227 0.5555 0.0000
vt 0.6233 0.5555 0.0000
vt 0.6233 0.5696 0.0000
vt 0.6227 0.5696 0.0000
vt 0.5924 0.7465 0.0000
vt 0.5928 0.7465 0.0000
vt 0.5928 0.7605 0.0000
vt 0.5924 0.7605 0.0000
vt 0.7107 0.0271 0.0000
vt 0.7107 0.0266 0.0000
vt 0.7111 0.0268 0.0000
vt 0.7099 0.0417 0.0000
vt 0.7093 0.0417 0.0000
vt 0.7096 0.0413 0.0000
vt 0.6807 0.1679 0.0000
vt 0.6807 0.1676 0.0000
vt 0.6947 0.1676 0.0000
vt 0.6947 0.1679 0.0000
vt 0.5720 0.9534 0.0000
vt 0.5725 0.9534 0.0000
vt 0.5725 0.9675 0.0000
vt 0.5720 0.9675 0.0000
vt 0.6224 0.3198 0.0000
vt 0.6229 0.3198 0.0000
vt 0.6229 0.3338 0.0000
vt 0.6224 0.3338 0.0000
vt 0.7093 0.0225 0.0000
vt 0.7099 0.0225 0.0000
vt 0.7096 0.0228 0.0000
vt 0.5532 0.7081 0.0000
vt 0.5526 0.7081 0.0000
vt 0.5529 0.7077 0.0000
vt 0.5558 0.6219 0.0000
vt 0.5562 0.6219 0.0000
vt 0.5562 0.6359 0.0000
vt 0.5558 0.6359 0.0000
vt 0.6373 0.1570 0.0000
vt 0.6378 0.1570 0.0000
vt 0.6378 0.1710 0.0000
vt 0.6373 0.1710 0.0000
vt 0.6140 0.4951 0.0000
vt 0.6144 0.4951 0.0000
vt 0.6144 0.5091 0.0000
vt 0.6140 0.5091 0.0000
vt 0.4943 0.9426 0.0000
vt 0.4949 0.9426 0.0000
vt 0.4946 0.9430 0.0000
vt 0.4949 0.9444 0.0000
vt 0.4943 0.9444 0.0000
vt 0.4946 0.9441 0.0000
vt 0.5558 0.6370 0.0000
vt 0.5562 0.6370 0.0000
vt 0.5562 0.6510 0.0000
vt 0.5558 0.6510 0.0000
vt 0.6389 0.1570 0.0000
vt 0.6395 0.1570 0.0000
vt 0.6395 0.1710 0.0000
vt 0.6389 0.1710 0.0000
vt 0.6140 0.4796 0.0000
vt 0.6144 0.4796 0.0000
vt 0.6144 0.4937 0.0000
vt 0.6140 0.4937 0.0000
vt 0.6055 0.7712 0.0000
vt 0.6055 0.7717 0.0000
vt 0.6051 0.7715 0.0000
vt 0.4948 0.9683 0.0000
vt 0.4943 0.9683 0.0000
vt 0.4945 0.9680 0.0000
vt 0.6428 0.3779 0.0000
vt 0.6423 0.3780 0.0000
vt 0.6373 0.3337 0.0000
vt 0.6378 0.3341 0.0000
vt 0.5558 0.5762 0.0000
vt 0.5563 0.5762 0.0000
vt 0.5563 0.6208 0.0000
vt 0.5558 0.6208 0.0000
vt 0.6162 0.5091 0.0000
vt 0.6158 0.5090 0.0000
vt 0.6209 0.4652 0.0000
vt 0.6213 0.4648 0.0000
vt 0.6565 0.3315 0.0000
vt 0.6570 0.3319 0.0000
vt 0.5224 0.7632 0.0000
vt 0.5229 0.7632 0.0000
vt 0.5229 0.7867 0.0000
vt 0.5224 0.7867 0.0000
vt 0.5976 0.4625 0.0000
vt 0.5980 0.4621 0.0000
vt 0.6384 0.1734 0.0000
vt 0.6389 0.1738 0.0000
vt 0.6245 0.5091 0.0000
vt 0.6240 0.5091 0.0000
vt 0.6240 0.3500 0.0000
vt 0.6245 0.3500 0.0000
vt 0.6160 0.3045 0.0000
vt 0.6164 0.3040 0.0000
vt 0.6495 0.1721 0.0000
vt 0.6497 0.1726 0.0000
vt 0.6029 0.3030 0.0000
vt 0.6030 0.3025 0.0000
vt 0.6955 0.0603 0.0000
vt 0.6955 0.0608 0.0000
vt 0.6952 0.0605 0.0000
vt 0.5955 0.7605 0.0000
vt 0.5955 0.7600 0.0000
vt 0.6090 0.7600 0.0000
vt 0.6090 0.7605 0.0000
vt 0.7144 0.2104 0.0000
vt 0.7139 0.2104 0.0000
vt 0.7139 0.1969 0.0000
vt 0.7144 0.1969 0.0000
vt 0.5536 0.7416 0.0000
vt 0.5536 0.9698 0.0000
vt 0.5532 0.9698 0.0000
vt 0.5532 0.7421 0.0000
vt 0.6745 0.4070 0.0000
vt 0.6745 0.6352 0.0000
vt 0.6740 0.6352 0.0000
vt 0.6740 0.4070 0.0000
vt 0.6301 0.7389 0.0000
vt 0.6301 0.5112 0.0000
vt 0.6304 0.5112 0.0000
vt 0.6304 0.7394 0.0000
vt 0.5209 0.7416 0.0000
vt 0.5208 0.7421 0.0000
vt 0.5594 0.5305 0.0000
vt 0.5594 0.5702 0.0000
vt 0.5589 0.5702 0.0000
vt 0.5589 0.5305 0.0000
vt 0.5908 0.7389 0.0000
vt 0.5908 0.7394 0.0000
vt 0.6957 0.0622 0.0000
vt 0.6952 0.0622 0.0000
vt 0.6954 0.0618 0.0000
vt 0.6630 0.4598 0.0000
vt 0.6630 0.4486 0.0000
vt 0.6633 0.4486 0.0000
vt 0.6633 0.4598 0.0000
vt 0.6630 0.4475 0.0000
vt 0.6630 0.4364 0.0000
vt 0.6635 0.4364 0.0000
vt 0.6635 0.4475 0.0000
vt 0.6337 0.5004 0.0000
vt 0.6337 0.4892 0.0000
vt 0.6341 0.4892 0.0000
vt 0.6341 0.5004 0.0000
vt 0.7002 0.0603 0.0000
vt 0.6996 0.0603 0.0000
vt 0.6999 0.0599 0.0000
vt 0.6961 0.0650 0.0000
vt 0.6961 0.0644 0.0000
vt 0.6965 0.0647 0.0000
vt 0.7121 0.5004 0.0000
vt 0.7121 0.4892 0.0000
vt 0.7125 0.4892 0.0000
vt 0.7125 0.5004 0.0000
vt 0.6084 0.5285 0.0000
vt 0.5972 0.5285 0.0000
vt 0.5972 0.5280 0.0000
vt 0.6084 0.5280 0.0000
vt 0.7164 0.5356 0.0000
vt 0.7164 0.5245 0.0000
vt 0.7168 0.5245 0.0000
vt 0.7168 0.5356 0.0000
vt 0.5532 0.7052 0.0000
vt 0.5526 0.7052 0.0000
vt 0.5529 0.7048 0.0000
vt 0.5526 0.7063 0.0000
vt 0.5532 0.7063 0.0000
vt 0.5529 0.7066 0.0000
vt 0.6587 0.4774 0.0000
vt 0.6587 0.4662 0.0000
vt 0.6590 0.4662 0.0000
vt 0.6590 0.4774 0.0000
vt 0.6811 0.4358 0.0000
vt 0.6811 0.4246 0.0000
vt 0.6816 0.4246 0.0000
vt 0.6816 0.4358 0.0000
vt 0.6552 0.4828 0.0000
vt 0.6552 0.4716 0.0000
vt 0.6557 0.4716 0.0000
vt 0.6557 0.4828 0.0000
vt 0.7002 0.1499 0.0000
vt 0.6996 0.1499 0.0000
vt 0.6999 0.1496 0.0000
vt 0.6935 0.0618 0.0000
vt 0.6941 0.0618 0.0000
vt 0.6938 0.0622 0.0000
vt 0.6397 0.5768 0.0000
vt 0.6397 0.5656 0.0000
vt 0.6401 0.5656 0.0000
vt 0.6401 0.5768 0.0000
vt 0.7107 0.0394 0.0000
vt 0.7107 0.0282 0.0000
vt 0.7113 0.0282 0.0000
vt 0.7113 0.0394 0.0000
vt 0.7095 0.5768 0.0000
vt 0.7095 0.5656 0.0000
vt 0.7099 0.5656 0.0000
vt 0.7099 0.5768 0.0000
vt 0.7066 0.0228 0.0000
vt 0.7060 0.0228 0.0000
vt 0.7063 0.0225 0.0000
vt 0.7060 0.0413 0.0000
vt 0.7066 0.0413 0.0000
vt 0.7063 0.0417 0.0000
vt 0.6304 0.2809 0.0000
vt 0.6304 0.5091 0.0000
vt 0.6300 0.5091 0.0000
vt 0.6300 0.2814 0.0000
vt 0.6761 0.4070 0.0000
vt 0.6761 0.6352 0.0000
vt 0.6756 0.6352 0.0000
vt 0.6756 0.4070 0.0000
vt 0.6766 0.3798 0.0000
vt 0.6766 0.1521 0.0000
vt 0.6769 0.1521 0.0000
vt 0.6769 0.3803 0.0000
vt 0.5977 0.2809 0.0000
vt 0.5976 0.2814 0.0000
vt 0.5594 0.5762 0.0000
vt 0.5594 0.6159 0.0000
vt 0.5589 0.6159 0.0000
vt 0.5589 0.5762 0.0000
vt 0.6373 0.3798 0.0000
vt 0.6373 0.3803 0.0000
vt 0.6957 0.1471 0.0000
vt 0.6952 0.1471 0.0000
vt 0.6954 0.1467 0.0000
vt 0.6475 0.3947 0.0000
vt 0.6475 0.3835 0.0000
vt 0.6479 0.3835 0.0000
vt 0.6479 0.3947 0.0000
vt 0.6587 0.4652 0.0000
vt 0.6587 0.4540 0.0000
vt 0.6592 0.4540 0.0000
vt 0.6592 0.4652 0.0000
vt 0.6862 0.4598 0.0000
vt 0.6862 0.4486 0.0000
vt 0.6866 0.4486 0.0000
vt 0.6866 0.4598 0.0000
vt 0.6957 0.1499 0.0000
vt 0.6952 0.1499 0.0000
vt 0.6955 0.1496 0.0000
vt 0.6935 0.1467 0.0000
vt 0.6941 0.1467 0.0000
vt 0.6938 0.1471 0.0000
vt 0.5882 0.7416 0.0000
vt 0.5886 0.7416 0.0000
vt 0.5886 0.9698 0.0000
vt 0.5882 0.9693 0.0000
vt 0.6724 0.4070 0.0000
vt 0.6729 0.4070 0.0000
vt 0.6729 0.6352 0.0000
vt 0.6724 0.6352 0.0000
vt 0.5908 0.7416 0.0000
vt 0.5911 0.7416 0.0000
vt 0.5911 0.9693 0.0000
vt 0.5908 0.9698 0.0000
vt 0.5559 0.9698 0.0000
vt 0.5558 0.9693 0.0000
vt 0.5573 0.6219 0.0000
vt 0.5578 0.6219 0.0000
vt 0.5578 0.6615 0.0000
vt 0.5573 0.6615 0.0000
vt 0.6304 0.9693 0.0000
vt 0.6304 0.9698 0.0000
vt 0.6939 0.1452 0.0000
vt 0.6939 0.1456 0.0000
vt 0.6935 0.1454 0.0000
vt 0.6673 0.4397 0.0000
vt 0.6676 0.4397 0.0000
vt 0.6676 0.4509 0.0000
vt 0.6673 0.4509 0.0000
vt 0.6862 0.4364 0.0000
vt 0.6868 0.4364 0.0000
vt 0.6868 0.4475 0.0000
vt 0.6862 0.4475 0.0000
vt 0.6948 0.4716 0.0000
vt 0.6953 0.4716 0.0000
vt 0.6953 0.4828 0.0000
vt 0.6948 0.4828 0.0000
vt 0.6980 0.0599 0.0000
vt 0.6986 0.0599 0.0000
vt 0.6983 0.0603 0.0000
vt 0.6941 0.1499 0.0000
vt 0.6935 0.1499 0.0000
vt 0.6938 0.1496 0.0000
vt 0.7035 0.5303 0.0000
vt 0.7039 0.5303 0.0000
vt 0.7039 0.5415 0.0000
vt 0.7035 0.5415 0.0000
vt 0.5972 0.5302 0.0000
vt 0.5972 0.5296 0.0000
vt 0.6084 0.5296 0.0000
vt 0.6084 0.5302 0.0000
vt 0.6561 0.3835 0.0000
vt 0.6565 0.3835 0.0000
vt 0.6565 0.3947 0.0000
vt 0.6561 0.3947 0.0000
vt 0.7171 0.0116 0.0000
vt 0.7177 0.0116 0.0000
vt 0.7174 0.0120 0.0000
vt 0.7088 0.0273 0.0000
vt 0.7083 0.0273 0.0000
vt 0.7085 0.0270 0.0000
vt 0.6811 0.4369 0.0000
vt 0.6814 0.4369 0.0000
vt 0.6814 0.4481 0.0000
vt 0.6811 0.4481 0.0000
vt 0.7015 0.1638 0.0000
vt 0.7015 0.1632 0.0000
vt 0.7127 0.1632 0.0000
vt 0.7127 0.1638 0.0000
vt 0.6983 0.4951 0.0000
vt 0.6987 0.4951 0.0000
vt 0.6987 0.5063 0.0000
vt 0.6983 0.5063 0.0000
vt 0.6935 0.1482 0.0000
vt 0.6941 0.1482 0.0000
vt 0.6938 0.1485 0.0000
vt 0.6986 0.1499 0.0000
vt 0.6980 0.1499 0.0000
vt 0.6983 0.1496 0.0000
vt 0.6440 0.5303 0.0000
vt 0.6445 0.5303 0.0000
vt 0.6445 0.5415 0.0000
vt 0.6440 0.5415 0.0000
vt 0.5440 0.7509 0.0000
vt 0.5445 0.7509 0.0000
vt 0.5445 0.7621 0.0000
vt 0.5440 0.7621 0.0000
vt 0.6500 0.4951 0.0000
vt 0.6505 0.4951 0.0000
vt 0.6505 0.5063 0.0000
vt 0.6500 0.5063 0.0000
vt 0.4943 0.9694 0.0000
vt 0.4948 0.9694 0.0000
vt 0.4945 0.9698 0.0000
vt 0.6051 0.7701 0.0000
vt 0.6051 0.7695 0.0000
vt 0.6055 0.7698 0.0000
vt 0.5882 0.5112 0.0000
vt 0.5886 0.5112 0.0000
vt 0.5886 0.7394 0.0000
vt 0.5882 0.7389 0.0000
vt 0.6771 0.4070 0.0000
vt 0.6776 0.4070 0.0000
vt 0.6776 0.6352 0.0000
vt 0.6771 0.6352 0.0000
vt 0.6791 0.1521 0.0000
vt 0.6794 0.1521 0.0000
vt 0.6794 0.3798 0.0000
vt 0.6791 0.3803 0.0000
vt 0.5559 0.7394 0.0000
vt 0.5558 0.7389 0.0000
vt 0.5208 0.7632 0.0000
vt 0.5213 0.7632 0.0000
vt 0.5213 0.8028 0.0000
vt 0.5208 0.8028 0.0000
vt 0.7188 0.3798 0.0000
vt 0.7188 0.3803 0.0000
vt 0.7000 0.1764 0.0000
vt 0.7000 0.1769 0.0000
vt 0.6997 0.1766 0.0000
vt 0.6337 0.5245 0.0000
vt 0.6340 0.5245 0.0000
vt 0.6340 0.5356 0.0000
vt 0.6337 0.5356 0.0000
vt 0.6126 0.2515 0.0000
vt 0.6132 0.2515 0.0000
vt 0.6132 0.2627 0.0000
vt 0.6126 0.2627 0.0000
vt 0.6905 0.4540 0.0000
vt 0.6910 0.4540 0.0000
vt 0.6910 0.4652 0.0000
vt 0.6905 0.4652 0.0000
vt 0.6055 0.7728 0.0000
vt 0.6055 0.7734 0.0000
vt 0.6051 0.7731 0.0000
vt 0.5724 0.4911 0.0000
vt 0.5724 0.4906 0.0000
vt 0.5727 0.4909 0.0000
vt 0.5806 0.5706 0.0000
vt 0.5810 0.5706 0.0000
vt 0.5810 0.7371 0.0000
vt 0.5806 0.7371 0.0000
vt 0.5456 0.9698 0.0000
vt 0.5456 0.8033 0.0000
vt 0.5461 0.8033 0.0000
vt 0.5461 0.9698 0.0000
vt 0.6276 0.5706 0.0000
vt 0.6276 0.7371 0.0000
vt 0.6116 0.7371 0.0000
vt 0.6116 0.5706 0.0000
vt 0.5908 0.5250 0.0000
vt 0.5908 0.5245 0.0000
vt 0.6071 0.5247 0.0000
vt 0.6071 0.5252 0.0000
vt 0.6741 0.2115 0.0000
vt 0.6741 0.3780 0.0000
vt 0.6581 0.3780 0.0000
vt 0.6581 0.2115 0.0000
vt 0.5976 0.4694 0.0000
vt 0.5976 0.4689 0.0000
vt 0.6139 0.4694 0.0000
vt 0.6139 0.4698 0.0000
vt 0.5487 0.9698 0.0000
vt 0.5487 0.8033 0.0000
vt 0.5491 0.8033 0.0000
vt 0.5491 0.9698 0.0000
vt 0.5476 0.9698 0.0000
vt 0.5472 0.9698 0.0000
vt 0.5472 0.8033 0.0000
vt 0.5476 0.8033 0.0000
vt 0.7015 0.2115 0.0000
vt 0.7175 0.2115 0.0000
vt 0.7175 0.3780 0.0000
vt 0.7015 0.3780 0.0000
vt 0.6652 0.0691 0.0000
vt 0.6623 0.0851 0.0000
vt 0.6619 0.0851 0.0000
vt 0.6648 0.0690 0.0000
vt 0.6132 0.8010 0.0000
vt 0.6292 0.8010 0.0000
vt 0.6292 0.9675 0.0000
vt 0.6132 0.9675 0.0000
vt 0.5669 0.4728 0.0000
vt 0.5642 0.4889 0.0000
vt 0.5638 0.4888 0.0000
vt 0.5664 0.4727 0.0000
vt 0.5123 0.3870 0.0000
vt 0.5123 0.3851 0.0000
vt 0.5171 0.3851 0.0000
vt 0.5171 0.3870 0.0000
vt 0.5259 0.3816 0.0000
vt 0.5259 0.3802 0.0000
vt 0.5307 0.3802 0.0000
vt 0.5307 0.3816 0.0000
vt 0.5259 0.3830 0.0000
vt 0.5307 0.3830 0.0000
vt 0.5055 0.3800 0.0000
vt 0.5055 0.3781 0.0000
vt 0.5103 0.3781 0.0000
vt 0.5103 0.3800 0.0000
vt 0.5055 0.3820 0.0000
vt 0.5103 0.3820 0.0000
vt 0.5441 0.3874 0.0000
vt 0.5441 0.3860 0.0000
vt 0.5489 0.3860 0.0000
vt 0.5489 0.3874 0.0000
vt 0.5441 0.3888 0.0000
vt 0.5489 0.3888 0.0000
vt 0.5123 0.3831 0.0000
vt 0.5171 0.3831 0.0000
vt 0.4823 0.4115 0.0000
vt 0.4848 0.4115 0.0000
vt 0.4848 0.4121 0.0000
vt 0.4823 0.4121 0.0000
vt 0.5765 0.4373 0.0000
vt 0.5747 0.4373 0.0000
vt 0.5747 0.4368 0.0000
vt 0.5765 0.4368 0.0000
vt 0.5783 0.4373 0.0000
vt 0.5783 0.4368 0.0000
vt 0.5056 0.4115 0.0000
vt 0.5081 0.4115 0.0000
vt 0.5081 0.4121 0.0000
vt 0.5056 0.4121 0.0000
vt 0.5031 0.4115 0.0000
vt 0.5031 0.4121 0.0000
vt 0.5757 0.4253 0.0000
vt 0.5739 0.4253 0.0000
vt 0.5739 0.4248 0.0000
vt 0.5757 0.4248 0.0000
vt 0.5775 0.4253 0.0000
vt 0.5775 0.4248 0.0000
vt 0.4872 0.4115 0.0000
vt 0.4872 0.4121 0.0000
vt 0.4813 0.3880 0.0000
vt 0.4821 0.3904 0.0000
vt 0.4795 0.3904 0.0000
vt 0.4842 0.3889 0.0000
vt 0.4846 0.3869 0.0000
vt 0.4831 0.3855 0.0000
vt 0.4806 0.3856 0.0000
vt 0.4784 0.3870 0.0000
vt 0.4780 0.3890 0.0000
vt 0.4877 0.3913 0.0000
vt 0.4860 0.3924 0.0000
vt 0.4854 0.3922 0.0000
vt 0.4875 0.3908 0.0000
vt 0.4857 0.3940 0.0000
vt 0.4850 0.3942 0.0000
vt 0.4869 0.3951 0.0000
vt 0.4865 0.3956 0.0000
vt 0.4889 0.3950 0.0000
vt 0.4891 0.3955 0.0000
vt 0.4906 0.3939 0.0000
vt 0.4912 0.3941 0.0000
vt 0.4909 0.3923 0.0000
vt 0.4916 0.3921 0.0000
vt 0.4897 0.3912 0.0000
vt 0.4901 0.3907 0.0000
vt 0.4919 0.3695 0.0000
vt 0.4967 0.3695 0.0000
vt 0.4967 0.3714 0.0000
vt 0.4919 0.3714 0.0000
vt 0.5531 0.3912 0.0000
vt 0.5578 0.3912 0.0000
vt 0.5578 0.3926 0.0000
vt 0.5531 0.3926 0.0000
vt 0.5531 0.3899 0.0000
vt 0.5578 0.3899 0.0000
vt 0.4850 0.3663 0.0000
vt 0.4897 0.3663 0.0000
vt 0.4897 0.3682 0.0000
vt 0.4850 0.3682 0.0000
vt 0.4850 0.3643 0.0000
vt 0.4897 0.3643 0.0000
vt 0.5191 0.3803 0.0000
vt 0.5239 0.3803 0.0000
vt 0.5239 0.3816 0.0000
vt 0.5191 0.3816 0.0000
vt 0.5191 0.3789 0.0000
vt 0.5239 0.3789 0.0000
vt 0.4967 0.3734 0.0000
vt 0.4919 0.3734 0.0000
vt 0.4923 0.4115 0.0000
vt 0.4923 0.4121 0.0000
vt 0.4899 0.4121 0.0000
vt 0.4899 0.4115 0.0000
vt 0.5750 0.4110 0.0000
vt 0.5750 0.4105 0.0000
vt 0.5768 0.4105 0.0000
vt 0.5768 0.4110 0.0000
vt 0.5732 0.4110 0.0000
vt 0.5732 0.4105 0.0000
vt 0.5005 0.4115 0.0000
vt 0.5005 0.4121 0.0000
vt 0.4980 0.4121 0.0000
vt 0.4980 0.4115 0.0000
vt 0.5030 0.4115 0.0000
vt 0.5030 0.4121 0.0000
vt 0.5765 0.4397 0.0000
vt 0.5765 0.4392 0.0000
vt 0.5783 0.4392 0.0000
vt 0.5783 0.4397 0.0000
vt 0.5747 0.4397 0.0000
vt 0.5747 0.4392 0.0000
vt 0.4874 0.4121 0.0000
vt 0.4874 0.4115 0.0000
vt 0.5669 0.4140 0.0000
vt 0.5640 0.4130 0.0000
vt 0.5662 0.4116 0.0000
vt 0.5688 0.4116 0.0000
vt 0.5703 0.4129 0.0000
vt 0.5698 0.4149 0.0000
vt 0.5677 0.4164 0.0000
vt 0.5651 0.4164 0.0000
vt 0.5636 0.4150 0.0000
vt 0.4819 0.3950 0.0000
vt 0.4821 0.3955 0.0000
vt 0.4795 0.3956 0.0000
vt 0.4799 0.3951 0.0000
vt 0.4780 0.3942 0.0000
vt 0.4787 0.3940 0.0000
vt 0.4784 0.3922 0.0000
vt 0.4790 0.3924 0.0000
vt 0.4806 0.3908 0.0000
vt 0.4807 0.3913 0.0000
vt 0.4831 0.3907 0.0000
vt 0.4827 0.3912 0.0000
vt 0.4846 0.3921 0.0000
vt 0.4839 0.3923 0.0000
vt 0.4842 0.3941 0.0000
vt 0.4836 0.3939 0.0000
vt 0.5314 0.9524 0.0000
vt 0.5338 0.9504 0.0000
vt 0.5342 0.9510 0.0000
vt 0.5320 0.9528 0.0000
vt 0.5301 0.9517 0.0000
vt 0.5329 0.9494 0.0000
vt 0.5294 0.9513 0.0000
vt 0.5324 0.9488 0.0000
vt 0.5750 0.7068 0.0000
vt 0.5778 0.7090 0.0000
vt 0.5774 0.7095 0.0000
vt 0.5743 0.7072 0.0000
vt 0.5762 0.7060 0.0000
vt 0.5787 0.7079 0.0000
vt 0.5768 0.7056 0.0000
vt 0.5791 0.7073 0.0000
vt 0.5300 0.9562 0.0000
vt 0.5308 0.9561 0.0000
vt 0.5283 0.9565 0.0000
vt 0.5275 0.9566 0.0000
vt 0.5730 0.7021 0.0000
vt 0.5722 0.7020 0.0000
vt 0.5747 0.7022 0.0000
vt 0.5755 0.7023 0.0000
vt 0.5310 0.9589 0.0000
vt 0.5317 0.9585 0.0000
vt 0.5296 0.9598 0.0000
vt 0.5290 0.9603 0.0000
vt 0.5742 0.6987 0.0000
vt 0.5735 0.6982 0.0000
vt 0.5756 0.6995 0.0000
vt 0.5763 0.6999 0.0000
vt 0.5338 0.9622 0.0000
vt 0.5344 0.9617 0.0000
vt 0.5325 0.9633 0.0000
vt 0.5319 0.9638 0.0000
vt 0.5769 0.6951 0.0000
vt 0.5763 0.6946 0.0000
vt 0.5782 0.6961 0.0000
vt 0.5789 0.6966 0.0000
vt 0.6580 0.1017 0.0000
vt 0.6594 0.1017 0.0000
vt 0.6601 0.1027 0.0000
vt 0.6573 0.1027 0.0000
vt 0.6580 0.1037 0.0000
vt 0.6594 0.1037 0.0000
vt 0.5503 0.6948 0.0000
vt 0.5487 0.6948 0.0000
vt 0.5479 0.6938 0.0000
vt 0.5503 0.6927 0.0000
vt 0.5511 0.6938 0.0000
vt 0.5487 0.6927 0.0000
vt 0.5658 0.5267 0.0000
vt 0.5658 0.5274 0.0000
vt 0.5627 0.5273 0.0000
vt 0.5629 0.5267 0.0000
vt 0.5657 0.5288 0.0000
vt 0.5621 0.5287 0.0000
vt 0.5657 0.5295 0.0000
vt 0.5619 0.5294 0.0000
vt 0.5329 0.7621 0.0000
vt 0.5329 0.7614 0.0000
vt 0.5365 0.7614 0.0000
vt 0.5368 0.7621 0.0000
vt 0.5329 0.7600 0.0000
vt 0.5360 0.7600 0.0000
vt 0.5329 0.7593 0.0000
vt 0.5357 0.7593 0.0000
vt 0.5591 0.5253 0.0000
vt 0.5599 0.5249 0.0000
vt 0.5577 0.5261 0.0000
vt 0.5570 0.5266 0.0000
vt 0.5409 0.7588 0.0000
vt 0.5416 0.7592 0.0000
vt 0.5395 0.7579 0.0000
vt 0.5388 0.7575 0.0000
vt 0.5582 0.5225 0.0000
vt 0.5591 0.5224 0.0000
vt 0.5566 0.5227 0.0000
vt 0.5558 0.5228 0.0000
vt 0.5420 0.7553 0.0000
vt 0.5429 0.7554 0.0000
vt 0.5404 0.7552 0.0000
vt 0.5396 0.7551 0.0000
vt 0.5582 0.5182 0.0000
vt 0.5591 0.5182 0.0000
vt 0.5566 0.5182 0.0000
vt 0.5558 0.5182 0.0000
vt 0.5421 0.7509 0.0000
vt 0.5429 0.7509 0.0000
vt 0.5404 0.7509 0.0000
vt 0.5396 0.7509 0.0000
vt 0.6686 0.0912 0.0000
vt 0.6700 0.0912 0.0000
vt 0.6707 0.0922 0.0000
vt 0.6679 0.0922 0.0000
vt 0.6700 0.0933 0.0000
vt 0.6686 0.0933 0.0000
vt 0.6699 0.0877 0.0000
vt 0.6699 0.0893 0.0000
vt 0.6689 0.0869 0.0000
vt 0.6689 0.0901 0.0000
vt 0.6679 0.0893 0.0000
vt 0.6679 0.0877 0.0000
vt 0.4975 0.3678 0.0000
vt 0.4975 0.3690 0.0000
vt 0.4919 0.3690 0.0000
vt 0.4919 0.3678 0.0000
vt 0.5708 0.4307 0.0000
vt 0.5708 0.4296 0.0000
vt 0.5764 0.4296 0.0000
vt 0.5764 0.4307 0.0000
vt 0.5686 0.4285 0.0000
vt 0.5686 0.4273 0.0000
vt 0.5742 0.4273 0.0000
vt 0.5742 0.4285 0.0000
vt 0.5686 0.4265 0.0000
vt 0.5742 0.4265 0.0000
vt 0.5417 0.3904 0.0000
vt 0.5417 0.3893 0.0000
vt 0.5472 0.3893 0.0000
vt 0.5472 0.3904 0.0000
vt 0.4975 0.3671 0.0000
vt 0.4919 0.3671 0.0000
vt 0.2389 0.3403 0.0000
vt 0.2379 0.3409 0.0000
vt 0.2368 0.3404 0.0000
vt 0.2378 0.3387 0.0000
vt 0.2367 0.3393 0.0000
vt 0.2389 0.3392 0.0000
vt 0.6095 0.2484 0.0000
vt 0.6084 0.2484 0.0000
vt 0.6079 0.2473 0.0000
vt 0.6095 0.2462 0.0000
vt 0.6084 0.2462 0.0000
vt 0.6100 0.2473 0.0000
vt 0.5603 0.5075 0.0000
vt 0.5592 0.5070 0.0000
vt 0.5595 0.5068 0.0000
vt 0.5603 0.5072 0.0000
vt 0.5592 0.5059 0.0000
vt 0.5595 0.5061 0.0000
vt 0.5603 0.5054 0.0000
vt 0.5603 0.5057 0.0000
vt 0.5614 0.5059 0.0000
vt 0.5611 0.5061 0.0000
vt 0.5614 0.5070 0.0000
vt 0.5611 0.5068 0.0000
vt 0.6094 0.7105 0.0000
vt 0.6086 0.7105 0.0000
vt 0.6086 0.6947 0.0000
vt 0.6094 0.6947 0.0000
vt 0.5773 0.5295 0.0000
vt 0.5765 0.5295 0.0000
vt 0.5765 0.5137 0.0000
vt 0.5773 0.5137 0.0000
vt 0.6551 0.3356 0.0000
vt 0.6560 0.3356 0.0000
vt 0.6560 0.3514 0.0000
vt 0.6551 0.3514 0.0000
vt 0.6565 0.3356 0.0000
vt 0.6565 0.3514 0.0000
vt 0.6263 0.5091 0.0000
vt 0.6256 0.5091 0.0000
vt 0.6256 0.4933 0.0000
vt 0.6263 0.4933 0.0000
vt 0.6100 0.7105 0.0000
vt 0.6100 0.6947 0.0000
vt 0.6114 0.2473 0.0000
vt 0.6118 0.2481 0.0000
vt 0.6116 0.2484 0.0000
vt 0.6111 0.2473 0.0000
vt 0.6125 0.2481 0.0000
vt 0.6127 0.2484 0.0000
vt 0.6129 0.2473 0.0000
vt 0.6132 0.2473 0.0000
vt 0.6125 0.2465 0.0000
vt 0.6127 0.2462 0.0000
vt 0.6118 0.2465 0.0000
vt 0.6116 0.2462 0.0000
vt 0.5516 0.6682 0.0000
vt 0.5516 0.6694 0.0000
vt 0.5479 0.6694 0.0000
vt 0.5479 0.6682 0.0000
vt 0.6019 0.2392 0.0000
vt 0.6008 0.2392 0.0000
vt 0.6008 0.2355 0.0000
vt 0.6019 0.2355 0.0000
vt 0.4895 0.9444 0.0000
vt 0.4895 0.9432 0.0000
vt 0.4932 0.9432 0.0000
vt 0.4932 0.9444 0.0000
vt 0.4895 0.9425 0.0000
vt 0.4932 0.9425 0.0000
vt 0.6201 0.2392 0.0000
vt 0.6190 0.2392 0.0000
vt 0.6190 0.2355 0.0000
vt 0.6201 0.2355 0.0000
vt 0.5516 0.6674 0.0000
vt 0.5479 0.6674 0.0000
vt 0.5186 0.9237 0.0000
vt 0.5186 0.9698 0.0000
vt 0.4973 0.9698 0.0000
vt 0.4973 0.9237 0.0000
vt 0.6682 0.1644 0.0000
vt 0.6682 0.2104 0.0000
vt 0.6581 0.2104 0.0000
vt 0.6581 0.1567 0.0000
vt 0.6439 0.3569 0.0000
vt 0.6439 0.3356 0.0000
vt 0.6540 0.3356 0.0000
vt 0.6540 0.3569 0.0000
vt 0.6216 0.5158 0.0000
vt 0.6216 0.5619 0.0000
vt 0.6116 0.5696 0.0000
vt 0.6116 0.5158 0.0000
vt 0.5974 0.7160 0.0000
vt 0.5974 0.6947 0.0000
vt 0.6075 0.6947 0.0000
vt 0.6075 0.7160 0.0000
vt 0.6940 0.1839 0.0000
vt 0.6876 0.1857 0.0000
vt 0.6876 0.1793 0.0000
vt 0.6908 0.1756 0.0000
vt 0.6954 0.1768 0.0000
vt 0.6986 0.1822 0.0000
vt 0.6986 0.1886 0.0000
vt 0.6962 0.1913 0.0000
vt 0.6951 0.1908 0.0000
vt 0.6942 0.1920 0.0000
vt 0.6908 0.1911 0.0000
vt 0.6126 0.5056 0.0000
vt 0.6114 0.5091 0.0000
vt 0.6053 0.5091 0.0000
vt 0.6053 0.5056 0.0000
vt 0.6494 0.3689 0.0000
vt 0.6494 0.3723 0.0000
vt 0.6450 0.3723 0.0000
vt 0.6442 0.3689 0.0000
vt 0.6546 0.3689 0.0000
vt 0.6538 0.3723 0.0000
vt 0.6053 0.4902 0.0000
vt 0.6053 0.4937 0.0000
vt 0.5991 0.4937 0.0000
vt 0.5980 0.4902 0.0000
vt 0.6126 0.4902 0.0000
vt 0.6114 0.4937 0.0000
vt 0.5977 0.7280 0.0000
vt 0.6018 0.7280 0.0000
vt 0.6018 0.7315 0.0000
vt 0.5985 0.7315 0.0000
vt 0.6081 0.7280 0.0000
vt 0.6073 0.7315 0.0000
vt 0.6040 0.7315 0.0000
vt 0.6040 0.7280 0.0000
vt 0.5991 0.5091 0.0000
vt 0.5980 0.5056 0.0000
vt 0.6129 0.5017 0.0000
vt 0.6053 0.5017 0.0000
vt 0.6494 0.3650 0.0000
vt 0.6439 0.3650 0.0000
vt 0.6549 0.3650 0.0000
vt 0.6053 0.4863 0.0000
vt 0.5976 0.4863 0.0000
vt 0.6129 0.4863 0.0000
vt 0.5974 0.7241 0.0000
vt 0.6018 0.7241 0.0000
vt 0.6084 0.7241 0.0000
vt 0.6040 0.7241 0.0000
vt 0.5976 0.5017 0.0000
vt 0.6129 0.4962 0.0000
vt 0.6053 0.4962 0.0000
vt 0.6494 0.3594 0.0000
vt 0.6439 0.3594 0.0000
vt 0.6549 0.3594 0.0000
vt 0.6053 0.4807 0.0000
vt 0.5976 0.4807 0.0000
vt 0.6129 0.4807 0.0000
vt 0.5974 0.7185 0.0000
vt 0.6018 0.7185 0.0000
vt 0.6084 0.7185 0.0000
vt 0.6040 0.7185 0.0000
vt 0.5976 0.4962 0.0000
vt 0.5558 0.9317 0.0000
vt 0.5595 0.9277 0.0000
vt 0.5649 0.9289 0.0000
vt 0.5598 0.9445 0.0000
vt 0.5688 0.9346 0.0000
vt 0.5689 0.9416 0.0000
vt 0.5652 0.9457 0.0000
vt 0.5559 0.9387 0.0000
vt 0.6053 0.4947 0.0000
vt 0.6129 0.4947 0.0000
vt 0.5976 0.4947 0.0000
vt 0.6029 0.7171 0.0000
vt 0.6084 0.7171 0.0000
vt 0.5974 0.7171 0.0000
vt 0.6053 0.4793 0.0000
vt 0.6129 0.4793 0.0000
vt 0.5976 0.4793 0.0000
vt 0.6494 0.3580 0.0000
vt 0.6549 0.3580 0.0000
vt 0.6439 0.3580 0.0000
vt 0.5604 0.9661 0.0000
vt 0.5559 0.9595 0.0000
vt 0.5581 0.9588 0.0000
vt 0.5613 0.9634 0.0000
vt 0.5558 0.9515 0.0000
vt 0.5580 0.9531 0.0000
vt 0.5601 0.9468 0.0000
vt 0.5610 0.9498 0.0000
vt 0.5663 0.9481 0.0000
vt 0.5654 0.9508 0.0000
vt 0.5707 0.9548 0.0000
vt 0.5686 0.9555 0.0000
vt 0.5709 0.9628 0.0000
vt 0.5687 0.9611 0.0000
vt 0.5666 0.9675 0.0000
vt 0.5656 0.9644 0.0000
vt 0.5719 0.9336 0.0000
vt 0.5719 0.9390 0.0000
vt 0.5708 0.9390 0.0000
vt 0.5708 0.9336 0.0000
vt 0.5719 0.9444 0.0000
vt 0.5708 0.9444 0.0000
vt 0.6193 0.5147 0.0000
vt 0.6154 0.5147 0.0000
vt 0.6154 0.5136 0.0000
vt 0.6193 0.5136 0.0000
vt 0.6116 0.5147 0.0000
vt 0.6116 0.5136 0.0000
vt 0.6115 0.7694 0.0000
vt 0.6115 0.7748 0.0000
vt 0.6104 0.7748 0.0000
vt 0.6104 0.7694 0.0000
vt 0.6115 0.7802 0.0000
vt 0.6104 0.7802 0.0000
vt 0.5746 0.5162 0.0000
vt 0.5707 0.5162 0.0000
vt 0.5707 0.5151 0.0000
vt 0.5746 0.5151 0.0000
vt 0.5668 0.5162 0.0000
vt 0.5668 0.5151 0.0000
vt 0.5700 0.9390 0.0000
vt 0.5700 0.9323 0.0000
vt 0.5700 0.9457 0.0000
vt 0.6075 0.7683 0.0000
vt 0.6038 0.7659 0.0000
vt 0.6039 0.7640 0.0000
vt 0.6086 0.7670 0.0000
vt 0.6000 0.7676 0.0000
vt 0.5993 0.7661 0.0000
vt 0.6097 0.7748 0.0000
vt 0.6097 0.7681 0.0000
vt 0.6097 0.7814 0.0000
vt 0.6000 0.7776 0.0000
vt 0.6037 0.7801 0.0000
vt 0.6039 0.7814 0.0000
vt 0.5993 0.7784 0.0000
vt 0.6075 0.7784 0.0000
vt 0.6085 0.7793 0.0000
vt 0.5771 0.7328 0.0000
vt 0.5762 0.7293 0.0000
vt 0.5766 0.7292 0.0000
vt 0.5776 0.7320 0.0000
vt 0.6078 0.2862 0.0000
vt 0.6106 0.2872 0.0000
vt 0.6106 0.2875 0.0000
vt 0.6070 0.2868 0.0000
vt 0.5735 0.7341 0.0000
vt 0.5730 0.7305 0.0000
vt 0.6095 0.2907 0.0000
vt 0.6059 0.2904 0.0000
vt 0.5695 0.7342 0.0000
vt 0.5697 0.7305 0.0000
vt 0.6096 0.2940 0.0000
vt 0.6060 0.2944 0.0000
vt 0.5640 0.7335 0.0000
vt 0.5644 0.7299 0.0000
vt 0.6105 0.2993 0.0000
vt 0.6068 0.2999 0.0000
vt 0.6106 0.2999 0.0000
vt 0.6064 0.3014 0.0000
vt 0.5625 0.7340 0.0000
vt 0.5638 0.7298 0.0000
vt 0.0412 0.8477 0.0000
vt 0.0414 0.8528 0.0000
vt 0.0393 0.8528 0.0000
vt 0.0391 0.8478 0.0000
vt 0.2436 0.3616 0.0000
vt 0.2437 0.3653 0.0000
vt 0.2417 0.3654 0.0000
vt 0.2415 0.3617 0.0000
vt 0.2439 0.3698 0.0000
vt 0.2418 0.3699 0.0000
vt 0.2440 0.3735 0.0000
vt 0.2420 0.3736 0.0000
vt 0.3019 0.0523 0.0000
vt 0.3017 0.0473 0.0000
vt 0.3037 0.0472 0.0000
vt 0.3039 0.0522 0.0000
vt 0.3015 0.0422 0.0000
vt 0.3035 0.0421 0.0000
vt 0.1739 0.6673 0.0000
vt 0.1737 0.6636 0.0000
vt 0.1758 0.6635 0.0000
vt 0.1759 0.6672 0.0000
vt 0.1736 0.6590 0.0000
vt 0.1756 0.6590 0.0000
vt 0.1734 0.6554 0.0000
vt 0.1755 0.6553 0.0000
vt 0.0410 0.8426 0.0000
vt 0.0389 0.8427 0.0000
vt 0.2270 0.4524 0.0000
vt 0.2300 0.4486 0.0000
vt 0.2350 0.4470 0.0000
vt 0.2304 0.4605 0.0000
vt 0.2401 0.4482 0.0000
vt 0.2434 0.4518 0.0000
vt 0.2406 0.4601 0.0000
vt 0.2435 0.4563 0.0000
vt 0.2355 0.4617 0.0000
vt 0.2272 0.4569 0.0000
vt 0.1499 0.6631 0.0000
vt 0.1497 0.6585 0.0000
vt 0.1527 0.6547 0.0000
vt 0.1583 0.6678 0.0000
vt 0.1577 0.6532 0.0000
vt 0.1628 0.6544 0.0000
vt 0.1663 0.6625 0.0000
vt 0.1661 0.6579 0.0000
vt 0.1633 0.6662 0.0000
vt 0.1532 0.6666 0.0000
vt 0.4000 0.7740 0.0000
vt 0.3998 0.7750 0.0000
vt 0.3987 0.7758 0.0000
vt 0.3979 0.7734 0.0000
vt 0.3974 0.7758 0.0000
vt 0.3966 0.7752 0.0000
vt 0.3968 0.7742 0.0000
vt 0.3992 0.7733 0.0000
vt 0.5657 0.4019 0.0000
vt 0.5657 0.4032 0.0000
vt 0.5548 0.4032 0.0000
vt 0.5548 0.4019 0.0000
vt 0.5526 0.3909 0.0000
vt 0.5526 0.3917 0.0000
vt 0.5417 0.3917 0.0000
vt 0.5417 0.3909 0.0000
vt 0.5526 0.3926 0.0000
vt 0.5417 0.3926 0.0000
vt 0.5414 0.3932 0.0000
vt 0.5414 0.3945 0.0000
vt 0.5305 0.3945 0.0000
vt 0.5305 0.3932 0.0000
vt 0.5414 0.3956 0.0000
vt 0.5305 0.3956 0.0000
vt 0.5528 0.3938 0.0000
vt 0.5528 0.3947 0.0000
vt 0.5419 0.3947 0.0000
vt 0.5419 0.3938 0.0000
vt 0.5528 0.3956 0.0000
vt 0.5419 0.3956 0.0000
vt 0.5657 0.4007 0.0000
vt 0.5548 0.4007 0.0000
vt 0.5281 0.7605 0.0000
vt 0.5281 0.7593 0.0000
vt 0.5288 0.7585 0.0000
vt 0.5298 0.7618 0.0000
vt 0.5298 0.7587 0.0000
vt 0.5305 0.7598 0.0000
vt 0.5305 0.7611 0.0000
vt 0.5288 0.7616 0.0000
vt 0.2941 0.0511 0.0000
vt 0.2938 0.0425 0.0000
vt 0.3003 0.0422 0.0000
vt 0.3007 0.0508 0.0000
vt 0.5623 0.7598 0.0000
vt 0.5558 0.7598 0.0000
vt 0.5558 0.7508 0.0000
vt 0.5623 0.7508 0.0000
vt 0.9085 0.1997 0.0000
vt 0.9092 0.1997 0.0000
vt 0.9092 0.2063 0.0000
vt 0.9085 0.2063 0.0000
vt 0.9035 0.0744 0.0000
vt 0.9036 0.0756 0.0000
vt 0.8946 0.0758 0.0000
vt 0.8945 0.0747 0.0000
vt 0.8899 0.0908 0.0000
vt 0.8888 0.0908 0.0000
vt 0.8888 0.0842 0.0000
vt 0.8899 0.0842 0.0000
vt 0.5633 0.4125 0.0000
vt 0.5632 0.4137 0.0000
vt 0.5542 0.4138 0.0000
vt 0.5543 0.4126 0.0000
vt 0.8614 0.1494 0.0000
vt 0.8614 0.1560 0.0000
vt 0.8589 0.1560 0.0000
vt 0.8589 0.1494 0.0000
vt 0.9040 0.0782 0.0000
vt 0.8950 0.0785 0.0000
vt 0.8983 0.0948 0.0000
vt 0.8983 0.0882 0.0000
vt 0.9008 0.0882 0.0000
vt 0.9008 0.0948 0.0000
vt 0.5629 0.4164 0.0000
vt 0.5539 0.4164 0.0000
vt 0.8931 0.1627 0.0000
vt 0.8931 0.1561 0.0000
vt 0.8974 0.1561 0.0000
vt 0.8974 0.1627 0.0000
vt 0.9021 0.2161 0.0000
vt 0.9025 0.2171 0.0000
vt 0.8980 0.2185 0.0000
vt 0.8977 0.2178 0.0000
vt 0.8853 0.1736 0.0000
vt 0.8853 0.1670 0.0000
vt 0.8898 0.1670 0.0000
vt 0.8898 0.1736 0.0000
vt 0.8562 0.1578 0.0000
vt 0.8551 0.1577 0.0000
vt 0.8554 0.1530 0.0000
vt 0.8562 0.1531 0.0000
vt 0.8941 0.1151 0.0000
vt 0.9007 0.1151 0.0000
vt 0.9007 0.1158 0.0000
vt 0.8941 0.1158 0.0000
vt 0.8967 0.0966 0.0000
vt 0.8979 0.0967 0.0000
vt 0.8979 0.0975 0.0000
vt 0.8967 0.0973 0.0000
vt 0.8990 0.0814 0.0000
vt 0.8990 0.0879 0.0000
vt 0.8983 0.0879 0.0000
vt 0.8983 0.0814 0.0000
vt 0.9079 0.1267 0.0000
vt 0.9068 0.1269 0.0000
vt 0.9068 0.1262 0.0000
vt 0.9079 0.1260 0.0000
vt 0.8941 0.1112 0.0000
vt 0.9007 0.1112 0.0000
vt 0.9007 0.1197 0.0000
vt 0.8941 0.1197 0.0000
vt 0.8967 0.0925 0.0000
vt 0.8979 0.0926 0.0000
vt 0.8979 0.1016 0.0000
vt 0.8968 0.1014 0.0000
vt 0.8772 0.0804 0.0000
vt 0.8772 0.0869 0.0000
vt 0.8731 0.0869 0.0000
vt 0.8731 0.0804 0.0000
vt 0.8983 0.1016 0.0000
vt 0.8983 0.0950 0.0000
vt 0.9024 0.0950 0.0000
vt 0.9024 0.1016 0.0000
vt 0.9081 0.1308 0.0000
vt 0.9069 0.1310 0.0000
vt 0.9066 0.1220 0.0000
vt 0.9078 0.1219 0.0000
vt 0.8941 0.0971 0.0000
vt 0.8941 0.0964 0.0000
vt 0.8828 0.0804 0.0000
vt 0.8828 0.0869 0.0000
vt 0.8804 0.0869 0.0000
vt 0.8804 0.0804 0.0000
vt 0.9042 0.1272 0.0000
vt 0.9042 0.1265 0.0000
vt 0.9053 0.0950 0.0000
vt 0.9053 0.1016 0.0000
vt 0.9027 0.1016 0.0000
vt 0.9027 0.0950 0.0000
vt 0.2372 0.7247 0.0000
vt 0.2375 0.7251 0.0000
vt 0.2372 0.7256 0.0000
vt 0.2365 0.7252 0.0000
vt 0.2368 0.7256 0.0000
vt 0.2367 0.7247 0.0000
vt 0.4992 0.4280 0.0000
vt 0.4992 0.4285 0.0000
vt 0.4780 0.4232 0.0000
vt 0.4780 0.4227 0.0000
vt 0.5505 0.3978 0.0000
vt 0.5505 0.3973 0.0000
vt 0.5713 0.3973 0.0000
vt 0.5713 0.3978 0.0000
vt 0.5537 0.4183 0.0000
vt 0.5538 0.4177 0.0000
vt 0.5756 0.4183 0.0000
vt 0.5756 0.4188 0.0000
vt 0.5539 0.4174 0.0000
vt 0.5757 0.4179 0.0000
vt 0.5533 0.3956 0.0000
vt 0.5533 0.3951 0.0000
vt 0.5741 0.3951 0.0000
vt 0.5741 0.3956 0.0000
vt 0.4993 0.4276 0.0000
vt 0.4781 0.4223 0.0000
vt 0.6091 0.2502 0.0000
vt 0.6088 0.2506 0.0000
vt 0.6083 0.2506 0.0000
vt 0.6083 0.2497 0.0000
vt 0.6081 0.2502 0.0000
vt 0.6088 0.2497 0.0000
vt 0.2662 0.9594 0.0000
vt 0.2665 0.9599 0.0000
vt 0.2663 0.9603 0.0000
vt 0.2655 0.9599 0.0000
vt 0.2658 0.9603 0.0000
vt 0.2658 0.9594 0.0000
vt 0.5670 0.4553 0.0000
vt 0.5669 0.4559 0.0000
vt 0.5457 0.4506 0.0000
vt 0.5458 0.4500 0.0000
vt 0.5000 0.4010 0.0000
vt 0.5000 0.4005 0.0000
vt 0.5209 0.4005 0.0000
vt 0.5209 0.4010 0.0000
vt 0.4996 0.4236 0.0000
vt 0.4996 0.4231 0.0000
vt 0.5215 0.4236 0.0000
vt 0.5214 0.4242 0.0000
vt 0.4997 0.4228 0.0000
vt 0.5215 0.4233 0.0000
vt 0.5274 0.4010 0.0000
vt 0.5274 0.4005 0.0000
vt 0.5483 0.4005 0.0000
vt 0.5483 0.4010 0.0000
vt 0.5670 0.4550 0.0000
vt 0.5458 0.4497 0.0000
vt 0.7181 0.0135 0.0000
vt 0.7178 0.0139 0.0000
vt 0.7173 0.0139 0.0000
vt 0.7173 0.0130 0.0000
vt 0.7171 0.0135 0.0000
vt 0.7178 0.0130 0.0000
vt 0.1895 0.5480 0.0000
vt 0.1898 0.5485 0.0000
vt 0.1896 0.5489 0.0000
vt 0.1888 0.5485 0.0000
vt 0.1891 0.5490 0.0000
vt 0.1890 0.5481 0.0000
vt 0.5209 0.4344 0.0000
vt 0.5208 0.4350 0.0000
vt 0.4996 0.4297 0.0000
vt 0.4997 0.4292 0.0000
vt 0.5373 0.3852 0.0000
vt 0.5373 0.3847 0.0000
vt 0.5582 0.3847 0.0000
vt 0.5582 0.3852 0.0000
vt 0.5486 0.4301 0.0000
vt 0.5486 0.4296 0.0000
vt 0.5705 0.4301 0.0000
vt 0.5704 0.4307 0.0000
vt 0.5487 0.4292 0.0000
vt 0.5705 0.4298 0.0000
vt 0.5493 0.3888 0.0000
vt 0.5493 0.3883 0.0000
vt 0.5702 0.3883 0.0000
vt 0.5702 0.3888 0.0000
vt 0.5209 0.4341 0.0000
vt 0.4997 0.4288 0.0000
vt 0.7072 0.0269 0.0000
vt 0.7069 0.0273 0.0000
vt 0.7065 0.0273 0.0000
vt 0.7065 0.0264 0.0000
vt 0.7062 0.0269 0.0000
vt 0.7069 0.0264 0.0000
vt 0.4028 0.8053 0.0000
vt 0.4031 0.8057 0.0000
vt 0.4028 0.8062 0.0000
vt 0.4021 0.8057 0.0000
vt 0.4024 0.8062 0.0000
vt 0.4023 0.8053 0.0000
vt 0.4992 0.4344 0.0000
vt 0.4992 0.4350 0.0000
vt 0.4780 0.4297 0.0000
vt 0.4780 0.4292 0.0000
vt 0.5481 0.4051 0.0000
vt 0.5481 0.4046 0.0000
vt 0.5689 0.4046 0.0000
vt 0.5689 0.4051 0.0000
vt 0.5095 0.4123 0.0000
vt 0.5095 0.4118 0.0000
vt 0.5314 0.4123 0.0000
vt 0.5313 0.4129 0.0000
vt 0.5096 0.4115 0.0000
vt 0.5314 0.4120 0.0000
vt 0.5265 0.4079 0.0000
vt 0.5265 0.4074 0.0000
vt 0.5474 0.4074 0.0000
vt 0.5474 0.4079 0.0000
vt 0.4993 0.4341 0.0000
vt 0.4781 0.4288 0.0000
vt 0.5727 0.7093 0.0000
vt 0.5723 0.7091 0.0000
vt 0.5723 0.7086 0.0000
vt 0.5732 0.7086 0.0000
vt 0.5727 0.7084 0.0000
vt 0.5732 0.7091 0.0000
vt 0.1303 0.8683 0.0000
vt 0.1316 0.8682 0.0000
vt 0.1323 0.8689 0.0000
vt 0.1311 0.8706 0.0000
vt 0.1322 0.8699 0.0000
vt 0.1298 0.8707 0.0000
vt 0.1290 0.8700 0.0000
vt 0.1292 0.8690 0.0000
vt 0.5771 0.4019 0.0000
vt 0.5662 0.4019 0.0000
vt 0.5662 0.4007 0.0000
vt 0.5771 0.4007 0.0000
vt 0.5369 0.3852 0.0000
vt 0.5259 0.3852 0.0000
vt 0.5259 0.3843 0.0000
vt 0.5369 0.3843 0.0000
vt 0.5259 0.3834 0.0000
vt 0.5369 0.3834 0.0000
vt 0.5301 0.3956 0.0000
vt 0.5191 0.3956 0.0000
vt 0.5191 0.3943 0.0000
vt 0.5301 0.3943 0.0000
vt 0.5191 0.3931 0.0000
vt 0.5301 0.3931 0.0000
vt 0.5437 0.3888 0.0000
vt 0.5327 0.3888 0.0000
vt 0.5327 0.3879 0.0000
vt 0.5437 0.3879 0.0000
vt 0.5327 0.3870 0.0000
vt 0.5437 0.3870 0.0000
vt 0.5771 0.4032 0.0000
vt 0.5662 0.4032 0.0000
vt 0.5661 0.7178 0.0000
vt 0.5658 0.7188 0.0000
vt 0.5648 0.7195 0.0000
vt 0.5627 0.7189 0.0000
vt 0.5635 0.7196 0.0000
vt 0.5629 0.7179 0.0000
vt 0.5640 0.7171 0.0000
vt 0.5653 0.7171 0.0000
vt 0.0041 0.8473 0.0000
vt 0.0107 0.8471 0.0000
vt 0.0110 0.8557 0.0000
vt 0.0045 0.8559 0.0000
vt 0.6117 0.3014 0.0000
vt 0.6117 0.2924 0.0000
vt 0.6183 0.2924 0.0000
vt 0.6183 0.3014 0.0000
vt 0.8488 0.2063 0.0000
vt 0.8488 0.1997 0.0000
vt 0.8495 0.1997 0.0000
vt 0.8495 0.2063 0.0000
vt 0.8948 0.0664 0.0000
vt 0.9038 0.0663 0.0000
vt 0.9037 0.0675 0.0000
vt 0.8947 0.0675 0.0000
vt 0.8926 0.0842 0.0000
vt 0.8926 0.0908 0.0000
vt 0.8914 0.0908 0.0000
vt 0.8914 0.0842 0.0000
vt 0.5673 0.4520 0.0000
vt 0.5763 0.4518 0.0000
vt 0.5765 0.4529 0.0000
vt 0.5675 0.4532 0.0000
vt 0.8916 0.1887 0.0000
vt 0.8892 0.1887 0.0000
vt 0.8892 0.1821 0.0000
vt 0.8916 0.1821 0.0000
vt 0.8945 0.0702 0.0000
vt 0.9035 0.0702 0.0000
vt 0.8941 0.0857 0.0000
vt 0.8968 0.0857 0.0000
vt 0.8968 0.0922 0.0000
vt 0.8941 0.0922 0.0000
vt 0.5679 0.4559 0.0000
vt 0.5768 0.4556 0.0000
vt 0.8377 0.1627 0.0000
vt 0.8333 0.1627 0.0000
vt 0.8333 0.1561 0.0000
vt 0.8377 0.1561 0.0000
vt 0.8807 0.1479 0.0000
vt 0.8813 0.1432 0.0000
vt 0.8821 0.1434 0.0000
vt 0.8818 0.1481 0.0000
vt 0.8448 0.2264 0.0000
vt 0.8403 0.2264 0.0000
vt 0.8403 0.2199 0.0000
vt 0.8448 0.2199 0.0000
vt 0.8357 0.2300 0.0000
vt 0.8362 0.2253 0.0000
vt 0.8371 0.2253 0.0000
vt 0.8368 0.2300 0.0000
vt 0.9010 0.1158 0.0000
vt 0.9010 0.1151 0.0000
vt 0.9075 0.1151 0.0000
vt 0.9075 0.1158 0.0000
vt 0.8968 0.1068 0.0000
vt 0.8967 0.1061 0.0000
vt 0.8979 0.1060 0.0000
vt 0.8979 0.1067 0.0000
vt 0.9069 0.1044 0.0000
vt 0.9076 0.1044 0.0000
vt 0.9076 0.1109 0.0000
vt 0.9069 0.1109 0.0000
vt 0.9021 0.1061 0.0000
vt 0.9021 0.1068 0.0000
vt 0.9009 0.1067 0.0000
vt 0.9009 0.1060 0.0000
vt 0.9010 0.1197 0.0000
vt 0.9075 0.1197 0.0000
vt 0.9075 0.1112 0.0000
vt 0.9010 0.1112 0.0000
vt 0.8969 0.1109 0.0000
vt 0.8980 0.1108 0.0000
vt 0.8978 0.1018 0.0000
vt 0.8966 0.1020 0.0000
vt 0.8616 0.0869 0.0000
vt 0.8575 0.0869 0.0000
vt 0.8575 0.0804 0.0000
vt 0.8616 0.0804 0.0000
vt 0.8619 0.0804 0.0000
vt 0.8660 0.0804 0.0000
vt 0.8660 0.0869 0.0000
vt 0.8619 0.0869 0.0000
vt 0.9021 0.1020 0.0000
vt 0.9009 0.1019 0.0000
vt 0.9010 0.1108 0.0000
vt 0.9021 0.1109 0.0000
vt 0.8941 0.1072 0.0000
vt 0.8941 0.1065 0.0000
vt 0.8687 0.0869 0.0000
vt 0.8662 0.0869 0.0000
vt 0.8662 0.0804 0.0000
vt 0.8687 0.0804 0.0000
vt 0.8983 0.1064 0.0000
vt 0.8983 0.1057 0.0000
vt 0.8801 0.0869 0.0000
vt 0.8775 0.0869 0.0000
vt 0.8775 0.0804 0.0000
vt 0.8801 0.0804 0.0000
vt 0.2639 0.7534 0.0000
vt 0.2637 0.7539 0.0000
vt 0.2632 0.7539 0.0000
vt 0.2632 0.7530 0.0000
vt 0.2630 0.7535 0.0000
vt 0.2636 0.7530 0.0000
vt 0.5461 0.4441 0.0000
vt 0.5678 0.4463 0.0000
vt 0.5677 0.4468 0.0000
vt 0.5460 0.4446 0.0000
vt 0.5502 0.3978 0.0000
vt 0.5293 0.3978 0.0000
vt 0.5293 0.3973 0.0000
vt 0.5502 0.3973 0.0000
vt 0.5003 0.4038 0.0000
vt 0.5221 0.4058 0.0000
vt 0.5221 0.4064 0.0000
vt 0.5003 0.4044 0.0000
vt 0.5221 0.4067 0.0000
vt 0.5004 0.4047 0.0000
vt 0.5262 0.3988 0.0000
vt 0.5053 0.3988 0.0000
vt 0.5053 0.3983 0.0000
vt 0.5262 0.3983 0.0000
vt 0.5462 0.4437 0.0000
vt 0.5679 0.4459 0.0000
vt 0.5684 0.4969 0.0000
vt 0.5679 0.4972 0.0000
vt 0.5675 0.4969 0.0000
vt 0.5679 0.4962 0.0000
vt 0.5675 0.4965 0.0000
vt 0.5684 0.4965 0.0000
vt 0.2019 0.7558 0.0000
vt 0.2017 0.7562 0.0000
vt 0.2013 0.7562 0.0000
vt 0.2012 0.7553 0.0000
vt 0.2010 0.7558 0.0000
vt 0.2017 0.7553 0.0000
vt 0.5461 0.4405 0.0000
vt 0.5678 0.4427 0.0000
vt 0.5677 0.4433 0.0000
vt 0.5460 0.4410 0.0000
vt 0.5520 0.3830 0.0000
vt 0.5311 0.3830 0.0000
vt 0.5311 0.3825 0.0000
vt 0.5520 0.3825 0.0000
vt 0.4780 0.4003 0.0000
vt 0.4997 0.4023 0.0000
vt 0.4997 0.4028 0.0000
vt 0.4780 0.4009 0.0000
vt 0.4997 0.4032 0.0000
vt 0.4780 0.4012 0.0000
vt 0.5527 0.4125 0.0000
vt 0.5319 0.4125 0.0000
vt 0.5319 0.4120 0.0000
vt 0.5527 0.4120 0.0000
vt 0.5462 0.4402 0.0000
vt 0.5679 0.4424 0.0000
vt 0.6108 0.2497 0.0000
vt 0.6111 0.2502 0.0000
vt 0.6108 0.2506 0.0000
vt 0.6101 0.2502 0.0000
vt 0.6104 0.2506 0.0000
vt 0.6104 0.2497 0.0000
vt 0.1933 0.5296 0.0000
vt 0.1930 0.5300 0.0000
vt 0.1926 0.5301 0.0000
vt 0.1925 0.5292 0.0000
vt 0.1923 0.5296 0.0000
vt 0.1930 0.5291 0.0000
vt 0.5096 0.4137 0.0000
vt 0.5313 0.4159 0.0000
vt 0.5312 0.4164 0.0000
vt 0.5095 0.4142 0.0000
vt 0.5674 0.4231 0.0000
vt 0.5466 0.4231 0.0000
vt 0.5466 0.4227 0.0000
vt 0.5674 0.4227 0.0000
vt 0.5319 0.4136 0.0000
vt 0.5536 0.4155 0.0000
vt 0.5536 0.4161 0.0000
vt 0.5319 0.4141 0.0000
vt 0.5536 0.4164 0.0000
vt 0.5319 0.4144 0.0000
vt 0.5519 0.4000 0.0000
vt 0.5310 0.4000 0.0000
vt 0.5310 0.3995 0.0000
vt 0.5519 0.3995 0.0000
vt 0.5097 0.4133 0.0000
vt 0.5314 0.4156 0.0000
vt 0.7178 0.0150 0.0000
vt 0.7181 0.0155 0.0000
vt 0.7178 0.0159 0.0000
vt 0.7171 0.0155 0.0000
vt 0.7173 0.0159 0.0000
vt 0.7173 0.0150 0.0000
vt 0.2324 0.6326 0.0000
vt 0.2322 0.6331 0.0000
vt 0.2317 0.6331 0.0000
vt 0.2317 0.6322 0.0000
vt 0.2315 0.6326 0.0000
vt 0.2321 0.6321 0.0000
vt 0.4781 0.4040 0.0000
vt 0.4998 0.4062 0.0000
vt 0.4997 0.4067 0.0000
vt 0.4780 0.4045 0.0000
vt 0.5527 0.4132 0.0000
vt 0.5319 0.4132 0.0000
vt 0.5319 0.4128 0.0000
vt 0.5527 0.4128 0.0000
vt 0.5466 0.4256 0.0000
vt 0.5683 0.4276 0.0000
vt 0.5683 0.4282 0.0000
vt 0.5466 0.4262 0.0000
vt 0.5683 0.4285 0.0000
vt 0.5466 0.4265 0.0000
vt 0.5262 0.4079 0.0000
vt 0.5053 0.4079 0.0000
vt 0.5053 0.4074 0.0000
vt 0.5262 0.4074 0.0000
vt 0.4782 0.4036 0.0000
vt 0.4999 0.4058 0.0000
vt 0.7107 0.0242 0.0000
vt 0.7109 0.0247 0.0000
vt 0.7107 0.0251 0.0000
vt 0.7100 0.0247 0.0000
vt 0.7102 0.0251 0.0000
vt 0.7102 0.0242 0.0000
# 4939 texture coords

g bodi_365
usemtl 09___Default
s 2
f 213/328/94 214/329/94 215/330/94 216/331/95 
s 1
f 217/332/96 218/333/96 219/334/96 220/335/96 
s 4
f 221/336/97 222/337/98 218/338/99 217/339/100 
s 2
f 217/340/101 220/341/102 223/342/103 224/343/102 
f 223/342/103 225/344/104 226/345/102 224/343/102 
s 4
f 221/336/97 217/339/100 224/346/105 227/347/106 
s 2
f 228/348/107 229/349/108 225/344/104 223/342/103 
s 4
f 230/350/109 231/351/110 225/352/111 229/353/112 
s 1
f 232/354/113 233/355/114 234/356/115 235/357/116 
s 4
f 236/358/117 237/359/118 238/360/119 239/361/120 
s 1
f 240/362/121 241/363/122 242/364/121 243/365/121 
s 4
f 244/366/123 245/367/124 246/368/125 247/369/126 
s 1
f 248/370/127 249/371/128 250/372/129 251/373/130 
s 4
f 252/374/131 253/375/132 254/376/133 255/377/134 
s 1
f 256/378/135 257/379/136 258/380/137 
s 4
f 259/381/138 260/382/139 261/383/140 262/384/141 
s 1
f 251/373/130 257/379/136 256/378/135 248/370/127 
s 4
f 262/384/141 261/383/140 252/374/131 255/377/134 
s 1
f 263/385/121 250/372/129 249/371/128 264/386/121 
s 4
f 265/387/142 254/376/133 253/375/132 266/388/143 
s 1
f 243/365/121 263/385/121 264/386/121 240/362/121 
s 4
f 247/369/126 265/387/142 266/388/143 244/366/123 
s 1
f 267/389/116 242/364/121 241/363/122 268/390/113 
s 4
f 269/391/144 246/368/125 245/367/124 270/392/145 
s 1
f 235/357/116 267/389/116 268/390/113 232/354/113 
s 4
f 239/361/120 269/391/144 270/392/145 236/358/117 
s 1
f 271/393/146 234/356/115 233/355/114 272/394/147 
s 4
f 273/395/148 238/360/119 237/359/118 274/396/149 
s 1
f 275/397/146 271/393/146 272/394/147 276/398/150 
s 4
f 229/353/112 273/395/148 274/396/149 230/350/109 
s 2
f 277/399/94 278/400/94 219/401/95 218/402/95 
s 4
f 279/403/151 214/404/152 277/405/153 218/338/99 
f 279/403/151 218/338/99 222/337/98 
f 280/406/154 281/407/155 282/408/156 283/409/157 
f 284/410/158 285/411/159 286/412/160 287/413/161 
f 288/414/162 289/415/163 290/416/164 279/403/151 
f 291/417/165 292/418/166 283/419/157 282/420/156 
f 292/418/166 291/417/165 289/415/163 288/414/162 
f 285/411/159 293/421/167 294/422/168 286/412/160 
f 295/423/169 280/406/154 283/409/157 296/424/170 
f 280/406/154 295/423/169 293/421/167 285/411/159 
f 292/418/166 297/425/171 296/426/170 283/419/157 
f 298/427/172 288/414/162 279/403/151 222/337/98 
f 288/414/162 298/427/172 297/425/171 292/418/166 
f 299/428/173 300/429/174 295/430/169 296/431/170 
f 301/432/175 302/433/176 303/434/177 304/435/178 
f 300/436/174 302/433/176 293/421/167 295/423/169 
f 221/336/97 305/437/179 298/427/172 222/337/98 
f 299/438/173 306/439/180 307/440/181 308/441/182 
f 305/437/179 306/439/180 297/425/171 298/427/172 
f 309/442/183 310/443/184 311/444/185 312/445/186 
f 311/444/185 313/446/187 314/447/188 315/448/189 
f 316/449/190 310/443/184 317/450/191 318/451/192 
f 309/442/183 319/452/193 308/453/182 320/454/194 
f 321/455/195 304/435/178 303/434/177 312/456/186 
f 310/443/184 316/449/190 313/446/187 311/444/185 
f 310/443/184 309/442/183 320/454/194 317/450/191 
f 312/445/186 303/457/177 319/452/193 309/442/183 
f 312/445/186 311/444/185 315/448/189 321/458/195 
f 322/459/196 323/460/197 324/461/198 325/462/199 
f 324/461/198 326/463/200 318/464/192 317/465/191 
f 327/466/201 323/460/197 274/396/149 237/359/118 
f 322/459/196 328/467/202 231/351/110 230/350/109 
f 307/440/181 325/462/199 320/468/194 308/441/182 
f 323/460/197 327/466/201 326/463/200 324/461/198 
f 323/460/197 322/459/196 230/350/109 274/396/149 
f 325/462/199 307/440/181 328/467/202 322/459/196 
f 325/462/199 324/461/198 317/465/191 320/468/194 
f 329/469/203 330/470/204 331/471/205 332/472/206 
f 331/471/205 333/473/207 334/474/208 335/475/209 
f 336/476/210 330/470/204 337/477/211 338/478/212 
f 329/469/203 316/449/190 318/451/192 339/479/213 
f 313/446/187 332/472/206 340/480/214 314/447/188 
f 330/470/204 336/476/210 333/473/207 331/471/205 
f 330/470/204 329/469/203 339/479/213 337/477/211 
f 332/472/206 313/446/187 316/449/190 329/469/203 
f 332/472/206 331/471/205 335/475/209 340/480/214 
f 341/481/215 342/482/216 343/483/217 344/484/218 
f 343/483/217 345/485/219 338/486/212 337/487/211 
f 346/488/220 342/482/216 270/392/145 245/367/124 
f 341/481/215 327/466/201 237/359/118 236/358/117 
f 326/463/200 344/484/218 339/489/213 318/464/192 
f 342/482/216 346/488/220 345/485/219 343/483/217 
f 342/482/216 341/481/215 236/358/117 270/392/145 
f 344/484/218 326/463/200 327/466/201 341/481/215 
f 344/484/218 343/483/217 337/487/211 339/489/213 
f 347/490/221 348/491/222 349/492/223 350/493/224 
f 349/492/223 351/494/225 352/495/226 353/496/227 
f 354/497/228 348/491/222 355/498/229 356/499/230 
f 347/490/221 336/476/210 338/478/212 357/500/231 
f 333/473/207 350/493/224 358/501/232 334/474/208 
f 348/491/222 354/497/228 351/494/225 349/492/223 
f 348/491/222 347/490/221 357/500/231 355/498/229 
f 350/493/224 333/473/207 336/476/210 347/490/221 
f 350/493/224 349/492/223 353/496/227 358/501/232 
f 359/502/233 360/503/234 361/504/235 362/505/236 
f 361/504/235 363/506/237 356/507/230 355/508/229 
f 364/509/238 360/503/234 266/388/143 253/375/132 
f 359/502/233 346/488/220 245/367/124 244/366/123 
f 345/485/219 362/505/236 357/510/231 338/486/212 
f 360/503/234 364/509/238 363/506/237 361/504/235 
f 360/503/234 359/502/233 244/366/123 266/388/143 
f 362/505/236 345/485/219 346/488/220 359/502/233 
f 362/505/236 361/504/235 355/508/229 357/510/231 
f 365/511/239 366/512/240 367/513/241 368/514/242 
f 369/515/243 366/512/240 370/516/244 371/517/245 
f 365/511/239 354/497/228 356/499/230 372/518/246 
f 351/494/225 368/514/242 373/519/247 352/495/226 
f 366/512/240 369/515/243 374/520/248 367/513/241 
f 366/512/240 365/511/239 372/518/246 370/516/244 
f 368/514/242 351/494/225 354/497/228 365/511/239 
f 368/514/242 367/513/241 374/520/248 373/519/247 
f 375/521/249 376/522/250 377/523/251 378/524/252 
f 377/523/251 379/525/253 371/526/245 370/527/244 
f 380/528/254 376/522/250 261/383/140 260/382/139 
f 375/521/249 364/509/238 253/375/132 252/374/131 
f 363/506/237 378/524/252 372/529/246 356/507/230 
f 376/522/250 380/528/254 379/525/253 377/523/251 
f 376/522/250 375/521/249 252/374/131 261/383/140 
f 378/524/252 363/506/237 364/509/238 375/521/249 
f 378/524/252 377/523/251 370/527/244 372/529/246 
f 301/432/175 294/422/168 293/421/167 302/433/176 
f 319/530/193 303/434/177 302/433/176 300/436/174 
f 328/467/202 305/437/179 221/336/97 227/347/106 
f 328/467/202 227/347/106 381/531/255 231/351/110 
f 296/426/170 297/425/171 306/439/180 299/438/173 
f 328/467/202 307/440/181 306/439/180 305/437/179 
s off
f 382/532/256 383/533/256 259/534/256 262/535/256 
f 384/536/257 382/532/257 262/535/257 255/537/257 
f 385/538/258 384/536/258 255/537/258 254/539/258 
f 386/540/259 385/538/259 254/539/259 265/541/259 
f 387/542/116 386/540/116 265/541/116 247/543/116 
f 388/544/116 387/542/116 247/543/116 246/545/116 
f 389/546/260 388/544/260 246/545/260 269/547/260 
f 390/548/260 389/546/260 269/547/260 239/549/260 
f 391/550/261 390/548/261 239/549/261 238/551/261 
f 392/552/262 391/550/262 238/551/262 273/553/262 
f 393/554/107 392/552/107 273/553/107 229/349/107 
f 394/555/108 393/554/108 229/349/108 228/348/108 
f 256/556/263 258/557/263 383/558/263 382/559/263 
f 248/560/264 256/556/264 382/559/264 384/561/264 
f 249/562/265 248/560/265 384/561/265 385/563/265 
f 264/564/266 249/562/266 385/563/266 386/565/266 
f 240/566/267 264/564/267 386/565/267 387/567/267 
f 241/568/268 240/566/268 387/567/268 388/569/268 
f 268/570/269 241/568/269 388/569/269 389/571/269 
f 232/572/270 268/570/270 389/571/270 390/573/270 
f 233/574/271 232/572/271 390/573/271 391/575/271 
f 272/576/272 233/574/272 391/575/272 392/577/272 
f 276/578/272 272/576/272 392/577/272 393/579/272 
s 1
f 215/580/273 290/581/274 395/582/275 216/583/276 
s 4
f 214/584/152 279/585/151 290/586/164 215/587/277 
f 319/452/193 300/429/174 299/428/173 308/453/182 
f 284/410/158 281/407/155 280/406/154 285/411/159 
s 1
f 395/588/275 290/589/274 289/590/278 396/591/279 
f 396/591/279 289/590/278 291/592/280 397/593/281 
f 397/593/281 291/592/280 282/594/282 398/595/283 
f 398/595/283 284/596/284 287/597/285 
f 398/595/283 282/594/282 281/598/286 284/596/284 
s 2
f 213/328/94 216/331/95 399/599/95 400/600/95 
s 1
f 401/601/96 220/335/96 219/334/96 402/602/96 
s 4
f 403/603/287 401/604/288 402/605/289 404/606/290 
s 2
f 405/607/101 406/608/103 223/342/103 407/609/101 
f 401/610/102 407/609/101 223/342/103 220/341/102 
s 4
f 403/603/287 408/611/291 407/612/292 401/604/288 
s 2
f 228/348/107 223/342/103 406/608/103 409/613/107 
s 4
f 410/614/293 409/615/294 406/616/295 411/617/296 
s 1
f 412/618/116 235/357/116 234/356/115 413/619/297 
s 4
f 414/620/298 415/621/299 416/622/300 417/623/301 
s 1
f 418/624/122 243/365/121 242/364/121 419/625/121 
s 4
f 420/626/302 421/627/303 422/628/304 423/629/305 
s 1
f 424/630/306 251/373/130 250/372/129 425/631/307 
s 4
f 426/632/308 427/633/309 428/634/310 429/635/311 
s 1
f 430/636/312 258/380/137 257/379/136 
s 4
f 259/637/138 431/638/313 432/639/314 260/640/139 
s 1
f 251/373/130 424/630/306 430/636/312 257/379/136 
s 4
f 431/638/313 427/633/309 426/632/308 432/639/314 
s 1
f 263/385/121 433/641/122 425/631/307 250/372/129 
s 4
f 434/642/315 435/643/316 429/635/311 428/634/310 
s 1
f 243/365/121 418/624/122 433/641/122 263/385/121 
s 4
f 421/627/303 420/626/302 435/643/316 434/642/315 
s 1
f 267/389/116 436/644/116 419/625/121 242/364/121 
s 4
f 437/645/317 438/646/318 423/629/305 422/628/304 
s 1
f 235/357/116 412/618/116 436/644/116 267/389/116 
s 4
f 415/621/299 414/620/298 438/646/318 437/645/317 
s 1
f 271/393/146 439/647/319 413/619/297 234/356/115 
s 4
f 440/648/320 441/649/321 417/623/301 416/622/300 
s 1
f 275/397/146 442/650/146 439/647/319 271/393/146 
s 4
f 409/615/294 410/614/293 441/649/321 440/648/320 
s 2
f 219/401/95 278/400/94 443/651/95 402/652/95 
s 4
f 444/653/322 404/606/290 402/605/289 443/654/323 
f 444/653/322 443/654/323 400/655/324 
f 445/656/325 446/657/326 447/658/327 448/659/328 
f 449/660/329 287/413/161 286/412/160 450/661/330 
f 451/662/331 444/653/322 452/663/332 453/664/333 
f 454/665/334 447/666/327 446/667/326 455/668/335 
f 455/668/335 451/662/331 453/664/333 454/665/334 
f 450/661/330 286/412/160 294/422/168 456/669/336 
f 457/670/337 458/671/338 446/657/326 445/656/325 
f 445/656/325 450/661/330 456/669/336 457/670/337 
f 455/668/335 446/667/326 458/672/338 459/673/339 
f 460/674/340 404/606/290 444/653/322 451/662/331 
f 451/662/331 455/668/335 459/673/339 460/674/340 
f 461/675/341 458/676/338 457/677/337 462/678/342 
f 301/432/175 304/435/178 463/679/343 464/680/344 
f 462/681/342 457/670/337 456/669/336 464/680/344 
f 403/603/287 404/606/290 460/674/340 465/682/345 
f 461/683/341 466/684/346 467/685/347 468/686/348 
f 465/682/345 460/674/340 459/673/339 468/686/348 
f 469/687/349 470/688/350 471/689/351 472/690/352 
f 471/689/351 315/691/189 314/692/188 473/693/353 
f 474/694/354 475/695/355 476/696/356 472/690/352 
f 469/687/349 477/697/357 466/698/346 478/699/358 
f 321/455/195 470/700/350 463/679/343 304/435/178 
f 472/690/352 471/689/351 473/693/353 474/694/354 
f 472/690/352 476/696/356 477/697/357 469/687/349 
f 470/688/350 469/687/349 478/699/358 463/701/343 
f 470/688/350 321/702/195 315/691/189 471/689/351 
f 479/703/359 480/704/360 481/705/361 482/706/362 
f 481/705/361 476/707/356 475/708/355 483/709/363 
f 484/710/364 417/623/301 441/649/321 482/706/362 
f 479/703/359 410/614/293 411/617/296 485/711/365 
f 467/685/347 466/684/346 477/712/357 480/704/360 
f 482/706/362 481/705/361 483/709/363 484/710/364 
f 482/706/362 441/649/321 410/614/293 479/703/359 
f 480/704/360 479/703/359 485/711/365 467/685/347 
f 480/704/360 477/712/357 476/707/356 481/705/361 
f 486/713/366 487/714/367 488/715/368 489/716/369 
f 488/715/368 335/717/209 334/718/208 490/719/370 
f 491/720/371 492/721/372 493/722/373 489/716/369 
f 486/713/366 494/723/374 475/695/355 474/694/354 
f 473/693/353 314/692/188 340/724/214 487/714/367 
f 489/716/369 488/715/368 490/719/370 491/720/371 
f 489/716/369 493/722/373 494/723/374 486/713/366 
f 487/714/367 486/713/366 474/694/354 473/693/353 
f 487/714/367 340/724/214 335/717/209 488/715/368 
f 495/725/375 496/726/376 497/727/377 498/728/378 
f 497/727/377 493/729/373 492/730/372 499/731/379 
f 500/732/380 423/629/305 438/646/318 498/728/378 
f 495/725/375 414/620/298 417/623/301 484/710/364 
f 483/709/363 475/708/355 494/733/374 496/726/376 
f 498/728/378 497/727/377 499/731/379 500/732/380 
f 498/728/378 438/646/318 414/620/298 495/725/375 
f 496/726/376 495/725/375 484/710/364 483/709/363 
f 496/726/376 494/733/374 493/729/373 497/727/377 
f 501/734/381 502/735/382 503/736/383 504/737/384 
f 503/736/383 353/738/227 352/739/226 505/740/385 
f 506/741/386 507/742/387 508/743/388 504/737/384 
f 501/734/381 509/744/389 492/721/372 491/720/371 
f 490/719/370 334/718/208 358/745/232 502/735/382 
f 504/737/384 503/736/383 505/740/385 506/741/386 
f 504/737/384 508/743/388 509/744/389 501/734/381 
f 502/735/382 501/734/381 491/720/371 490/719/370 
f 502/735/382 358/745/232 353/738/227 503/736/383 
f 510/746/390 511/747/391 512/748/392 513/749/393 
f 512/748/392 508/750/388 507/751/387 514/752/394 
f 515/753/395 429/635/311 435/643/316 513/749/393 
f 510/746/390 420/626/302 423/629/305 500/732/380 
f 499/731/379 492/730/372 509/754/389 511/747/391 
f 513/749/393 512/748/392 514/752/394 515/753/395 
f 513/749/393 435/643/316 420/626/302 510/746/390 
f 511/747/391 510/746/390 500/732/380 499/731/379 
f 511/747/391 509/754/389 508/750/388 512/748/392 
f 516/755/396 517/756/397 518/757/398 519/758/399 
f 369/759/243 371/760/245 520/761/400 519/758/399 
f 516/755/396 521/762/401 507/742/387 506/741/386 
f 505/740/385 352/739/226 373/763/247 517/756/397 
f 519/758/399 518/757/398 374/764/248 369/759/243 
f 519/758/399 520/761/400 521/762/401 516/755/396 
f 517/756/397 516/755/396 506/741/386 505/740/385 
f 517/756/397 373/763/247 374/764/248 518/757/398 
f 522/765/402 523/766/403 524/767/404 525/768/405 
f 524/767/404 520/769/400 371/770/245 379/771/253 
f 380/772/254 260/640/139 432/639/314 525/768/405 
f 522/765/402 426/632/308 429/635/311 515/753/395 
f 514/752/394 507/751/387 521/773/401 523/766/403 
f 525/768/405 524/767/404 379/771/253 380/772/254 
f 525/768/405 432/639/314 426/632/308 522/765/402 
f 523/766/403 522/765/402 515/753/395 514/752/394 
f 523/766/403 521/773/401 520/769/400 524/767/404 
f 301/432/175 464/680/344 456/669/336 294/422/168 
f 478/774/358 462/681/342 464/680/344 463/679/343 
f 485/711/365 411/617/296 526/775/406 408/611/291 
f 485/711/365 408/611/291 403/603/287 465/682/345 
f 458/672/338 461/683/341 468/686/348 459/673/339 
f 485/711/365 465/682/345 468/686/348 467/685/347 
s off
f 527/776/407 431/777/407 259/534/407 383/533/407 
f 528/778/408 427/779/408 431/777/408 527/776/408 
f 529/780/409 428/781/409 427/779/409 528/778/409 
f 530/782/410 434/783/410 428/781/410 529/780/410 
f 531/784/113 421/785/113 434/783/113 530/782/113 
f 532/786/113 422/787/113 421/785/113 531/784/113 
f 533/788/116 437/789/116 422/787/116 532/786/116 
f 534/790/261 415/791/261 437/789/261 533/788/261 
f 535/792/260 416/793/260 415/791/260 534/790/260 
f 536/794/411 440/795/411 416/793/411 535/792/411 
f 537/796/108 409/613/108 440/795/108 536/794/108 
f 394/555/107 228/348/107 409/613/107 537/796/107 
f 430/797/412 527/798/412 383/799/412 258/800/412 
f 424/801/413 528/802/413 527/798/413 430/797/413 
f 425/803/414 529/804/414 528/802/414 424/801/414 
f 433/805/415 530/806/415 529/804/415 425/803/415 
f 418/807/416 531/808/416 530/806/416 433/805/416 
f 419/809/417 532/810/417 531/808/417 418/807/417 
f 436/811/418 533/812/418 532/810/418 419/809/418 
f 412/813/419 534/814/419 533/812/419 436/811/419 
f 413/815/420 535/816/420 534/814/420 412/813/420 
f 439/817/421 536/818/421 535/816/421 413/815/421 
f 442/819/421 537/820/421 536/818/421 439/817/421 
s 1
f 399/821/422 216/583/276 395/582/275 452/822/423 
s 4
f 400/823/324 399/824/424 452/825/332 444/826/322 
f 478/699/358 466/698/346 461/675/341 462/678/342 
f 449/660/329 450/661/330 445/656/325 448/659/328 
s 1
f 395/588/275 396/591/279 453/827/425 452/828/423 
f 396/591/279 397/593/281 454/829/426 453/827/425 
f 397/593/281 398/595/283 447/830/427 454/829/426 
f 398/595/283 287/597/285 449/831/428 
f 398/595/283 449/831/428 448/832/429 447/830/427 
s 2
f 214/329/94 213/328/94 278/400/94 277/399/94 
f 213/328/94 400/600/95 443/651/95 278/400/94 
s off
f 275/833/430 276/834/430 393/835/430 394/836/430 
f 275/833/431 394/836/431 537/837/431 442/838/431 
s 1
f 538/839/432 539/840/433 540/841/433 541/842/434 
f 542/843/435 543/844/436 544/845/437 545/846/438 
f 546/847/439 547/848/440 548/849/441 549/850/442 
f 550/851/443 551/852/444 552/853/445 553/854/446 
f 554/855/447 555/856/447 556/857/448 557/858/449 
f 558/859/450 559/860/450 560/861/450 561/862/450 
f 562/863/433 539/840/433 538/839/432 563/864/434 
f 564/865/451 543/844/436 542/843/435 565/866/438 
f 566/867/452 567/868/453 568/869/454 569/870/455 
f 570/871/456 571/872/457 572/873/458 573/874/459 
f 574/875/460 575/876/461 576/877/447 577/878/462 
f 578/879/463 579/880/463 580/881/463 581/882/463 
s off
f 582/883/464 583/884/464 584/885/464 585/886/464 
f 586/887/465 587/888/465 588/889/465 589/890/465 
f 555/891/466 586/887/466 589/890/466 590/892/466 
f 556/893/467 555/891/467 590/892/467 591/894/467 
f 552/895/468 556/893/468 591/894/468 592/896/468 
f 552/895/469 592/896/469 593/897/469 553/898/469 
f 548/899/470 547/900/470 594/901/470 595/902/470 
f 595/902/471 596/903/471 548/899/471 
f 596/904/472 597/905/472 548/849/472 
f 598/906/473 599/907/473 600/908/473 601/909/473 
f 600/910/474 602/911/474 566/912/474 
f 567/913/475 566/912/475 602/911/475 603/914/475 
f 567/913/476 603/914/476 604/915/476 571/916/476 
f 574/917/477 572/918/477 605/919/477 606/920/477 
f 575/921/478 574/917/478 606/920/478 607/922/478 
f 608/923/479 575/921/479 607/922/479 609/924/479 
f 610/925/480 608/923/480 609/924/480 611/926/480 
f 610/927/481 611/928/481 612/929/481 562/930/481 
s 1
f 562/863/433 563/864/434 608/931/482 610/932/482 
f 577/878/462 573/874/459 572/873/458 574/875/460 
f 601/909/483 566/867/452 569/870/455 
f 564/865/451 613/933/484 614/934/485 543/844/436 
f 615/935/486 616/936/487 617/937/488 
f 577/878/462 576/877/447 618/938/447 619/939/447 
f 576/877/447 563/864/434 538/839/432 618/938/447 
s off
f 600/908/489 566/867/489 601/909/489 
f 620/940/490 621/941/490 583/942/490 582/943/490 
s 1
f 541/842/434 540/841/433 587/944/482 586/945/482 
f 551/852/444 557/858/449 556/857/448 552/853/445 
f 549/850/442 548/849/441 597/905/491 
f 622/946/492 544/845/437 543/844/436 614/934/485 
f 623/947/493 622/946/492 614/934/485 624/948/494 
f 554/855/447 557/858/449 619/939/447 618/938/447 
f 541/842/434 554/855/447 618/938/447 538/839/432 
s off
f 587/949/495 540/950/495 625/951/495 588/952/495 
f 597/905/473 596/904/473 599/907/473 598/906/473 
f 626/953/496 551/954/496 550/955/496 627/956/496 
f 628/957/497 629/958/497 546/959/497 549/960/497 
f 630/961/498 628/957/498 549/960/498 597/962/498 
f 631/963/499 568/964/499 570/965/499 632/966/499 
s 1
f 550/851/443 553/854/446 547/848/440 546/847/439 
f 567/868/453 571/872/457 570/871/456 568/869/454 
s off
f 553/898/500 593/897/500 594/901/500 547/900/500 
f 571/916/501 604/915/501 605/919/501 572/918/501 
s 1
f 633/967/502 624/948/494 614/934/485 613/933/484 
f 634/968/503 635/969/504 636/970/505 
s off
f 627/971/506 550/972/506 546/973/506 629/974/506 
f 632/975/507 570/976/507 573/977/507 637/978/507 
f 638/979/508 639/980/508 640/981/508 641/982/508 
f 642/983/509 638/984/509 641/985/509 643/986/509 
f 644/987/510 642/983/510 643/986/510 645/988/510 
f 646/989/511 644/987/511 645/988/511 647/990/511 
f 648/991/512 646/989/512 647/990/512 649/992/512 
f 650/993/513 648/994/513 649/995/513 651/996/513 
f 633/997/514 613/998/514 631/963/514 632/966/514 
f 624/999/515 633/997/515 632/966/515 624/999/515 
f 624/999/516 624/999/516 627/971/516 623/1000/516 
f 622/1001/517 623/1000/517 627/971/517 629/974/517 
f 641/1002/518 640/1003/518 629/1004/518 628/1005/518 
f 643/1006/519 641/1002/519 628/1005/519 630/1007/519 
f 645/1008/520 643/1006/520 630/1007/520 652/1009/520 
f 647/1010/520 645/1008/520 652/1009/520 653/1011/520 
f 649/1012/521 647/1010/521 653/1011/521 654/1013/521 
f 651/1014/522 649/1012/522 654/1013/522 631/1015/522 
f 650/1016/523 651/1017/523 631/963/523 613/998/523 
f 648/1018/524 650/1019/524 613/933/524 564/865/524 
f 646/1020/525 648/1018/525 564/865/525 565/866/525 
f 644/1021/526 646/1020/526 565/866/526 542/843/526 
f 642/1022/527 644/1021/527 542/843/527 545/846/527 
f 638/1023/528 642/1022/528 545/846/528 544/845/528 
f 639/1024/529 638/1023/529 544/845/529 622/946/529 
f 640/1025/530 639/1026/530 622/1001/530 629/974/530 
f 626/953/531 627/956/531 636/1027/531 
f 627/956/532 634/1028/532 636/1027/532 
f 632/975/533 617/1029/533 616/1030/533 
f 632/975/534 637/978/534 617/1029/534 
f 619/939/535 655/1031/535 656/1032/535 577/878/535 
f 656/1032/535 657/1033/535 577/878/535 
f 657/1034/536 637/978/536 573/977/536 577/1035/536 
f 658/1036/537 659/1037/537 655/1031/537 619/939/537 
f 658/1036/537 619/939/537 557/858/537 
f 626/953/538 658/1038/538 557/1039/538 551/954/538 
f 660/1040/539 661/1041/539 657/1033/539 656/1032/539 
f 661/1042/540 617/1029/540 637/978/540 657/1034/540 
f 662/1043/541 663/1044/541 659/1037/541 658/1036/541 
f 636/1027/542 662/1045/542 658/1038/542 626/953/542 
f 664/1046/543 665/1047/543 666/1048/543 667/1049/543 
f 668/1050/544 669/1051/544 670/1052/544 671/1053/544 
f 627/971/545 624/999/545 632/966/545 
f 655/1031/535 659/1037/535 656/1032/535 
s 1
f 615/935/486 635/969/504 634/968/503 616/936/487 
s off
f 616/936/546 634/968/546 627/1054/546 632/1055/546 
f 663/1044/539 660/1040/539 656/1032/539 659/1037/539 
f 669/1051/547 664/1046/547 667/1049/547 670/1052/547 
f 672/1056/548 673/1057/548 615/1058/548 617/1059/548 
f 672/1060/549 617/1029/549 661/1042/549 674/1061/549 
f 674/1062/550 661/1063/550 660/1064/550 675/1065/550 
f 675/1065/551 660/1064/551 663/1066/551 676/1067/551 
f 677/1068/552 676/1067/552 663/1066/552 662/1069/552 
f 678/1070/553 677/1071/553 662/1045/553 636/1027/553 
f 678/1072/554 636/1073/554 635/1074/554 679/1075/554 
f 679/1075/555 635/1074/555 615/1058/555 673/1057/555 
f 680/1076/556 681/1077/556 665/1078/556 664/1079/556 
f 682/1080/557 683/1081/557 684/1082/557 685/1083/557 
f 666/1084/558 686/1085/558 687/1086/558 667/1087/558 
f 688/1088/559 689/1089/559 690/1090/559 691/1091/559 
f 692/1092/560 693/1093/560 671/1094/560 670/1095/560 
f 694/1096/561 695/1097/561 696/1098/561 697/1099/561 
f 668/1100/562 698/1101/562 699/1102/562 669/1103/562 
f 700/1104/563 701/1105/563 702/1106/563 703/1107/563 
f 704/1108/564 705/1109/564 681/1077/564 680/1076/564 
f 681/1110/565 705/1111/565 706/1112/565 686/1113/565 
f 686/1085/566 706/1114/566 707/1115/566 687/1086/566 
f 707/1115/551 708/1116/551 692/1092/551 687/1086/551 
f 708/1116/567 709/1117/567 693/1093/567 692/1092/567 
f 709/1118/553 710/1119/553 698/1120/553 693/1121/553 
f 698/1101/568 710/1122/568 711/1123/568 699/1102/568 
f 711/1123/569 704/1108/569 680/1076/569 699/1102/569 
f 673/1057/570 672/1056/570 705/1109/570 704/1108/570 
f 705/1111/571 672/1060/571 674/1061/571 706/1112/571 
f 706/1114/572 674/1062/572 675/1065/572 707/1115/572 
f 675/1065/551 676/1067/551 708/1116/551 707/1115/551 
f 676/1067/573 677/1068/573 709/1117/573 708/1116/573 
f 677/1071/553 678/1070/553 710/1119/553 709/1118/553 
f 710/1122/574 678/1072/574 679/1075/574 711/1123/574 
f 712/1124/575 713/1125/575 714/1126/575 715/1127/575 
f 702/1128/576 701/1129/576 680/1130/576 664/1131/576 
f 703/1132/577 702/1133/577 664/1046/577 669/1051/577 
f 700/1134/578 703/1135/578 669/1136/578 699/1137/578 
f 701/1138/579 700/1139/579 699/1140/579 680/1141/579 
f 690/1142/580 689/1143/580 692/1144/580 670/1145/580 
f 691/1146/581 690/1147/581 670/1052/581 667/1049/581 
f 688/1148/582 691/1149/582 667/1150/582 687/1151/582 
f 689/1152/583 688/1153/583 687/1154/583 692/1155/583 
f 716/1156/584 717/1157/584 666/1048/584 665/1047/584 
f 718/1158/585 716/1159/585 665/1160/585 681/1110/585 
f 719/1161/586 718/1158/586 681/1110/586 686/1113/586 
f 717/1162/587 719/1161/587 686/1113/587 666/1163/587 
f 720/1164/588 721/1165/588 668/1050/588 671/1053/588 
f 722/1166/589 720/1167/589 671/1168/589 693/1121/589 
f 723/1169/590 722/1166/590 693/1121/590 698/1120/590 
f 721/1170/591 723/1169/591 698/1120/591 668/1171/591 
f 682/1172/592 685/1173/592 717/1157/592 716/1156/592 
f 683/1174/593 682/1175/593 716/1176/593 718/1177/593 
f 684/1178/594 683/1179/594 718/1180/594 719/1181/594 
f 685/1182/595 684/1183/595 719/1184/595 717/1185/595 
f 697/1186/596 696/1187/596 721/1165/596 720/1164/596 
f 694/1188/597 697/1189/597 720/1190/597 722/1191/597 
f 695/1192/598 694/1193/598 722/1194/598 723/1195/598 
f 696/1196/599 695/1197/599 723/1198/599 721/1199/599 
f 714/1200/600 713/1201/600 673/1202/600 704/1203/600 
f 715/1204/601 714/1205/601 704/1206/601 711/1207/601 
f 712/1208/602 715/1209/602 711/1210/602 679/1211/602 
f 713/1212/603 712/1213/603 679/1214/603 673/1215/603 
f 561/1216/604 560/1217/604 555/1218/604 554/1219/604 
f 558/1220/605 561/1221/605 554/1222/605 541/1223/605 
f 559/1224/606 558/1225/606 541/1226/606 586/1227/606 
f 580/1228/607 579/1229/607 608/1230/607 563/1231/607 
f 581/1232/608 580/1233/608 563/1234/608 576/1235/608 
f 578/1236/609 581/1237/609 576/1238/609 575/1239/609 
f 579/1240/610 578/1241/610 575/921/610 608/923/610 
f 584/1242/611 583/1243/611 724/1244/611 625/1245/611 
f 585/1246/612 584/1247/612 625/1248/612 540/1249/612 
f 582/1250/613 585/1251/613 540/841/613 539/840/613 
f 583/1252/614 582/1253/614 539/1254/614 724/1255/614 
f 583/1256/615 621/1257/615 612/1258/615 724/1259/615 
f 582/1260/616 583/1261/616 724/1262/616 539/1263/616 
f 620/1264/617 582/1250/617 539/840/617 562/863/617 
f 621/1265/618 620/1266/618 562/1267/618 612/1268/618 
f 560/1269/619 559/1270/619 586/887/619 555/891/619 
s 4
f 226/1271/620 381/531/255 227/347/106 224/346/105 
f 526/775/406 405/1272/621 407/612/292 408/611/291 
f 225/352/111 231/351/110 381/531/255 226/1271/620 
f 411/617/296 406/616/295 405/1272/621 526/775/406 
s 2
f 725/1273/622 726/1274/622 727/1275/622 728/1276/622 
s 4
f 729/1277/623 730/1278/623 731/1279/623 732/1280/623 
s 8
f 725/1281/624 728/1282/624 730/1283/624 729/1284/624 
s 16
f 728/1285/625 727/1286/626 731/1287/627 730/1288/628 
s 32
f 727/1289/629 726/1290/629 732/1291/629 731/1292/629 
s 64
f 726/1293/630 725/1294/631 729/1295/632 732/1296/633 
s 2
f 733/1297/634 734/1298/634 735/1299/634 736/1300/634 
s 4
f 737/1301/635 738/1302/636 739/1303/636 740/1304/635 
s 8
f 741/1305/637 742/1306/637 743/1307/637 744/1308/637 
s 16
f 745/1309/638 746/1310/638 747/1311/638 748/1312/638 
s 32
f 749/1313/639 750/1314/639 751/1315/639 752/1316/640 
s 64
f 753/1317/641 754/1318/641 755/1319/641 756/1320/641 
s off
f 741/1321/642 754/1322/642 733/1323/642 
f 736/1324/643 745/1325/643 742/1326/643 
f 753/1317/644 750/1327/644 734/1328/644 
f 735/1329/645 749/1330/645 746/1331/645 
f 744/1332/646 737/1333/646 755/1334/646 
f 748/1312/647 738/1335/647 743/1336/647 
f 756/1320/648 740/1337/648 751/1338/648 
f 752/1339/649 739/1340/649 747/1341/649 
f 733/1342/650 754/1343/650 753/1344/650 734/1345/650 
f 734/1346/651 750/1347/651 749/1348/651 735/1349/651 
f 735/1329/652 746/1331/652 745/1325/652 736/1324/652 
f 736/1350/653 742/1351/653 741/1352/653 733/1353/653 
f 737/1301/654 744/1354/654 743/1355/654 738/1302/654 
f 738/1302/655 748/1356/655 747/1357/655 739/1303/655 
f 739/1303/656 752/1358/656 751/1359/656 740/1304/656 
f 740/1304/657 756/1360/657 755/1361/657 737/1301/657 
f 742/1362/658 745/1363/658 748/1364/658 743/1365/658 
f 744/1332/659 755/1334/659 754/1322/659 741/1321/659 
f 746/1310/660 749/1366/660 752/1367/660 747/1311/660 
f 750/1368/661 753/1369/661 756/1370/661 751/1371/661 
s 2
f 757/1372/662 758/1373/663 759/1374/664 760/1375/665 
f 761/1376/666 762/1377/667 758/1373/663 757/1372/662 
f 763/1378/668 764/1379/669 762/1377/667 761/1376/666 
f 765/1380/670 766/1381/671 764/1379/669 763/1378/668 
f 767/1382/672 757/1372/662 760/1375/665 768/1383/673 
f 769/1384/536 761/1376/666 757/1372/662 767/1382/672 
f 770/1385/674 763/1378/668 761/1376/666 769/1384/536 
f 771/1386/675 765/1380/670 763/1378/668 770/1385/674 
f 772/1387/676 767/1382/672 768/1383/673 773/1388/677 
f 774/1389/678 769/1384/536 767/1382/672 772/1387/676 
f 775/1390/679 770/1385/674 769/1384/536 774/1389/678 
f 776/1391/680 771/1386/675 770/1385/674 775/1390/679 
f 777/1392/681 772/1387/676 773/1388/677 778/1393/682 
f 779/1394/683 774/1389/678 772/1387/676 777/1392/681 
f 780/1395/684 775/1390/679 774/1389/678 779/1394/683 
f 781/1396/685 776/1391/680 775/1390/679 780/1395/684 
s 4
f 782/1397/686 783/1398/687 784/1399/688 785/1400/689 
f 786/1401/690 782/1397/686 785/1400/689 787/1402/691 
f 788/1403/692 786/1401/690 787/1402/691 789/1404/693 
f 790/1405/694 788/1403/692 789/1404/693 791/1406/695 
f 792/1407/696 793/1408/697 783/1398/687 782/1397/686 
f 794/1409/698 792/1407/696 782/1397/686 786/1401/690 
f 795/1410/699 794/1409/698 786/1401/690 788/1403/692 
f 796/1411/700 795/1410/699 788/1403/692 790/1405/694 
f 797/1412/701 798/1413/702 793/1408/697 792/1407/696 
f 799/1414/703 797/1412/701 792/1407/696 794/1409/698 
f 800/1415/704 799/1414/703 794/1409/698 795/1410/699 
f 801/1416/705 800/1415/704 795/1410/699 796/1411/700 
f 802/1417/706 803/1418/707 798/1413/702 797/1412/701 
f 804/1419/708 802/1417/706 797/1412/701 799/1414/703 
f 805/1420/709 804/1419/708 799/1414/703 800/1415/704 
f 806/1421/710 805/1420/709 800/1415/704 801/1416/705 
s 8
f 785/1422/711 784/1423/712 759/1424/713 758/1425/714 
f 787/1426/715 785/1422/711 758/1425/714 762/1427/716 
f 789/1428/717 787/1426/715 762/1427/716 764/1429/718 
f 791/1430/719 789/1428/717 764/1429/718 766/1431/720 
s 16
f 790/1432/721 791/1433/722 766/1434/723 765/1435/724 
f 796/1436/725 790/1432/721 765/1435/724 771/1437/726 
f 801/1438/727 796/1436/725 771/1437/726 776/1439/728 
f 806/1440/729 801/1438/727 776/1439/728 781/1441/730 
s 32
f 805/1442/731 806/1443/732 781/1444/733 780/1445/734 
f 804/1446/735 805/1442/731 780/1445/734 779/1447/736 
f 802/1448/737 804/1449/735 779/1450/736 777/1451/738 
f 803/1452/739 802/1453/737 777/1454/738 778/1455/740 
s 64
f 798/1456/741 803/1457/742 778/1458/743 773/1459/744 
f 793/1460/745 798/1456/741 773/1459/744 768/1461/746 
f 783/1462/747 793/1460/745 768/1461/746 760/1463/748 
f 784/1464/749 783/1462/747 760/1463/748 759/1465/750 
s 2
f 807/1466/751 808/1467/752 809/1468/753 810/1469/754 
f 811/1470/755 812/1471/756 808/1467/752 807/1466/751 
f 813/1472/757 814/1473/758 812/1471/756 811/1470/755 
f 815/1474/759 816/1475/760 814/1473/758 813/1472/757 
f 817/1476/761 807/1466/751 810/1469/754 818/1477/762 
f 819/1478/763 811/1470/755 807/1466/751 817/1476/761 
f 820/1479/764 813/1472/757 811/1470/755 819/1478/763 
f 821/1480/765 815/1474/759 813/1472/757 820/1479/764 
f 822/1481/766 817/1476/761 818/1477/762 823/1482/767 
f 824/1483/768 819/1478/763 817/1476/761 822/1481/766 
f 825/1484/769 820/1479/764 819/1478/763 824/1483/768 
f 826/1485/770 821/1480/765 820/1479/764 825/1484/769 
f 827/1486/771 822/1481/766 823/1482/767 828/1487/772 
f 829/1488/773 824/1483/768 822/1481/766 827/1486/771 
f 830/1489/774 825/1484/769 824/1483/768 829/1488/773 
f 831/1490/775 826/1485/770 825/1484/769 830/1489/774 
s 4
f 832/1491/776 833/1492/777 834/1493/778 835/1494/779 
f 836/1495/780 832/1491/776 835/1494/779 837/1496/781 
f 838/1497/782 836/1495/780 837/1496/781 839/1498/783 
f 840/1499/784 838/1497/782 839/1498/783 841/1500/785 
f 842/1501/786 843/1502/787 833/1492/777 832/1491/776 
f 844/1503/624 842/1501/786 832/1491/776 836/1495/780 
f 845/1504/788 844/1503/624 836/1495/780 838/1497/782 
f 846/1505/789 845/1504/788 838/1497/782 840/1499/784 
f 847/1506/790 848/1507/791 843/1502/787 842/1501/786 
f 849/1508/792 847/1506/790 842/1501/786 844/1503/624 
f 850/1509/793 849/1508/792 844/1503/624 845/1504/788 
f 851/1510/794 850/1509/793 845/1504/788 846/1505/789 
f 852/1511/795 853/1512/796 848/1507/791 847/1506/790 
f 854/1513/797 852/1511/795 847/1506/790 849/1508/792 
f 855/1514/798 854/1513/797 849/1508/792 850/1509/793 
f 856/1515/799 855/1514/798 850/1509/793 851/1510/794 
s 8
f 835/1516/800 834/1517/801 809/1518/802 808/1519/803 
f 837/1520/804 835/1521/800 808/1522/803 812/1523/805 
f 839/1524/806 837/1520/804 812/1523/805 814/1525/807 
f 841/1526/808 839/1527/806 814/1528/807 816/1529/809 
s 16
f 840/1530/810 841/1531/811 816/1532/812 815/1533/813 
f 846/1534/814 840/1535/810 815/1536/813 821/1537/815 
f 851/1538/816 846/1534/814 821/1537/815 826/1539/817 
f 856/1540/818 851/1541/816 826/1542/817 831/1543/819 
s 32
f 855/1544/820 856/1545/821 831/1546/822 830/1547/823 
f 854/1548/824 855/1549/820 830/1550/823 829/1551/825 
f 852/1552/826 854/1548/824 829/1551/825 827/1553/827 
f 853/1554/828 852/1555/826 827/1556/827 828/1557/829 
s 64
f 848/1558/830 853/1559/831 828/1560/832 823/1561/833 
f 843/1562/834 848/1563/830 823/1564/833 818/1565/835 
f 833/1566/836 843/1562/834 818/1565/835 810/1567/837 
f 834/1568/838 833/1569/836 810/1570/837 809/1571/839 
s 2
f 857/1572/624 858/1573/624 859/1574/624 860/1575/624 
s 4
f 861/1576/640 862/1577/640 863/1578/640 864/1579/640 
s 8
f 857/1580/840 860/1581/840 862/1582/840 861/1583/840 
s 16
f 860/1584/841 859/1585/841 863/1586/841 862/1587/841 
s 32
f 859/1588/623 858/1589/623 864/1590/623 863/1591/623 
s 64
f 858/1592/842 857/1593/842 861/1594/842 864/1595/842 
s 2
f 865/1596/624 866/1597/624 867/1598/624 868/1599/624 
s 4
f 869/1600/640 870/1601/640 871/1602/640 872/1603/640 
s 8
f 865/1604/840 869/1605/840 872/1606/840 866/1607/840 
s 16
f 866/1608/842 872/1609/842 871/1610/842 867/1611/842 
s 32
f 867/1612/623 871/1613/623 870/1614/623 868/1615/623 
s 64
f 868/1616/841 870/1617/841 869/1618/841 865/1619/841 
s 1
f 873/1620/843 874/1621/843 875/1622/843 876/1623/843 
f 875/1622/843 877/1624/843 876/1623/843 
f 878/1625/843 873/1620/843 876/1623/843 
s 8
f 876/1626/844 877/1627/845 879/1628/845 880/1629/844 
f 877/1630/845 875/1631/846 881/1632/846 879/1633/845 
f 875/1634/846 874/1635/847 882/1636/847 881/1637/846 
f 874/1635/847 873/1638/848 883/1639/848 882/1636/847 
f 873/1640/848 878/1641/849 884/1642/849 883/1643/848 
f 878/1644/849 876/1626/844 880/1629/844 884/1645/849 
s 1
f 880/1646/623 879/1647/623 881/1648/623 883/1649/623 
f 881/1648/623 882/1650/623 883/1649/623 
f 884/1651/623 880/1646/623 883/1649/623 
f 885/1652/843 886/1653/843 887/1654/843 888/1655/843 
f 887/1654/843 889/1656/843 888/1655/843 
f 890/1657/843 885/1652/843 888/1655/843 
s 8
f 891/1658/846 890/1659/846 888/1660/847 892/1661/847 
f 893/1662/845 885/1663/845 890/1664/846 891/1665/846 
f 894/1666/844 886/1667/844 885/1668/845 893/1669/845 
f 895/1670/849 887/1671/849 886/1667/844 894/1666/844 
f 896/1672/848 889/1673/848 887/1674/849 895/1675/849 
f 892/1661/847 888/1660/847 889/1676/848 896/1677/848 
s 1
f 896/1678/623 895/1679/623 894/1680/623 891/1681/623 
f 894/1680/623 893/1682/623 891/1681/623 
f 892/1683/623 896/1678/623 891/1681/623 
f 897/1684/843 898/1685/843 899/1686/843 
s 8
f 899/1687/850 898/1688/851 900/1689/851 901/1690/850 
f 898/1691/851 897/1692/852 902/1693/852 900/1694/851 
f 897/1695/852 899/1696/850 901/1697/850 902/1698/852 
s 1
f 902/1699/623 901/1700/623 900/1701/623 
s 8
f 903/1702/850 904/1703/848 905/1704/848 906/1705/850 
f 904/1706/848 907/1707/849 908/1708/849 905/1709/848 
f 907/1710/849 909/1711/844 910/1712/844 908/1713/849 
f 909/1711/844 911/1714/845 912/1715/845 910/1712/844 
f 911/1716/845 913/1717/846 914/1718/846 912/1719/845 
f 913/1720/846 903/1702/850 906/1705/850 914/1721/846 
s 1
f 911/1722/843 909/1723/843 907/1724/843 903/1725/843 
f 907/1724/843 904/1726/843 903/1725/843 
f 913/1727/843 911/1722/843 903/1725/843 
f 915/1728/623 916/1729/623 917/1730/623 918/1731/623 
f 917/1730/623 919/1732/623 918/1731/623 
f 920/1733/623 915/1728/623 918/1731/623 
s off
f 906/1734/853 905/1735/853 921/1736/853 922/1737/853 
f 905/1738/854 908/1739/854 923/1740/854 921/1741/854 
f 908/1742/855 910/1743/855 924/1744/855 923/1745/855 
f 910/1743/856 912/1746/856 925/1747/856 924/1744/856 
f 912/1748/857 914/1749/857 926/1750/857 925/1751/857 
f 914/1752/858 906/1734/858 922/1737/858 926/1753/858 
f 922/1737/859 921/1736/859 915/1754/859 920/1755/859 
f 921/1756/624 923/1757/624 916/1758/624 915/1759/624 
f 923/1745/860 924/1744/860 917/1760/860 916/1761/860 
f 924/1744/861 925/1747/861 919/1762/861 917/1760/861 
f 925/1763/640 926/1764/640 918/1765/640 919/1766/640 
f 926/1753/862 922/1737/862 920/1755/862 918/1767/862 
s 8
f 927/1768/863 928/1769/864 929/1770/865 930/1771/866 
f 928/1772/864 931/1773/867 932/1774/868 929/1775/865 
f 931/1776/867 927/1777/863 930/1778/866 932/1779/868 
s 1
f 931/1780/869 928/1781/869 927/1782/869 
f 930/1783/870 929/1784/870 932/1785/870 
s 2
f 933/1786/843 934/1787/843 935/1788/843 936/1789/843 
s 4
f 937/1790/623 938/1791/623 939/1792/623 940/1793/623 
s 8
f 941/1794/871 942/1795/871 935/1796/871 934/1797/871 
s 16
f 943/1798/872 941/1799/872 934/1800/872 933/1801/872 
s 32
f 944/1802/873 943/1803/874 933/1804/873 936/1805/873 
s 64
f 942/1806/875 944/1807/875 936/1808/875 935/1809/875 
s off
f 945/1810/876 946/1811/876 942/1795/876 941/1794/876 
f 947/1812/877 945/1813/877 941/1799/877 943/1798/877 
f 948/1814/878 947/1815/878 943/1803/878 944/1802/878 
f 946/1816/879 948/1817/879 944/1807/879 942/1806/879 
f 949/1818/880 950/1819/880 946/1820/880 945/1821/880 
f 951/1822/881 949/1823/881 945/1824/881 947/1825/881 
f 952/1826/882 951/1827/882 947/1828/882 948/1829/882 
f 950/1830/883 952/1831/883 948/1832/883 946/1833/883 
f 953/1834/884 954/1835/884 955/1836/884 956/1837/884 
f 957/1838/885 958/1839/885 949/1840/885 951/1841/885 
f 959/1842/886 960/1843/886 961/1844/886 962/1845/886 
f 963/1846/887 964/1847/887 952/1848/887 950/1849/887 
f 956/1850/888 955/1851/888 950/1830/888 949/1823/888 
f 953/1852/889 956/1853/889 949/1840/889 958/1839/889 
f 954/1854/890 953/1855/890 958/1856/890 963/1857/890 
f 955/1858/891 954/1859/891 963/1846/891 950/1849/891 
f 962/1860/892 961/1861/892 951/1822/892 952/1831/892 
f 959/1862/893 962/1863/893 952/1848/893 964/1847/893 
f 960/1864/894 959/1865/894 964/1866/894 957/1867/894 
f 961/1868/895 960/1869/895 957/1838/895 951/1841/895 
f 965/1870/896 966/1871/896 963/1857/896 958/1856/896 
f 967/1872/897 965/1873/897 958/1839/897 957/1838/897 
f 968/1874/898 967/1875/898 957/1867/898 964/1866/898 
f 966/1876/899 968/1877/899 964/1847/899 963/1846/899 
f 969/1878/900 970/1879/900 966/1880/900 965/1881/900 
f 971/1882/901 969/1878/901 965/1881/901 967/1883/901 
f 972/1884/902 971/1882/902 967/1883/902 968/1885/902 
f 970/1879/903 972/1884/903 968/1885/903 966/1880/903 
f 973/1886/844 974/1887/844 970/1888/844 969/1889/844 
f 975/1890/904 973/1891/904 969/1892/904 971/1893/904 
f 976/1894/850 975/1895/850 971/1896/850 972/1897/850 
f 974/1898/624 976/1899/624 972/1900/624 970/1901/624 
f 940/1902/844 939/1903/844 974/1887/844 973/1886/844 
f 977/1904/905 978/1905/905 979/1906/905 980/1907/905 
f 938/1908/850 937/1909/850 975/1895/850 976/1894/850 
f 981/1910/906 982/1911/906 983/1912/906 984/1913/906 
f 985/1914/843 986/1915/843 976/1916/843 974/1917/843 
f 987/1918/844 985/1919/844 974/1887/844 939/1903/844 
f 988/1920/623 987/1921/623 939/1792/623 938/1791/623 
f 986/1922/850 988/1923/850 938/1908/850 976/1894/850 
f 984/1924/907 983/1925/907 986/1915/907 985/1914/907 
f 989/1926/844 990/1927/844 981/1928/844 987/1918/844 
f 981/1928/844 984/1929/844 985/1919/844 987/1918/844 
f 989/1926/844 987/1918/844 991/1930/844 
f 992/1931/623 991/1932/623 987/1921/623 988/1920/623 
f 993/1933/850 994/1934/850 992/1935/850 983/1936/850 
f 988/1923/850 986/1922/850 983/1936/850 992/1935/850 
f 993/1933/850 983/1936/850 982/1937/850 
f 994/1938/908 993/1939/908 990/1940/908 989/1941/908 
f 993/1942/909 982/1911/909 981/1910/909 990/1943/909 
f 992/1931/910 994/1938/910 989/1941/910 991/1932/910 
f 995/1944/911 996/1945/911 973/1946/911 975/1947/911 
f 997/1948/850 995/1949/850 975/1895/850 937/1909/850 
f 998/1950/912 997/1951/912 937/1790/912 940/1793/912 
f 996/1952/844 998/1953/844 940/1902/844 973/1886/844 
f 999/1954/913 1000/1955/913 996/1945/913 995/1944/913 
f 1001/1956/850 1002/1957/850 999/1958/850 977/1959/850 
f 997/1948/850 1003/1960/850 1004/1961/850 977/1959/850 
f 1004/1961/850 1005/1962/850 977/1959/850 
f 995/1949/850 997/1948/850 977/1959/850 999/1958/850 
f 1001/1956/850 977/1959/850 980/1963/850 
f 1006/1964/914 1003/1965/914 997/1951/914 998/1950/914 
f 1007/1966/844 1008/1967/844 1006/1968/844 979/1969/844 
f 996/1952/844 1000/1970/844 1009/1971/844 979/1969/844 
f 1009/1971/844 1010/1972/844 979/1969/844 
f 998/1953/844 996/1952/844 979/1969/844 1006/1968/844 
f 1007/1966/844 979/1969/844 978/1973/844 
f 1002/1974/915 1001/1975/915 1010/1976/915 1009/1977/915 
f 1008/1978/916 1007/1979/916 1005/1980/916 1004/1981/916 
f 1001/1975/917 980/1907/917 979/1906/917 1010/1976/917 
f 1007/1979/918 978/1982/918 977/1983/918 1005/1980/918 
f 999/1984/919 1002/1974/919 1009/1977/919 1000/1985/919 
f 1006/1964/920 1008/1978/920 1004/1981/920 1003/1965/920 
s 2
f 1011/1986/843 1012/1987/843 1013/1988/843 1014/1989/843 
f 1015/1990/843 1012/1987/843 1011/1986/843 1016/1991/843 
s 4
f 1017/1992/921 1018/1993/921 1019/1994/921 1020/1995/921 
f 1021/1996/623 1022/1997/623 1023/1998/623 1024/1999/623 
s 8
f 1020/2000/922 1019/2001/923 1013/2002/924 1012/2003/925 
f 1020/2000/922 1012/2003/925 1015/2004/925 1025/2005/925 
s 16
f 1026/2006/926 1027/2007/926 1028/2008/926 1029/2009/926 
s 32
f 1026/2010/927 1029/2011/927 1030/2012/927 1031/2013/927 
f 1018/2014/928 1017/2015/929 1011/2016/930 1014/2017/931 
s 64
f 1019/2018/624 1018/2019/624 1014/2020/624 1013/2021/624 
s off
f 1032/2022/623 1033/2023/623 1017/1992/623 1020/1995/623 
f 1032/2022/623 1020/1995/623 1025/2024/623 1034/2025/623 
f 1035/2026/623 1036/2027/623 1027/2028/623 1026/2029/623 
f 1035/2026/623 1026/2029/623 1031/2030/623 1037/2031/623 
f 1038/2032/624 1039/2033/624 1033/2034/624 1032/2035/624 
f 1038/2036/844 1032/2037/844 1034/2038/844 1040/2039/844 
f 1041/2040/640 1042/2041/640 1036/2042/640 1035/2043/640 
f 1041/2044/850 1035/2045/850 1037/2046/850 1043/2047/850 
f 1044/2048/843 1045/2049/843 1039/2050/843 1038/2051/843 
f 1046/2052/843 1044/2048/843 1038/2051/843 1040/2053/843 
f 1047/2054/843 1048/2055/843 1042/2056/843 1041/2057/843 
f 1049/2058/843 1047/2054/843 1041/2057/843 1043/2059/843 
f 1022/2060/624 1021/2061/624 1045/2062/624 1044/2063/624 
f 1022/2064/932 1044/2065/932 1046/2066/932 1023/2067/932 
f 1050/2068/640 1051/2069/640 1048/2070/640 1047/2071/640 
f 1050/2072/933 1047/2073/933 1049/2074/933 1052/2075/933 
s 2
f 1053/2076/843 1030/2077/843 1029/2078/843 1028/2079/843 
s 4
f 1052/2080/623 1054/2081/623 1051/2082/623 1050/2083/623 
s 8
f 1027/2084/925 1055/2085/925 1053/2086/925 1028/2087/925 
s 32
f 1031/2013/927 1030/2012/927 1016/2088/927 1056/2089/927 
s off
f 1036/2027/623 1057/2090/623 1055/2091/623 1027/2028/623 
f 1037/2031/623 1031/2030/623 1056/2092/623 1058/2093/623 
f 1059/2094/844 1057/2095/844 1036/2096/844 1042/2097/844 
f 1043/2047/850 1037/2046/850 1058/2098/850 1060/2099/850 
f 1061/2100/843 1059/2101/843 1042/2056/843 1048/2055/843 
f 1049/2058/843 1043/2059/843 1060/2102/843 1062/2103/843 
f 1054/2104/934 1061/2105/934 1048/2106/934 1051/2107/934 
f 1063/2108/935 1064/2109/935 1065/2110/935 1066/2111/935 
s 2
f 1015/1990/843 1016/1991/843 1030/2077/843 1053/2076/843 
s 4
f 1067/2112/623 1068/2113/623 1069/2114/623 1070/2115/623 
s 8
f 1025/2005/925 1015/2004/925 1053/2086/925 1055/2085/925 
s off
f 1034/2025/623 1025/2024/623 1055/2091/623 1057/2090/623 
f 1040/2039/844 1034/2038/844 1057/2095/844 1059/2094/844 
f 1046/2052/843 1040/2053/843 1059/2101/843 1061/2100/843 
f 1071/2116/936 1072/2117/936 1073/2118/936 1074/2119/936 
s 32
f 1017/2015/929 1056/2089/927 1016/2088/927 1011/2016/930 
s off
f 1033/2023/623 1058/2093/623 1056/2092/623 1017/1992/623 
f 1060/2099/847 1058/2098/847 1033/2120/847 1039/2121/847 
f 1062/2103/843 1060/2102/843 1039/2050/843 1045/2049/843 
f 1024/2122/937 1062/2123/937 1045/2124/937 1021/2125/937 
f 1065/2126/843 1064/2127/843 1049/2058/843 1062/2103/843 
f 1066/2128/624 1065/2129/624 1062/2130/624 1024/2131/624 
f 1075/2132/623 1076/2133/623 1077/2134/623 1078/2135/623 
f 1064/2136/640 1063/2137/640 1052/2138/640 1049/2139/640 
f 1074/2140/640 1073/2141/640 1061/2142/640 1054/2143/640 
f 1079/2144/623 1080/2145/623 1081/2146/623 1082/2147/623 
f 1072/2148/624 1071/2149/624 1023/2150/624 1046/2151/624 
f 1073/2152/843 1072/2153/843 1046/2052/843 1061/2100/843 
f 1070/2154/640 1069/2155/640 1054/2143/640 1052/2138/640 
f 1083/2156/640 1070/2154/640 1052/2138/640 1063/2137/640 
f 1084/2157/938 1083/2158/938 1063/2108/938 1066/2111/938 
f 1067/2159/624 1084/2160/624 1066/2128/624 1024/2131/624 
f 1068/2161/624 1067/2159/624 1024/2131/624 1023/2150/624 
f 1085/2162/624 1068/2161/624 1023/2150/624 1071/2149/624 
f 1086/2163/939 1085/2164/939 1071/2116/939 1074/2119/939 
f 1069/2155/640 1086/2165/640 1074/2140/640 1054/2143/640 
f 1078/2166/844 1077/2167/844 1067/2168/844 1070/2169/844 
f 1075/2170/640 1078/2171/640 1070/2154/640 1083/2156/640 
f 1076/2172/940 1075/2173/940 1083/2158/940 1084/2157/940 
f 1077/2174/624 1076/2175/624 1084/2160/624 1067/2159/624 
f 1082/2176/850 1081/2177/850 1069/2178/850 1068/2179/850 
f 1079/2180/624 1082/2181/624 1068/2161/624 1085/2162/624 
f 1080/2182/941 1079/2183/941 1085/2164/941 1086/2163/941 
f 1081/2184/640 1080/2185/640 1086/2165/640 1069/2155/640 
s 4
f 1087/2186/942 1088/2187/943 1089/2188/944 
f 1087/2186/942 1089/2188/944 1090/2189/945 
f 1087/2186/942 1090/2189/945 1091/2190/946 
f 1087/2186/942 1091/2190/946 1092/2191/947 
f 1087/2186/942 1092/2191/947 1093/2192/948 
f 1087/2186/942 1093/2192/948 1094/2193/949 
f 1087/2186/942 1094/2193/949 1095/2194/950 
f 1087/2186/942 1095/2194/950 1088/2187/943 
f 1096/2195/951 1089/2196/944 1088/2197/943 1097/2198/952 
f 1098/2199/953 1090/2200/945 1089/2201/944 1096/2202/951 
f 1099/2203/954 1091/2204/946 1090/2200/945 1098/2199/953 
f 1100/2205/955 1092/2206/947 1091/2207/946 1099/2208/954 
f 1101/2209/956 1093/2210/948 1092/2206/947 1100/2205/955 
f 1102/2211/957 1094/2212/949 1093/2213/948 1101/2214/956 
f 1103/2215/958 1095/2216/950 1094/2212/949 1102/2211/957 
f 1097/2198/952 1088/2197/943 1095/2217/950 1103/2218/958 
f 1104/2219/959 1096/2195/951 1097/2198/952 1105/2220/850 
f 1106/2221/637 1098/2199/953 1096/2202/951 1104/2222/959 
f 1107/2223/960 1099/2203/954 1098/2199/953 1106/2221/637 
f 1108/2224/961 1100/2205/955 1099/2208/954 1107/2225/960 
f 1109/2226/962 1101/2209/956 1100/2205/955 1108/2224/961 
f 1110/2227/639 1102/2211/957 1101/2214/956 1109/2228/962 
f 1111/2229/963 1103/2215/958 1102/2211/957 1110/2227/639 
f 1105/2220/850 1097/2198/952 1103/2218/958 1111/2230/963 
s 2
f 1112/2231/843 1113/2232/843 1114/2233/843 1115/2234/843 
s 4
f 1116/2235/623 1117/2236/623 1118/2237/623 1119/2238/623 
s 8
f 1112/2239/844 1115/2240/844 1117/2241/844 1116/2242/844 
s 16
f 1115/2243/640 1114/2244/640 1118/2245/640 1117/2246/640 
s 32
f 1114/2247/850 1113/2248/850 1119/2249/850 1118/2250/850 
s 64
f 1113/2251/624 1112/2252/624 1116/2253/624 1119/2254/624 
s 2
f 1120/2255/843 1121/2256/843 1122/2257/843 1123/2258/843 
s 4
f 1124/2259/623 1125/2260/623 1126/2261/623 1127/2262/623 
s 8
f 1120/2263/850 1124/2264/850 1127/2265/850 1121/2266/850 
s 16
f 1121/2267/640 1127/2268/640 1126/2269/640 1122/2270/640 
s 32
f 1122/2271/844 1126/2272/844 1125/2273/844 1123/2274/844 
s 64
f 1123/2275/624 1125/2276/624 1124/2277/624 1120/2278/624 
s 2
f 1128/2279/964 1129/2280/964 1130/2281/964 1131/2282/964 
s 4
f 1132/2283/965 1133/2284/965 1134/2285/965 1135/2286/965 
s 8
f 1136/2287/639 1137/2288/639 1138/2289/639 1139/2290/639 
s 16
f 1140/2291/966 1141/2292/966 1142/2293/966 1143/2294/966 
s 32
f 1144/2295/637 1145/2296/637 1146/2297/637 1147/2298/624 
s 64
f 1148/2299/967 1149/2300/967 1150/2301/967 1151/2302/967 
s off
f 1136/2303/968 1149/2304/968 1128/2305/968 
f 1131/2306/969 1140/2307/969 1137/2308/969 
f 1148/2299/970 1145/2309/970 1129/2310/970 
f 1130/2311/971 1144/2312/971 1141/2313/971 
f 1139/2314/972 1132/2315/972 1150/2316/972 
f 1143/2294/973 1133/2317/973 1138/2318/973 
f 1151/2302/974 1135/2319/974 1146/2320/974 
f 1147/2321/975 1134/2322/975 1142/2323/975 
f 1128/2324/976 1149/2325/976 1148/2326/976 1129/2327/976 
f 1129/2328/977 1145/2329/977 1144/2330/977 1130/2331/977 
f 1130/2311/978 1141/2313/978 1140/2307/978 1131/2306/978 
f 1131/2332/979 1137/2333/979 1136/2334/979 1128/2335/979 
f 1132/2283/980 1139/2336/980 1138/2337/980 1133/2284/980 
f 1133/2284/981 1143/2338/981 1142/2339/981 1134/2285/981 
f 1134/2285/982 1147/2340/982 1146/2341/982 1135/2286/982 
f 1135/2286/983 1151/2342/983 1150/2343/983 1132/2283/983 
f 1137/2344/984 1140/2345/984 1143/2346/984 1138/2347/984 
f 1139/2314/985 1150/2316/985 1149/2304/985 1136/2303/985 
f 1141/2292/986 1144/2348/986 1147/2349/986 1142/2293/986 
f 1145/2350/987 1148/2351/987 1151/2352/987 1146/2353/987 
s 8
f 1152/2354/988 1153/2355/640 1154/2356/640 1155/2357/988 
f 1153/2358/640 1156/2359/989 1157/2360/989 1154/2361/640 
f 1156/2362/989 1152/2363/988 1155/2364/988 1157/2365/989 
s 1
f 1156/2366/843 1153/2367/843 1152/2368/843 
f 1155/2369/623 1154/2370/623 1157/2371/623 
s 8
f 1158/2372/990 1159/2373/991 1160/2374/992 1161/2375/990 
f 1159/2376/991 1162/2377/993 1163/2378/994 1160/2379/992 
f 1162/2380/993 1158/2381/990 1161/2382/990 1163/2383/994 
s 1
f 1162/2384/843 1159/2385/843 1158/2386/843 
f 1161/2387/623 1160/2388/623 1163/2389/623 
s 8
f 1164/2390/995 1165/2391/995 1166/2392/996 1167/2393/997 
f 1167/2394/997 1166/2395/996 1168/2396/998 1169/2397/999 
f 1169/2398/999 1168/2399/998 1165/2400/995 1164/2401/995 
s 1
f 1169/2402/843 1164/2403/843 1167/2404/843 
f 1165/2405/623 1168/2406/623 1166/2407/623 
s 8
f 1170/2408/988 1171/2409/640 1172/2410/640 1173/2411/988 
f 1171/2412/640 1174/2413/989 1175/2414/989 1172/2415/640 
f 1174/2416/989 1170/2417/988 1173/2418/988 1175/2419/989 
s 1
f 1174/2420/843 1171/2421/843 1170/2422/843 
f 1173/2423/623 1172/2424/623 1175/2425/623 
s off
f 1176/2426/1000 1177/2427/1000 1178/2428/1000 1179/2429/1000 
f 1180/2430/1000 1176/2426/1000 1179/2429/1000 1181/2431/1000 
f 1182/2432/1001 1183/2433/1001 1184/2434/1001 1185/2435/1001 
f 1186/2436/1002 1182/2432/1002 1185/2435/1002 1187/2437/1002 
f 1188/2438/1003 1189/2439/1003 1190/2440/1003 1191/2441/1003 
f 1191/2441/1004 1190/2440/1004 1192/2442/1004 1193/2443/1004 
f 1194/2444/1005 1195/2445/1005 1196/2446/1005 1197/2447/1005 
f 1194/2448/1006 1197/2449/1006 1198/2450/1006 1199/2451/1006 
f 1199/2452/1007 1198/2453/1007 1200/2454/1007 1201/2455/1007 
f 1195/2456/1008 1201/2457/1008 1200/2458/1008 1196/2459/1008 
f 1195/2445/1009 1194/2444/1009 1202/2460/1009 1203/2461/1009 
f 1194/2448/1010 1199/2451/1010 1204/2462/1010 1202/2463/1010 
f 1199/2452/1011 1201/2455/1011 1205/2464/1011 1204/2465/1011 
f 1201/2457/1012 1195/2456/1012 1203/2466/1012 1205/2467/1012 
f 1204/2468/1013 1205/2469/1013 1203/2470/1013 1202/2471/1013 
s 2
f 1206/2472/843 1207/2473/843 1208/2474/843 1209/2475/843 
s 4
f 1210/2476/942 1211/2477/942 1212/2478/942 1213/2479/942 
s 8
f 1206/2480/624 1209/2481/624 1211/2482/624 1210/2483/624 
s 16
f 1209/2484/844 1208/2485/844 1212/2486/844 1211/2487/844 
s 32
f 1208/2488/640 1207/2489/640 1213/2490/640 1212/2491/640 
s 64
f 1207/2492/850 1206/2493/850 1210/2494/850 1213/2495/850 
s 2
f 1214/2496/843 1215/2497/843 1216/2498/843 1217/2499/843 
s 4
f 1218/2500/623 1219/2501/623 1220/2502/623 1221/2503/623 
s 8
f 1214/2504/640 1217/2505/640 1219/2506/640 1218/2507/640 
s 16
f 1217/2508/850 1216/2509/850 1220/2510/850 1219/2511/850 
s 32
f 1216/2512/624 1215/2513/624 1221/2514/624 1220/2515/624 
s 64
f 1215/2516/844 1214/2517/844 1218/2518/844 1221/2519/844 
s 2
f 1222/2520/843 1223/2521/843 1224/2522/843 1225/2523/843 
f 1226/2524/843 1227/2525/843 1228/2526/843 1229/2527/843 
f 1230/2528/843 1231/2529/843 1232/2530/843 1233/2531/843 
s 4
f 1234/2532/1014 1235/2533/1015 1236/2534/1016 1237/2535/1017 
f 1238/2536/1018 1239/2537/1019 1235/2533/1015 1234/2532/1014 
f 1240/2538/1020 1241/2539/1021 1239/2537/1019 1238/2536/1018 
s 8
f 1242/2540/844 1243/2541/844 1224/2542/844 1223/2543/844 
f 1237/2544/844 1236/2545/844 1243/2541/844 1242/2540/844 
s 16
f 1244/2546/640 1242/2547/640 1223/2548/640 1222/2549/640 
f 1245/2550/640 1244/2546/640 1222/2549/640 1231/2551/640 
f 1246/2552/640 1245/2550/640 1231/2551/640 1230/2553/640 
f 1247/2554/640 1248/2555/640 1249/2556/640 1250/2557/640 
f 1238/2558/640 1234/2559/640 1244/2546/640 1245/2550/640 
f 1251/2560/640 1252/2561/640 1253/2562/640 1254/2563/640 
s 32
f 1255/2564/850 1246/2565/850 1230/2566/850 1233/2567/850 
f 1241/2568/850 1240/2569/850 1246/2565/850 1255/2564/850 
s 64
f 1256/2570/624 1255/2571/624 1233/2572/624 1232/2573/624 
f 1257/2574/624 1256/2570/624 1232/2573/624 1225/2575/624 
f 1243/2576/624 1257/2574/624 1225/2575/624 1224/2577/624 
f 1239/2578/624 1241/2579/624 1255/2571/624 1256/2570/624 
f 1258/2580/624 1259/2581/624 1260/2582/624 1261/2583/624 
f 1236/2584/624 1235/2585/624 1257/2574/624 1243/2576/624 
s off
f 1262/2586/623 1263/2587/623 1235/2533/623 1239/2537/623 
f 1264/2588/850 1262/2589/850 1239/2590/850 1256/2591/850 
f 1265/2592/843 1264/2593/843 1256/2594/843 1257/2595/843 
f 1263/2596/1022 1265/2597/1022 1257/2598/1022 1235/2599/1022 
f 1266/2600/1023 1267/2601/1023 1263/2602/1023 1262/2603/1023 
f 1268/2604/1024 1266/2600/1024 1262/2603/1024 1264/2605/1024 
f 1269/2606/1025 1268/2604/1025 1264/2605/1025 1265/2607/1025 
f 1267/2601/1026 1269/2606/1026 1265/2607/1026 1263/2602/1026 
f 1259/2608/623 1258/2609/623 1267/2610/623 1266/2611/623 
f 1260/2612/850 1259/2613/850 1266/2614/850 1268/2615/850 
f 1261/2616/843 1260/2617/843 1268/2618/843 1269/2619/843 
f 1258/2620/844 1261/2621/844 1269/2622/844 1267/2623/844 
f 1270/2624/623 1271/2625/623 1234/2532/623 1237/2535/623 
f 1272/2626/844 1270/2627/844 1237/2544/844 1242/2540/844 
f 1273/2628/843 1272/2629/843 1242/2630/843 1244/2631/843 
f 1271/2632/850 1273/2633/850 1244/2634/850 1234/2635/850 
f 1274/2636/623 1275/2637/623 1240/2538/623 1238/2536/623 
f 1276/2638/844 1274/2639/844 1238/2640/844 1245/2641/844 
f 1277/2642/843 1276/2643/843 1245/2644/843 1246/2645/843 
f 1275/2646/850 1277/2647/850 1246/2565/850 1240/2569/850 
f 1248/2648/623 1247/2649/623 1271/2625/623 1270/2624/623 
f 1249/2650/844 1248/2651/844 1270/2627/844 1272/2626/844 
f 1278/2652/843 1279/2653/843 1280/2654/843 1281/2655/843 
f 1247/2656/850 1250/2657/850 1273/2633/850 1271/2632/850 
f 1252/2658/623 1251/2659/623 1275/2637/623 1274/2636/623 
f 1253/2660/844 1252/2661/844 1274/2639/844 1276/2638/844 
f 1282/2662/843 1283/2663/843 1284/2664/843 1285/2665/843 
f 1251/2666/850 1254/2667/850 1277/2647/850 1275/2646/850 
f 1281/2668/1027 1280/2669/1027 1272/2670/1027 1273/2671/1027 
f 1278/2672/1028 1281/2673/1028 1273/2633/1028 1250/2657/1028 
f 1279/2674/1029 1278/2675/1029 1250/2557/1029 1249/2556/1029 
f 1280/2676/1030 1279/2677/1030 1249/2650/1030 1272/2626/1030 
f 1285/2678/1027 1284/2679/1027 1276/2680/1027 1277/2681/1027 
f 1282/2682/1031 1285/2683/1031 1277/2647/1031 1254/2667/1031 
f 1283/2684/1029 1282/2685/1029 1254/2563/1029 1253/2562/1029 
f 1284/2686/1032 1283/2687/1032 1253/2660/1032 1276/2638/1032 
f 1286/2688/844 1287/2689/844 1222/2690/844 1225/2691/844 
f 1288/2692/1033 1286/2693/1033 1225/2694/1033 1232/2695/1033 
f 1289/2696/850 1288/2697/850 1232/2698/850 1231/2699/850 
f 1287/2700/1034 1289/2701/1034 1231/2702/1034 1222/2703/1034 
f 1228/2704/844 1227/2705/844 1287/2689/844 1286/2688/844 
f 1229/2706/624 1228/2707/624 1286/2708/624 1288/2709/624 
f 1226/2710/850 1229/2711/850 1288/2697/850 1289/2696/850 
f 1227/2712/640 1226/2713/640 1289/2714/640 1287/2715/640 
s 2
f 1290/2716/843 1291/2717/843 1292/2718/843 1293/2719/843 
f 1294/2720/843 1295/2721/843 1296/2722/843 1297/2723/843 
f 1298/2724/843 1299/2725/843 1300/2726/843 1301/2727/843 
s 4
f 1302/2728/1014 1303/2729/1015 1304/2730/1016 1305/2731/1017 
f 1306/2732/1018 1307/2733/1019 1303/2729/1015 1302/2728/1014 
f 1308/2734/1020 1309/2735/1021 1307/2733/1019 1306/2732/1018 
s 8
f 1310/2736/844 1311/2737/844 1292/2738/844 1291/2739/844 
f 1305/2740/844 1304/2741/844 1311/2737/844 1310/2736/844 
s 16
f 1312/2742/640 1310/2743/640 1291/2744/640 1290/2745/640 
f 1313/2746/640 1312/2742/640 1290/2745/640 1299/2747/640 
f 1314/2748/640 1313/2746/640 1299/2747/640 1298/2749/640 
f 1315/2750/640 1316/2751/640 1317/2752/640 1318/2753/640 
f 1306/2754/640 1302/2755/640 1312/2742/640 1313/2746/640 
f 1319/2756/640 1320/2757/640 1321/2758/640 1322/2759/640 
s 32
f 1323/2760/850 1314/2761/850 1298/2762/850 1301/2763/850 
f 1309/2764/850 1308/2765/850 1314/2761/850 1323/2760/850 
s 64
f 1324/2766/624 1323/2767/624 1301/2768/624 1300/2769/624 
f 1325/2770/624 1324/2766/624 1300/2769/624 1293/2771/624 
f 1311/2772/624 1325/2770/624 1293/2771/624 1292/2773/624 
f 1307/2774/624 1309/2775/624 1323/2767/624 1324/2766/624 
f 1326/2776/624 1327/2777/624 1328/2778/624 1329/2779/624 
f 1304/2780/624 1303/2781/624 1325/2770/624 1311/2772/624 
s off
f 1330/2782/623 1331/2783/623 1303/2729/623 1307/2733/623 
f 1332/2784/850 1330/2785/850 1307/2786/850 1324/2787/850 
f 1333/2788/843 1332/2789/843 1324/2790/843 1325/2791/843 
f 1331/2792/844 1333/2793/844 1325/2794/844 1303/2795/844 
f 1334/2796/1035 1335/2797/1035 1331/2798/1035 1330/2799/1035 
f 1336/2800/1024 1334/2796/1024 1330/2799/1024 1332/2801/1024 
f 1337/2802/1036 1336/2800/1036 1332/2801/1036 1333/2803/1036 
f 1335/2797/1026 1337/2802/1026 1333/2803/1026 1331/2798/1026 
f 1327/2804/623 1326/2805/623 1335/2806/623 1334/2807/623 
f 1328/2808/850 1327/2809/850 1334/2810/850 1336/2811/850 
f 1329/2812/843 1328/2813/843 1336/2814/843 1337/2815/843 
f 1326/2816/844 1329/2817/844 1337/2818/844 1335/2819/844 
f 1338/2820/623 1339/2821/623 1302/2728/623 1305/2731/623 
f 1340/2822/844 1338/2823/844 1305/2740/844 1310/2736/844 
f 1341/2824/843 1340/2825/843 1310/2826/843 1312/2827/843 
f 1339/2828/850 1341/2829/850 1312/2830/850 1302/2831/850 
f 1342/2832/623 1343/2833/623 1308/2734/623 1306/2732/623 
f 1344/2834/844 1342/2835/844 1306/2836/844 1313/2837/844 
f 1345/2838/843 1344/2839/843 1313/2840/843 1314/2841/843 
f 1343/2842/850 1345/2843/850 1314/2761/850 1308/2765/850 
f 1316/2844/623 1315/2845/623 1339/2821/623 1338/2820/623 
f 1317/2846/844 1316/2847/844 1338/2823/844 1340/2822/844 
f 1346/2848/843 1347/2849/843 1348/2850/843 1349/2851/843 
f 1315/2852/850 1318/2853/850 1341/2829/850 1339/2828/850 
f 1320/2854/623 1319/2855/623 1343/2833/623 1342/2832/623 
f 1321/2856/844 1320/2857/844 1342/2835/844 1344/2834/844 
f 1350/2858/843 1351/2859/843 1352/2860/843 1353/2861/843 
f 1319/2862/850 1322/2863/850 1345/2843/850 1343/2842/850 
f 1349/2864/1027 1348/2865/1027 1340/2866/1027 1341/2867/1027 
f 1346/2868/1028 1349/2869/1028 1341/2829/1028 1318/2853/1028 
f 1347/2870/1029 1346/2871/1029 1318/2753/1029 1317/2752/1029 
f 1348/2872/1030 1347/2873/1030 1317/2846/1030 1340/2822/1030 
f 1353/2874/1027 1352/2875/1027 1344/2876/1027 1345/2877/1027 
f 1350/2878/1031 1353/2879/1031 1345/2843/1031 1322/2863/1031 
f 1351/2880/1029 1350/2881/1029 1322/2759/1029 1321/2758/1029 
f 1352/2882/1032 1351/2883/1032 1321/2856/1032 1344/2834/1032 
f 1354/2884/844 1355/2885/844 1290/2886/844 1293/2887/844 
f 1356/2888/1033 1354/2889/1033 1293/2890/1033 1300/2891/1033 
f 1357/2892/850 1356/2893/850 1300/2894/850 1299/2895/850 
f 1355/2896/1034 1357/2897/1034 1299/2898/1034 1290/2899/1034 
f 1296/2900/844 1295/2901/844 1355/2885/844 1354/2884/844 
f 1297/2902/624 1296/2903/624 1354/2904/624 1356/2905/624 
f 1294/2906/850 1297/2907/850 1356/2893/850 1357/2892/850 
f 1295/2908/640 1294/2909/640 1357/2910/640 1355/2911/640 
s 1
f 1358/2912/1037 1359/2913/1037 1360/2914/624 1361/2915/637 
f 1362/2916/1038 1363/2917/1038 1359/2918/1037 1358/2919/1037 
f 1364/2920/1039 1365/2921/1039 1363/2922/1038 1362/2923/1038 
f 1366/2924/1040 1367/2925/1040 1365/2926/1039 1364/2927/1039 
f 1361/2928/637 1360/2929/624 1367/2925/1040 1366/2924/1040 
s 2
f 1368/2930/1041 1358/2931/1042 1361/2932/1043 1369/2933/1044 
f 1370/2934/1045 1362/2916/1046 1358/2919/1042 1368/2935/1041 
f 1371/2936/1047 1364/2937/1048 1362/2938/1046 1370/2939/1045 
f 1372/2940/1049 1366/2924/1050 1364/2927/1048 1371/2941/1047 
f 1369/2942/1044 1361/2928/1043 1366/2924/1050 1372/2940/1049 
s 12
f 1373/2943/1051 1368/2935/1052 1369/2944/1053 1374/2945/1054 
f 1375/2946/1055 1370/2934/1056 1368/2935/1052 1373/2943/1051 
f 1376/2947/1057 1371/2936/1058 1370/2939/1056 1375/2948/1055 
f 1377/2949/1059 1372/2940/1060 1371/2941/1058 1376/2950/1057 
f 1374/2951/1054 1369/2942/1053 1372/2940/1060 1377/2949/1059 
s 10
f 1378/2952/1061 1373/2943/1051 1374/2945/1054 1379/2953/1062 
f 1380/2954/1063 1375/2946/1055 1373/2943/1051 1378/2952/1061 
f 1381/2955/1064 1376/2947/1057 1375/2948/1055 1380/2956/1063 
f 1382/2957/1065 1377/2949/1059 1376/2950/1057 1381/2958/1064 
f 1379/2959/1062 1374/2951/1054 1377/2949/1059 1382/2957/1065 
s 6
f 1383/2960/1066 1378/2952/1061 1379/2953/1062 1384/2961/1067 
f 1385/2962/1068 1380/2954/1063 1378/2952/1061 1383/2960/1066 
f 1386/2963/1069 1381/2964/1064 1380/2965/1063 1385/2966/1068 
f 1387/2967/1070 1382/2957/1065 1381/2958/1064 1386/2968/1069 
f 1384/2969/1067 1379/2959/1062 1382/2957/1065 1387/2967/1070 
s 4
f 1388/2970/1071 1383/2960/1066 1384/2961/1067 1389/2971/1072 
f 1390/2972/1073 1385/2962/1068 1383/2960/1066 1388/2970/1071 
f 1391/2973/1074 1386/2963/1069 1385/2966/1068 1390/2974/1073 
f 1392/2975/1075 1387/2967/1070 1386/2968/1069 1391/2976/1074 
f 1389/2977/1072 1384/2969/1067 1387/2967/1070 1392/2975/1075 
s 16
f 1359/2978/1076 1388/2979/1077 1389/2980/1078 1360/2981/1079 
f 1363/2917/1080 1390/2972/1081 1388/2970/1077 1359/2918/1076 
f 1365/2982/1082 1391/2973/1083 1390/2974/1081 1363/2983/1080 
f 1367/2925/1084 1392/2975/1085 1391/2976/1083 1365/2926/1082 
f 1360/2929/1079 1389/2977/1078 1392/2975/1085 1367/2925/1084 
s 1
f 1393/2984/1086 1394/2985/1086 1395/2986/1086 1396/2987/1086 
s 4
f 1397/2988/1087 1393/2984/1087 1396/2987/1087 1398/2989/1087 
s 2
f 1399/2990/1088 1397/2988/1088 1398/2989/1088 1400/2991/1088 
s 4
f 1401/2992/1089 1399/2993/1089 1400/2994/1089 1402/2995/1089 
s 2
f 1403/2996/1090 1401/2992/1090 1402/2995/1090 1404/2997/1090 
s 4
f 1405/2998/1091 1403/2996/1091 1404/2997/1091 1406/2999/1091 
s 2
f 1394/3000/624 1405/3001/624 1406/3002/624 1395/3003/624 
s 16
f 1395/3004/843 1406/3005/843 1404/3006/843 1396/3007/843 
f 1402/3008/843 1400/3009/843 1398/3010/843 1396/3007/843 
f 1404/3006/843 1402/3008/843 1396/3007/843 
f 1403/3011/623 1405/3012/623 1394/3013/623 1393/3014/623 
f 1397/3015/623 1399/3016/623 1401/3017/623 1393/3014/623 
f 1403/3011/623 1393/3014/623 1401/3017/623 
s 1
f 1407/3018/1037 1408/3019/624 1409/3020/624 1410/3021/1092 
f 1411/3022/1038 1407/3023/1037 1410/3024/1092 1412/3025/1038 
f 1413/3026/1039 1411/3027/1038 1412/3028/1038 1414/3029/1039 
f 1415/3030/1093 1413/3031/1039 1414/3032/1039 1416/3033/1040 
f 1408/3034/624 1415/3030/1093 1416/3033/1040 1409/3035/624 
s 2
f 1417/3036/1094 1418/3037/1079 1408/3038/1079 1407/3039/1076 
f 1419/3040/1095 1417/3041/1094 1407/3023/1076 1411/3022/1080 
f 1420/3042/1096 1419/3043/1095 1411/3044/1080 1413/3045/1082 
f 1421/3046/1097 1420/3047/1096 1413/3031/1082 1415/3030/1084 
f 1418/3048/1079 1421/3046/1097 1415/3030/1084 1408/3034/1079 
s 12
f 1422/3049/1098 1423/3050/1099 1418/3051/1100 1417/3041/1101 
f 1424/3052/1102 1422/3049/1098 1417/3041/1101 1419/3040/1103 
f 1425/3053/1104 1424/3054/1102 1419/3043/1103 1420/3042/1105 
f 1426/3055/1106 1425/3056/1104 1420/3047/1105 1421/3046/1107 
f 1423/3057/1099 1426/3055/1106 1421/3046/1107 1418/3048/1100 
s 10
f 1427/3058/1108 1428/3059/1109 1423/3050/1099 1422/3049/1098 
f 1429/3060/1110 1427/3058/1108 1422/3049/1098 1424/3052/1102 
f 1430/3061/1111 1429/3062/1110 1424/3054/1102 1425/3053/1104 
f 1431/3063/1112 1430/3064/1111 1425/3056/1104 1426/3055/1106 
f 1428/3065/1109 1431/3063/1112 1426/3055/1106 1423/3057/1099 
s 6
f 1432/3066/1113 1433/3067/1114 1428/3059/1109 1427/3058/1108 
f 1434/3068/1115 1432/3066/1113 1427/3058/1108 1429/3060/1110 
f 1435/3069/1116 1434/3070/1115 1429/3071/1110 1430/3072/1111 
f 1436/3073/1117 1435/3074/1116 1430/3064/1111 1431/3063/1112 
f 1433/3075/1114 1436/3073/1117 1431/3063/1112 1428/3065/1109 
s 4
f 1437/3076/1118 1438/3077/1119 1433/3067/1114 1432/3066/1113 
f 1439/3078/1120 1437/3076/1118 1432/3066/1113 1434/3068/1115 
f 1440/3079/1121 1439/3080/1120 1434/3070/1115 1435/3069/1116 
f 1441/3081/1122 1440/3082/1121 1435/3074/1116 1436/3073/1117 
f 1438/3083/1119 1441/3081/1122 1436/3073/1117 1433/3075/1114 
s 16
f 1410/3084/1042 1409/3085/1044 1438/3086/1043 1437/3087/1123 
f 1412/3025/1046 1410/3024/1042 1437/3076/1123 1439/3078/1124 
f 1414/3088/1048 1412/3089/1046 1439/3080/1124 1440/3079/1125 
f 1416/3033/1050 1414/3032/1048 1440/3082/1125 1441/3081/1126 
f 1409/3035/1044 1416/3033/1050 1441/3081/1126 1438/3083/1043 
s 1
f 1442/3090/1091 1443/3091/1091 1444/3092/1091 1445/3093/1091 
s 4
f 1446/3094/1090 1447/3095/1090 1443/3091/1090 1442/3090/1090 
s 2
f 1448/3096/1089 1449/3097/1089 1447/3095/1089 1446/3094/1089 
s 4
f 1450/3098/1088 1451/3099/1088 1449/3100/1088 1448/3101/1088 
s 2
f 1452/3102/1087 1453/3103/1087 1451/3099/1087 1450/3098/1087 
s 4
f 1454/3104/1086 1455/3105/1086 1453/3103/1086 1452/3102/1086 
s 2
f 1445/3106/624 1444/3107/624 1455/3108/624 1454/3109/624 
s 16
f 1447/3110/843 1449/3111/843 1451/3112/843 1443/3113/843 
f 1443/3113/843 1451/3112/843 1453/3114/843 1444/3115/843 
f 1444/3115/843 1453/3114/843 1455/3116/843 
f 1450/3117/623 1448/3118/623 1446/3119/623 1442/3120/623 
f 1452/3121/623 1450/3117/623 1442/3120/623 1445/3122/623 
f 1452/3121/623 1445/3122/623 1454/3123/623 
s 1
f 1456/3124/638 1457/3125/638 1458/3126/638 1459/3127/638 
f 1458/3126/638 1460/3128/1127 1459/3127/638 
f 1461/3129/1127 1456/3124/638 1459/3127/638 
f 1462/3130/641 1463/3131/1128 1464/3132/641 1465/3133/641 
f 1464/3132/641 1466/3134/1128 1465/3133/641 
f 1467/3135/1128 1462/3130/641 1465/3133/641 
s 8
f 1468/3136/1129 1469/3137/1130 1470/3138/1131 1471/3139/1132 
f 1472/3140/1131 1473/3141/1132 1474/3142/1129 1475/3143/1130 
f 1476/3144/1133 1468/3136/1129 1471/3139/1132 1477/3145/1134 
f 1473/3141/1132 1478/3146/1134 1479/3147/1133 1474/3142/1129 
f 1480/3148/1135 1476/3144/1133 1477/3145/1134 1481/3149/1136 
f 1478/3146/1134 1482/3150/1136 1483/3151/1135 1479/3147/1133 
f 1484/3152/1137 1480/3153/1135 1481/3154/1136 1485/3155/1138 
f 1482/3156/1136 1486/3157/1139 1487/3158/1137 1483/3159/1135 
f 1488/3160/1140 1484/3152/1137 1485/3155/1138 1489/3161/1141 
f 1486/3162/1139 1490/3163/1141 1491/3164/1140 1487/3165/1137 
f 1469/3166/1130 1488/3160/1140 1489/3161/1141 1470/3167/1131 
f 1490/3163/1141 1472/3168/1131 1475/3169/1130 1491/3164/1140 
s off
f 1462/3170/641 1467/3171/641 1469/3172/641 1468/3173/641 
f 1467/3171/641 1465/3174/641 1488/3175/641 1469/3172/641 
f 1465/3174/641 1466/3176/641 1484/3177/641 1488/3175/641 
f 1466/3176/1128 1464/3178/1128 1480/3179/1128 1484/3177/1128 
f 1464/3178/641 1463/3180/641 1476/3181/641 1480/3179/641 
f 1463/3180/641 1462/3170/641 1468/3173/641 1476/3181/641 
f 1492/3182/1127 1493/3183/1127 1471/3184/1127 1470/3185/1127 
f 1493/3183/1127 1494/3186/1127 1477/3187/1127 1471/3184/1127 
f 1494/3186/638 1495/3188/638 1481/3189/638 1477/3187/638 
f 1495/3188/638 1496/3190/638 1485/3191/638 1481/3189/638 
f 1496/3190/1142 1497/3192/1142 1489/3193/1142 1485/3191/1142 
f 1497/3192/1127 1492/3182/1127 1470/3185/1127 1489/3193/1127 
f 1459/3194/1127 1460/3195/1127 1473/3196/1127 1472/3197/1127 
f 1460/3195/638 1458/3198/638 1478/3199/638 1473/3196/638 
f 1458/3198/638 1457/3200/638 1482/3201/638 1478/3199/638 
f 1457/3200/1127 1456/3202/1127 1486/3203/1127 1482/3201/1127 
f 1456/3202/638 1461/3204/638 1490/3205/638 1486/3203/638 
f 1461/3204/638 1459/3194/638 1472/3197/638 1490/3205/638 
f 1498/3206/1128 1499/3207/1128 1475/3208/1128 1474/3209/1128 
f 1499/3207/641 1500/3210/641 1491/3211/641 1475/3208/641 
f 1500/3210/641 1501/3212/641 1487/3213/641 1491/3211/641 
f 1501/3212/641 1502/3214/641 1483/3215/641 1487/3213/641 
f 1502/3214/641 1503/3216/641 1479/3217/641 1483/3215/641 
f 1503/3216/641 1498/3206/641 1474/3209/641 1479/3217/641 
s 1
f 1504/3218/638 1505/3219/638 1506/3220/638 1507/3221/1127 
f 1506/3220/638 1508/3222/1127 1507/3221/1127 
f 1509/3223/1127 1504/3218/638 1507/3221/1127 
f 1510/3224/1128 1511/3225/1128 1512/3226/641 1513/3227/1128 
f 1512/3226/641 1514/3228/1128 1513/3227/1128 
f 1515/3229/1128 1510/3224/1128 1513/3227/1128 
s 8
f 1516/3230/1129 1517/3231/1130 1518/3232/1131 1519/3233/1132 
f 1520/3234/1131 1521/3235/1132 1522/3236/1129 1523/3237/1130 
f 1524/3238/1133 1516/3230/1129 1519/3233/1132 1525/3239/1134 
f 1521/3235/1132 1526/3240/1134 1527/3241/1133 1522/3236/1129 
f 1528/3242/1135 1524/3238/1133 1525/3239/1134 1529/3243/1136 
f 1526/3240/1134 1530/3244/1136 1531/3245/1135 1527/3241/1133 
f 1532/3246/1137 1528/3247/1135 1529/3248/1136 1533/3249/1139 
f 1530/3250/1136 1534/3251/1139 1535/3252/1137 1531/3253/1135 
f 1536/3254/1140 1532/3246/1137 1533/3249/1139 1537/3255/1141 
f 1534/3251/1139 1538/3256/1141 1539/3257/1140 1535/3252/1137 
f 1517/3258/1130 1536/3254/1140 1537/3255/1141 1518/3259/1131 
f 1538/3256/1141 1520/3260/1131 1523/3261/1130 1539/3257/1140 
s off
f 1510/3262/641 1515/3263/641 1517/3264/641 1516/3265/641 
f 1515/3263/1128 1513/3266/1128 1536/3267/1128 1517/3264/1128 
f 1513/3266/1128 1514/3268/1128 1532/3269/1128 1536/3267/1128 
f 1514/3268/641 1512/3270/641 1528/3271/641 1532/3269/641 
f 1512/3270/1128 1511/3272/1128 1524/3273/1128 1528/3271/1128 
f 1511/3272/1143 1510/3262/1143 1516/3265/1143 1524/3273/1143 
f 1540/3274/638 1541/3275/638 1519/3276/638 1518/3277/638 
f 1541/3275/638 1542/3278/638 1525/3279/638 1519/3276/638 
f 1542/3278/638 1543/3280/638 1529/3281/638 1525/3279/638 
f 1543/3280/1142 1544/3282/1142 1533/3283/1142 1529/3281/1142 
f 1544/3282/1144 1545/3284/1144 1537/3285/1144 1533/3283/1144 
f 1545/3284/1127 1540/3274/1127 1518/3277/1127 1537/3285/1127 
f 1507/3286/1127 1508/3287/1127 1521/3288/1127 1520/3289/1127 
f 1508/3287/638 1506/3290/638 1526/3291/638 1521/3288/638 
f 1506/3290/638 1505/3292/638 1530/3293/638 1526/3291/638 
f 1505/3292/638 1504/3294/638 1534/3295/638 1530/3293/638 
f 1504/3294/638 1509/3296/638 1538/3297/638 1534/3295/638 
f 1509/3296/638 1507/3286/638 1520/3289/638 1538/3297/638 
f 1546/3298/1128 1547/3299/1128 1523/3300/1128 1522/3301/1128 
f 1547/3299/1128 1548/3302/1128 1539/3303/1128 1523/3300/1128 
f 1548/3302/641 1549/3304/641 1535/3305/641 1539/3303/641 
f 1549/3304/1128 1550/3306/1128 1531/3307/1128 1535/3305/1128 
f 1550/3306/641 1551/3308/641 1527/3309/641 1531/3307/641 
f 1551/3308/641 1546/3298/641 1522/3301/641 1527/3309/641 
s 1
f 1552/3310/1145 1553/3311/1145 1554/3312/1145 1555/3313/966 
f 1554/3312/1145 1556/3314/966 1555/3313/966 
f 1557/3315/966 1552/3310/1145 1555/3313/966 
f 1558/3316/967 1559/3317/967 1560/3318/1146 1561/3319/967 
f 1560/3318/1146 1562/3320/967 1561/3319/967 
f 1563/3321/967 1558/3316/967 1561/3319/967 
s 8
f 1564/3322/1147 1565/3323/1148 1566/3324/1149 1567/3325/1150 
f 1568/3326/1149 1569/3327/1150 1570/3328/1147 1571/3329/1148 
f 1572/3330/1151 1564/3322/1147 1567/3325/1150 1573/3331/1152 
f 1569/3327/1150 1574/3332/1152 1575/3333/1153 1570/3328/1147 
f 1576/3334/1154 1572/3330/1151 1573/3331/1152 1577/3335/1155 
f 1574/3332/1152 1578/3336/1155 1579/3337/1154 1575/3333/1153 
f 1580/3338/1156 1576/3339/1154 1577/3340/1155 1581/3341/1157 
f 1578/3342/1155 1582/3343/1158 1583/3344/1156 1579/3345/1154 
f 1584/3346/1159 1580/3338/1156 1581/3341/1157 1585/3347/1160 
f 1582/3343/1158 1586/3348/1160 1587/3349/1159 1583/3344/1156 
f 1565/3350/1148 1584/3346/1159 1585/3347/1160 1566/3351/1149 
f 1586/3348/1160 1568/3352/1149 1571/3353/1148 1587/3349/1159 
s off
f 1558/3354/967 1563/3355/967 1565/3356/967 1564/3357/967 
f 1563/3355/1146 1561/3358/1146 1584/3359/1146 1565/3356/1146 
f 1561/3358/967 1562/3360/967 1580/3361/967 1584/3359/967 
f 1562/3360/967 1560/3362/967 1576/3363/967 1580/3361/967 
f 1560/3362/1146 1559/3364/1146 1572/3365/1146 1576/3363/1146 
f 1559/3364/967 1558/3354/967 1564/3357/967 1572/3365/967 
f 1588/3366/966 1589/3367/966 1567/3368/966 1566/3369/966 
f 1589/3367/966 1590/3370/966 1573/3371/966 1567/3368/966 
f 1590/3370/966 1591/3372/966 1577/3373/966 1573/3371/966 
f 1591/3372/1145 1592/3374/1145 1581/3375/1145 1577/3373/1145 
f 1592/3374/1161 1593/3376/1161 1585/3377/1161 1581/3375/1161 
f 1593/3376/966 1588/3366/966 1566/3369/966 1585/3377/966 
f 1555/3378/966 1556/3379/966 1569/3380/966 1568/3381/966 
f 1556/3379/966 1554/3382/966 1574/3383/966 1569/3380/966 
f 1554/3382/1145 1553/3384/1145 1578/3385/1145 1574/3383/1145 
f 1553/3384/966 1552/3386/966 1582/3387/966 1578/3385/966 
f 1552/3386/1145 1557/3388/1145 1586/3389/1145 1582/3387/1145 
f 1557/3388/1145 1555/3378/1145 1568/3381/1145 1586/3389/1145 
f 1594/3390/967 1595/3391/967 1571/3392/967 1570/3393/967 
f 1595/3391/1146 1596/3394/1146 1587/3395/1146 1571/3392/1146 
f 1596/3394/967 1597/3396/967 1583/3397/967 1587/3395/967 
f 1597/3396/967 1598/3398/967 1579/3399/967 1583/3397/967 
f 1598/3398/967 1599/3400/967 1575/3401/967 1579/3399/967 
f 1599/3400/1162 1594/3390/1162 1570/3393/1162 1575/3401/1162 
s 1
f 1600/3402/966 1601/3403/966 1602/3404/966 1603/3405/1145 
f 1602/3404/966 1604/3406/966 1603/3405/1145 
f 1605/3407/966 1600/3402/966 1603/3405/1145 
f 1606/3408/967 1607/3409/967 1608/3410/1146 1609/3411/967 
f 1608/3410/1146 1610/3412/967 1609/3411/967 
f 1611/3413/967 1606/3408/967 1609/3411/967 
s 8
f 1612/3414/1147 1613/3415/1148 1614/3416/1149 1615/3417/1150 
f 1616/3418/1149 1617/3419/1150 1618/3420/1147 1619/3421/1148 
f 1620/3422/1151 1612/3423/1147 1615/3424/1150 1621/3425/1152 
f 1617/3419/1150 1622/3426/1152 1623/3427/1153 1618/3420/1147 
f 1624/3428/1154 1620/3422/1151 1621/3425/1152 1625/3429/1155 
f 1622/3426/1152 1626/3430/1155 1627/3431/1154 1623/3427/1153 
f 1628/3432/1156 1624/3433/1154 1625/3434/1155 1629/3435/1157 
f 1626/3436/1155 1630/3437/1158 1631/3438/1156 1627/3439/1154 
f 1632/3440/1159 1628/3432/1156 1629/3435/1157 1633/3441/1160 
f 1630/3437/1158 1634/3442/1160 1635/3443/1159 1631/3438/1156 
f 1613/3444/1148 1632/3440/1159 1633/3441/1160 1614/3445/1149 
f 1634/3442/1160 1616/3446/1149 1619/3447/1148 1635/3443/1159 
s off
f 1606/3448/1146 1611/3449/1146 1613/3450/1146 1612/3451/1146 
f 1611/3449/967 1609/3452/967 1632/3453/967 1613/3450/967 
f 1609/3452/1163 1610/3454/1163 1628/3455/1163 1632/3453/1163 
f 1610/3454/1146 1608/3456/1146 1624/3457/1146 1628/3455/1146 
f 1608/3456/967 1607/3458/967 1620/3459/967 1624/3457/967 
f 1607/3458/1163 1606/3448/1163 1612/3451/1163 1620/3459/1163 
f 1636/3460/1164 1637/3461/1164 1615/3462/1164 1614/3463/1164 
f 1637/3461/1161 1638/3464/1161 1621/3465/1161 1615/3462/1161 
f 1638/3464/966 1639/3466/966 1625/3467/966 1621/3465/966 
f 1639/3466/1164 1640/3468/1164 1629/3469/1164 1625/3467/1164 
f 1640/3468/1161 1641/3470/1161 1633/3471/1161 1629/3469/1161 
f 1641/3470/1161 1636/3460/1161 1614/3463/1161 1633/3471/1161 
f 1603/3472/1145 1604/3473/1145 1617/3474/1145 1616/3475/1145 
f 1604/3473/1161 1602/3476/1161 1622/3477/1161 1617/3474/1161 
f 1602/3476/966 1601/3478/966 1626/3479/966 1622/3477/966 
f 1601/3478/966 1600/3480/966 1630/3481/966 1626/3479/966 
f 1600/3480/966 1605/3482/966 1634/3483/966 1630/3481/966 
f 1605/3482/1145 1603/3472/1145 1616/3475/1145 1634/3483/1145 
f 1642/3484/967 1643/3485/967 1619/3486/967 1618/3487/967 
f 1643/3485/1146 1644/3488/1146 1635/3489/1146 1619/3486/1146 
f 1644/3488/967 1645/3490/967 1631/3491/967 1635/3489/967 
f 1645/3490/967 1646/3492/967 1627/3493/967 1631/3491/967 
f 1646/3492/967 1647/3494/967 1623/3495/967 1627/3493/967 
f 1647/3494/1146 1642/3484/1146 1618/3487/1146 1623/3495/1146 
s 1
f 1648/3496/1165 1649/3497/1166 1650/3498/850 1651/3499/536 
f 1652/3500/1167 1653/3501/1168 1649/3502/1166 1648/3503/1165 
f 1651/3504/536 1650/3505/850 1653/3506/1168 1652/3507/1167 
s 2
f 1654/3508/1169 1648/3496/1170 1651/3499/763 1655/3509/1171 
f 1656/3510/1172 1652/3511/1173 1648/3512/1170 1654/3513/1169 
f 1655/3514/1171 1651/3504/763 1652/3507/1173 1656/3515/1172 
s 4
f 1657/3516/1174 1654/3508/1175 1655/3509/1176 1658/3517/1177 
f 1659/3518/1178 1656/3519/1179 1654/3520/1175 1657/3521/1174 
f 1658/3522/1177 1655/3514/1176 1656/3515/1179 1659/3523/1178 
s 16
f 1660/3524/1180 1657/3516/1181 1658/3517/1182 1661/3525/1183 
f 1661/3526/1183 1658/3522/1182 1659/3523/1184 1662/3527/1185 
s 32
f 1649/3528/640 1653/3529/640 1650/3530/640 
s 1
f 1663/3531/852 1664/3532/852 1665/3533/850 1666/3534/850 
f 1667/3535/851 1668/3536/851 1664/3537/852 1663/3538/852 
f 1666/3539/850 1665/3540/850 1668/3541/851 1667/3542/851 
s 32
f 1664/3543/843 1668/3544/843 1665/3545/843 
f 1667/3546/623 1663/3547/623 1666/3548/623 
s 1
f 1669/3549/852 1670/3550/852 1671/3551/850 1672/3552/850 
f 1673/3553/851 1674/3554/851 1670/3555/852 1669/3556/852 
f 1672/3557/850 1671/3558/850 1674/3559/851 1673/3560/851 
s 32
f 1670/3561/843 1674/3562/843 1671/3563/843 
f 1673/3564/623 1669/3565/623 1672/3566/623 
s 1
f 1675/3567/852 1676/3568/852 1677/3569/850 1678/3570/847 
f 1679/3571/851 1680/3572/851 1676/3573/852 1675/3574/852 
f 1678/3575/847 1677/3576/850 1680/3577/851 1679/3578/851 
s 32
f 1676/3579/843 1680/3580/843 1677/3581/843 
f 1679/3582/623 1675/3583/623 1678/3584/623 
s 1
f 1681/3585/852 1682/3586/852 1683/3587/850 1684/3588/850 
f 1685/3589/851 1686/3590/851 1682/3591/852 1681/3592/852 
f 1684/3593/850 1683/3594/850 1686/3595/851 1685/3596/851 
s 32
f 1682/3597/843 1686/3598/843 1683/3599/843 
f 1685/3600/623 1681/3601/623 1684/3602/623 
s 1
f 1687/3603/852 1688/3604/852 1689/3605/847 1690/3606/847 
f 1691/3607/851 1692/3608/851 1688/3609/852 1687/3610/852 
f 1690/3611/847 1689/3612/847 1692/3613/851 1691/3614/851 
s 32
f 1688/3615/843 1692/3616/843 1689/3617/843 
f 1691/3618/623 1687/3619/623 1690/3620/623 
s 1
f 1693/3621/1165 1694/3622/1166 1695/3623/536 1696/3624/536 
f 1697/3625/1167 1698/3626/1168 1694/3627/1166 1693/3628/1165 
f 1696/3629/536 1695/3630/536 1698/3631/1168 1697/3632/1167 
s 2
f 1699/3633/1169 1693/3621/1170 1696/3624/763 1700/3634/1171 
f 1701/3635/1172 1697/3636/1173 1693/3637/1170 1699/3638/1169 
f 1700/3639/1171 1696/3629/763 1697/3632/1173 1701/3640/1172 
s 4
f 1702/3641/1174 1699/3633/1175 1700/3634/1176 1703/3642/1177 
f 1704/3643/1178 1701/3644/1179 1699/3645/1175 1702/3646/1174 
f 1703/3647/1177 1700/3639/1176 1701/3640/1179 1704/3648/1178 
s 16
f 1705/3649/1180 1702/3641/1181 1703/3642/1182 1706/3650/1183 
f 1706/3651/1183 1703/3647/1182 1704/3648/1184 1707/3652/1185 
s 32
f 1694/3653/640 1698/3654/640 1695/3655/640 
s 16
f 1657/3656/1181 1660/3657/1180 1662/3658/1186 1662/3658/1185 
f 1657/3656/1181 1662/3658/1185 1659/3659/1184 
f 1702/3660/1181 1705/3661/1180 1707/3662/1186 1707/3662/1185 
f 1702/3660/1181 1707/3662/1185 1704/3663/1184 
s 1
f 1708/3664/844 1709/3665/1187 1710/3666/1188 1711/3667/698 
f 1709/3668/1187 1712/3669/1189 1713/3670/1190 1710/3671/1188 
f 1712/3672/1189 1708/3673/844 1711/3674/698 1713/3675/1190 
s 2
f 1711/3667/639 1710/3666/1191 1714/3676/1192 1715/3677/1193 
f 1710/3678/1191 1713/3679/1194 1716/3680/1195 1714/3681/1192 
f 1713/3675/1194 1711/3674/639 1715/3682/1193 1716/3683/1195 
s 4
f 1715/3677/538 1714/3676/1196 1717/3684/1188 1718/3685/1197 
f 1714/3686/1196 1716/3687/1198 1719/3688/1199 1717/3689/1188 
f 1716/3683/1198 1715/3682/538 1718/3690/1197 1719/3691/1199 
s 16
f 1718/3685/1200 1717/3684/1201 1660/3692/1202 1661/3693/1203 
f 1719/3691/1204 1718/3690/1200 1661/3694/1203 1662/3695/1205 
s 32
f 1712/3696/640 1709/3697/640 1708/3698/640 
s 1
f 1720/3699/844 1721/3700/1206 1722/3701/1206 1723/3702/844 
f 1721/3703/1206 1724/3704/1207 1725/3705/1207 1722/3706/1206 
f 1724/3707/1207 1720/3708/844 1723/3709/844 1725/3710/1207 
s 32
f 1724/3711/843 1721/3712/843 1720/3713/843 
f 1722/3714/623 1725/3715/623 1723/3716/623 
s 1
f 1726/3717/844 1727/3718/1206 1728/3719/1206 1729/3720/844 
f 1727/3721/1206 1730/3722/1207 1731/3723/1207 1728/3724/1206 
f 1730/3725/1207 1726/3726/844 1729/3727/844 1731/3728/1207 
s 32
f 1730/3729/843 1727/3730/843 1726/3731/843 
f 1728/3732/623 1731/3733/623 1729/3734/623 
s 1
f 1732/3735/844 1733/3736/1206 1734/3737/1206 1735/3738/844 
f 1733/3739/1206 1736/3740/1207 1737/3741/1207 1734/3742/1206 
f 1736/3743/1207 1732/3744/844 1735/3745/844 1737/3746/1207 
s 32
f 1736/3747/843 1733/3748/843 1732/3749/843 
f 1734/3750/623 1737/3751/623 1735/3752/623 
s 1
f 1738/3753/1022 1739/3754/1206 1740/3755/1206 1741/3756/1022 
f 1739/3757/1206 1742/3758/1207 1743/3759/1207 1740/3760/1206 
f 1742/3761/1207 1738/3762/1022 1741/3763/1022 1743/3764/1207 
s 32
f 1742/3765/843 1739/3766/843 1738/3767/843 
f 1740/3768/623 1743/3769/623 1741/3770/623 
s 1
f 1744/3771/1022 1745/3772/1206 1746/3773/1206 1747/3774/1022 
f 1745/3775/1206 1748/3776/1207 1749/3777/1207 1746/3778/1206 
f 1748/3779/1207 1744/3780/1022 1747/3781/1022 1749/3782/1207 
s 32
f 1748/3783/843 1745/3784/843 1744/3785/843 
f 1746/3786/623 1749/3787/623 1747/3788/623 
s 1
f 1750/3789/698 1751/3790/1187 1752/3791/1188 1753/3792/698 
f 1751/3793/1187 1754/3794/1189 1755/3795/1190 1752/3796/1188 
f 1754/3797/1189 1750/3798/698 1753/3799/698 1755/3800/1190 
s 2
f 1753/3792/639 1752/3791/1191 1756/3801/1192 1757/3802/1193 
f 1752/3803/1191 1755/3804/1194 1758/3805/1195 1756/3806/1192 
f 1755/3800/1194 1753/3799/639 1757/3807/1193 1758/3808/1195 
s 4
f 1757/3802/538 1756/3801/1196 1759/3809/1188 1760/3810/1197 
f 1756/3811/1196 1758/3812/1198 1761/3813/1199 1759/3814/1188 
f 1758/3808/1198 1757/3807/538 1760/3815/1197 1761/3816/1199 
s 16
f 1760/3810/1200 1759/3809/1208 1705/3817/1202 1706/3818/1203 
f 1761/3816/1204 1760/3815/1200 1706/3819/1203 1707/3820/1205 
s 32
f 1754/3821/640 1751/3822/640 1750/3823/640 
s 16
f 1717/3824/1201 1719/3825/1204 1662/3826/1205 1662/3826/1209 
f 1660/3827/1202 1717/3824/1201 1662/3826/1209 
f 1759/3828/1208 1761/3829/1204 1707/3830/1205 1707/3830/1209 
f 1705/3831/1202 1759/3828/1208 1707/3830/1209 
s 1
f 1762/3832/1165 1763/3833/1166 1764/3834/536 1765/3835/850 
f 1766/3836/1167 1767/3837/1168 1763/3838/1166 1762/3839/1165 
f 1765/3840/850 1764/3841/536 1767/3842/1168 1766/3843/1167 
s 16
f 1768/3844/1210 1762/3832/1170 1765/3835/640 1769/3845/640 
f 1770/3846/1211 1766/3847/1173 1762/3848/1170 1768/3849/1210 
f 1769/3850/640 1765/3840/640 1766/3843/1173 1770/3851/1211 
s 32
f 1763/3852/640 1767/3853/640 1764/3854/640 
s 1
f 1771/3855/852 1772/3856/852 1773/3857/847 1774/3858/847 
f 1775/3859/851 1776/3860/851 1772/3861/852 1771/3862/852 
f 1774/3863/847 1773/3864/847 1776/3865/851 1775/3866/851 
s 32
f 1772/3867/843 1776/3868/843 1773/3869/843 
f 1775/3870/623 1771/3871/623 1774/3872/623 
s 1
f 1777/3873/852 1778/3874/852 1779/3875/850 1780/3876/850 
f 1781/3877/851 1782/3878/851 1778/3879/852 1777/3880/852 
f 1780/3881/850 1779/3882/850 1782/3883/851 1781/3884/851 
s 32
f 1778/3885/843 1782/3886/843 1779/3887/843 
f 1781/3888/623 1777/3889/623 1780/3890/623 
s 1
f 1783/3891/852 1784/3892/852 1785/3893/847 1786/3894/847 
f 1787/3895/851 1788/3896/851 1784/3897/852 1783/3898/852 
f 1786/3899/847 1785/3900/847 1788/3901/851 1787/3902/851 
s 32
f 1784/3903/843 1788/3904/843 1785/3905/843 
f 1787/3906/623 1783/3907/623 1786/3908/623 
s 1
f 1789/3909/852 1790/3910/852 1791/3911/850 1792/3912/850 
f 1793/3913/851 1794/3914/851 1790/3915/852 1789/3916/852 
f 1792/3917/850 1791/3918/850 1794/3919/851 1793/3920/851 
s 32
f 1790/3921/843 1794/3922/843 1791/3923/843 
f 1793/3924/623 1789/3925/623 1792/3926/623 
s 1
f 1795/3927/1165 1796/3928/1166 1797/3929/850 1798/3930/536 
f 1799/3931/1167 1800/3932/1168 1796/3933/1166 1795/3934/1165 
f 1798/3935/536 1797/3936/850 1800/3937/1168 1799/3938/1167 
s 16
f 1801/3939/1210 1795/3927/1170 1798/3930/640 1802/3940/639 
f 1803/3941/1211 1799/3942/1173 1795/3943/1170 1801/3944/1210 
f 1802/3945/639 1798/3935/640 1799/3938/1173 1803/3946/1211 
s 32
f 1796/3947/640 1800/3948/640 1797/3949/640 
s 1
f 1804/3950/852 1805/3951/852 1806/3952/850 1807/3953/850 
f 1808/3954/851 1809/3955/851 1805/3956/852 1804/3957/852 
f 1807/3958/850 1806/3959/850 1809/3960/851 1808/3961/851 
s 32
f 1805/3962/843 1809/3963/843 1806/3964/843 
f 1808/3965/623 1804/3966/623 1807/3967/623 
s 1
f 1810/3968/698 1811/3969/1187 1812/3970/1188 1813/3971/844 
f 1811/3972/1187 1814/3973/1189 1815/3974/1190 1812/3975/1188 
f 1814/3976/1189 1810/3977/698 1813/3978/844 1815/3979/1190 
s 16
f 1813/3971/640 1812/3970/1170 1768/3980/1210 1769/3981/640 
f 1812/3982/1170 1815/3983/1173 1770/3984/1211 1768/3985/1210 
f 1815/3979/1173 1813/3978/640 1769/3986/640 1770/3987/1211 
s 32
f 1814/3988/640 1811/3989/640 1810/3990/640 
s 1
f 1816/3991/844 1817/3992/1206 1818/3993/1206 1819/3994/844 
f 1817/3995/1206 1820/3996/1207 1821/3997/1207 1818/3998/1206 
f 1820/3999/1207 1816/4000/844 1819/4001/844 1821/4002/1207 
s 32
f 1820/4003/843 1817/4004/843 1816/4005/843 
f 1818/4006/623 1821/4007/623 1819/4008/623 
s 1
f 1822/4009/1022 1823/4010/1206 1824/4011/1206 1825/4012/1022 
f 1823/4013/1206 1826/4014/1207 1827/4015/1207 1824/4016/1206 
f 1826/4017/1207 1822/4018/1022 1825/4019/1022 1827/4020/1207 
s 32
f 1826/4021/843 1823/4022/843 1822/4023/843 
f 1824/4024/623 1827/4025/623 1825/4026/623 
s 1
f 1828/4027/844 1829/4028/1206 1830/4029/1206 1831/4030/844 
f 1829/4031/1206 1832/4032/1207 1833/4033/1207 1830/4034/1206 
f 1832/4035/1207 1828/4036/844 1831/4037/844 1833/4038/1207 
s 32
f 1832/4039/843 1829/4040/843 1828/4041/843 
f 1830/4042/623 1833/4043/623 1831/4044/623 
s 1
f 1834/4045/844 1835/4046/1206 1836/4047/1206 1837/4048/1022 
f 1835/4049/1206 1838/4050/1207 1839/4051/1207 1836/4052/1206 
f 1838/4053/1207 1834/4054/844 1837/4055/1022 1839/4056/1207 
s 32
f 1838/4057/843 1835/4058/843 1834/4059/843 
f 1836/4060/623 1839/4061/623 1837/4062/623 
s 1
f 1840/4063/698 1841/4064/1187 1842/4065/1188 1843/4066/698 
f 1841/4067/1187 1844/4068/1189 1845/4069/1190 1842/4070/1188 
f 1844/4071/1189 1840/4072/698 1843/4073/698 1845/4074/1190 
s 16
f 1843/4066/640 1842/4065/1170 1801/4075/1210 1802/4076/640 
f 1842/4077/1170 1845/4078/1173 1803/4079/1211 1801/4080/1210 
f 1845/4074/1173 1843/4073/640 1802/4081/640 1803/4082/1211 
s 32
f 1844/4083/640 1841/4084/640 1840/4085/640 
s 1
f 1846/4086/844 1847/4087/1206 1848/4088/1206 1849/4089/844 
f 1847/4090/1206 1850/4091/1207 1851/4092/1207 1848/4093/1206 
f 1850/4094/1207 1846/4095/844 1849/4096/844 1851/4097/1207 
s 32
f 1850/4098/843 1847/4099/843 1846/4100/843 
f 1848/4101/623 1851/4102/623 1849/4103/623 
s 2
f 1852/4104/1212 1853/4105/1212 1854/4106/1212 1855/4107/1212 
s 4
f 1856/4108/1213 1857/4109/1213 1858/4110/1213 1859/4111/1213 
s 8
f 1859/4112/1214 1858/4113/1214 1854/4114/1214 1853/4115/1214 
s 16
f 1856/4116/640 1859/4117/640 1853/4118/640 1852/4119/640 
s 32
f 1857/4120/1215 1856/4121/1215 1852/4122/1215 1855/4123/1215 
s 64
f 1858/4124/624 1857/4125/624 1855/4126/624 1854/4127/624 
s 2
f 1860/4128/1216 1861/4129/1216 1862/4130/1216 1863/4131/1216 
s 4
f 1864/4132/1217 1865/4133/1217 1866/4134/1217 1867/4135/1217 
s 8
f 1860/4136/1218 1864/4137/1218 1867/4138/1218 1861/4139/1218 
s 16
f 1861/4140/640 1867/4141/640 1866/4142/640 1862/4143/640 
s 32
f 1862/4144/1219 1866/4145/1219 1865/4146/1219 1863/4147/1219 
s 64
f 1863/4148/624 1865/4149/624 1864/4150/624 1860/4151/624 
s 8
f 1868/4152/1220 1869/4153/847 1870/4154/847 1871/4155/1220 
f 1872/4156/624 1868/4157/1220 1871/4158/1220 1873/4159/624 
f 1874/4160/1221 1872/4156/624 1873/4159/624 1875/4161/1221 
f 1876/4162/844 1874/4163/1221 1875/4164/1221 1877/4165/844 
f 1878/4166/1222 1876/4162/844 1877/4165/844 1879/4167/1222 
f 1880/4168/1223 1878/4169/1222 1879/4170/1222 1881/4171/1223 
f 1882/4172/963 1880/4168/1223 1881/4171/1223 1883/4173/963 
f 1869/4153/847 1882/4174/963 1883/4175/963 1870/4154/847 
f 1884/4176/1220 1885/4177/847 1886/4178/847 1887/4179/1220 
f 1888/4180/1224 1884/4181/1220 1887/4182/1220 1889/4183/1224 
f 1890/4184/1221 1888/4180/1224 1889/4183/1224 1891/4185/1221 
f 1892/4186/844 1890/4187/1221 1891/4188/1221 1893/4189/844 
f 1894/4190/1222 1892/4186/844 1893/4189/844 1895/4191/1222 
f 1896/4192/640 1894/4193/1222 1895/4194/1222 1897/4195/640 
f 1898/4196/963 1896/4192/640 1897/4195/640 1899/4197/963 
f 1885/4177/847 1898/4198/963 1899/4199/963 1886/4178/847 
s off
f 1900/4200/623 1885/4201/623 1884/4202/623 
f 1900/4200/623 1898/4203/623 1885/4201/623 
f 1900/4200/623 1896/4204/623 1898/4203/623 
f 1900/4200/623 1894/4205/623 1896/4204/623 
f 1900/4200/623 1892/4206/623 1894/4205/623 
f 1900/4200/623 1890/4207/623 1892/4206/623 
f 1900/4200/623 1888/4208/623 1890/4207/623 
f 1900/4200/623 1884/4202/623 1888/4208/623 
f 1869/4209/843 1868/4210/843 1887/4211/843 1886/4212/843 
f 1868/4210/843 1872/4213/843 1889/4214/843 1887/4211/843 
f 1872/4213/843 1874/4215/843 1891/4216/843 1889/4214/843 
f 1874/4215/843 1876/4217/843 1893/4218/843 1891/4216/843 
f 1876/4217/843 1878/4219/843 1895/4220/843 1893/4218/843 
f 1878/4219/843 1880/4221/843 1897/4222/843 1895/4220/843 
f 1880/4221/843 1882/4223/843 1899/4224/843 1897/4222/843 
f 1882/4223/843 1869/4209/843 1886/4212/843 1899/4224/843 
s 8
f 1901/4225/1221 1902/4226/1221 1903/4227/844 1904/4228/844 
f 1905/4229/624 1906/4230/624 1902/4231/1221 1901/4232/1221 
f 1907/4233/1220 1908/4234/1220 1906/4230/624 1905/4229/624 
f 1909/4235/847 1910/4236/847 1908/4237/1220 1907/4238/1220 
f 1911/4239/963 1912/4240/963 1910/4236/847 1909/4235/847 
f 1913/4241/1223 1914/4242/1223 1912/4243/963 1911/4244/963 
f 1915/4245/1222 1916/4246/1222 1914/4242/1223 1913/4241/1223 
f 1904/4228/844 1903/4227/844 1916/4247/1222 1915/4248/1222 
f 1917/4249/1221 1918/4250/1221 1919/4251/844 1920/4252/844 
f 1921/4253/624 1922/4254/624 1918/4255/1221 1917/4256/1221 
f 1923/4257/1220 1924/4258/1220 1922/4254/624 1921/4253/624 
f 1925/4259/847 1926/4260/847 1924/4261/1220 1923/4262/1220 
f 1927/4263/963 1928/4264/963 1926/4260/847 1925/4259/847 
f 1929/4265/1223 1930/4266/1223 1928/4267/963 1927/4268/963 
f 1931/4269/1222 1932/4270/1222 1930/4266/1223 1929/4265/1223 
f 1920/4252/844 1919/4251/844 1932/4271/1222 1931/4272/1222 
s off
f 1933/4273/623 1917/4274/623 1920/4275/623 
f 1933/4273/623 1920/4275/623 1931/4276/623 
f 1933/4273/623 1931/4276/623 1929/4277/623 
f 1933/4273/623 1929/4277/623 1927/4278/623 
f 1933/4273/623 1927/4278/623 1925/4279/623 
f 1933/4273/623 1925/4279/623 1923/4280/623 
f 1933/4273/623 1923/4280/623 1921/4281/623 
f 1933/4273/623 1921/4281/623 1917/4274/623 
f 1904/4282/843 1919/4283/843 1918/4284/843 1901/4285/843 
f 1901/4285/843 1918/4284/843 1922/4286/843 1905/4287/843 
f 1905/4287/843 1922/4286/843 1924/4288/843 1907/4289/843 
f 1907/4289/843 1924/4288/843 1926/4290/843 1909/4291/843 
f 1909/4291/843 1926/4290/843 1928/4292/843 1911/4293/843 
f 1911/4293/843 1928/4292/843 1930/4294/843 1913/4295/843 
f 1913/4295/843 1930/4294/843 1932/4296/843 1915/4297/843 
f 1915/4297/843 1932/4296/843 1919/4283/843 1904/4282/843 
s 3
f 1934/4298/1225 1935/4299/1226 1936/4300/1227 1937/4301/1228 
f 1938/4302/1229 1939/4303/1230 1935/4299/1226 1934/4298/1225 
f 1940/4304/1231 1941/4305/1232 1939/4303/1230 1938/4302/1229 
f 1942/4306/1233 1943/4307/1234 1941/4308/1232 1940/4309/1231 
f 1944/4310/1235 1945/4311/1236 1943/4307/1234 1942/4306/1233 
f 1937/4312/1228 1936/4313/1227 1945/4311/1236 1944/4310/1235 
s 6
f 1946/4314/1237 1934/4298/1225 1937/4301/1228 1947/4315/1238 
f 1948/4316/1239 1938/4302/1229 1934/4298/1225 1946/4314/1237 
f 1949/4317/1240 1940/4304/1231 1938/4302/1229 1948/4316/1239 
f 1950/4318/1241 1942/4306/1233 1940/4309/1231 1949/4319/1240 
f 1951/4320/1242 1944/4310/1235 1942/4306/1233 1950/4318/1241 
f 1947/4321/1238 1937/4312/1228 1944/4310/1235 1951/4320/1242 
s 20
f 1952/4322/1243 1946/4314/1237 1947/4315/1238 1953/4323/1244 
f 1954/4324/1245 1948/4316/1239 1946/4314/1237 1952/4322/1243 
f 1955/4325/1246 1949/4317/1240 1948/4316/1239 1954/4324/1245 
f 1956/4326/1247 1950/4318/1241 1949/4319/1240 1955/4327/1246 
f 1957/4328/1248 1951/4320/1242 1950/4318/1241 1956/4326/1247 
f 1953/4329/1244 1947/4321/1238 1951/4320/1242 1957/4328/1248 
s 16
f 1958/4330/1249 1952/4322/1243 1953/4323/1244 1959/4331/1250 
f 1960/4332/1251 1954/4324/1245 1952/4322/1243 1958/4330/1249 
f 1961/4333/1252 1955/4325/1246 1954/4324/1245 1960/4332/1251 
f 1962/4334/1253 1956/4326/1247 1955/4327/1246 1961/4335/1252 
f 1963/4336/1254 1957/4328/1248 1956/4326/1247 1962/4334/1253 
f 1959/4337/1250 1953/4329/1244 1957/4328/1248 1963/4336/1254 
s 32
f 1943/4338/1255 1945/4339/1256 1936/4340/1256 1941/4341/1256 
f 1939/4342/1256 1941/4341/1256 1936/4340/1256 1935/4343/1255 
f 1960/4344/1257 1958/4345/1257 1959/4346/1258 
f 1959/4346/1258 1962/4347/1258 1961/4348/1258 1960/4344/1257 
f 1963/4349/1258 1962/4347/1258 1959/4346/1258 
s 3
f 1964/4350/1259 1965/4351/1236 1966/4352/1235 1967/4353/1260 
f 1965/4351/1236 1968/4354/1234 1969/4355/1233 1966/4352/1235 
f 1968/4354/1234 1970/4356/1232 1971/4357/1261 1969/4355/1233 
f 1970/4358/1232 1972/4359/1230 1973/4360/1229 1971/4361/1261 
f 1972/4359/1230 1974/4362/1226 1975/4363/1225 1973/4360/1229 
f 1974/4362/1226 1964/4364/1259 1967/4365/1260 1975/4363/1225 
s 6
f 1967/4353/1260 1966/4352/1235 1976/4366/1242 1977/4367/1262 
f 1966/4352/1235 1969/4355/1233 1978/4368/1241 1976/4366/1242 
f 1969/4355/1233 1971/4357/1261 1979/4369/1263 1978/4368/1241 
f 1971/4361/1261 1973/4360/1229 1980/4370/1239 1979/4371/1263 
f 1973/4360/1229 1975/4363/1225 1981/4372/1237 1980/4370/1239 
f 1975/4363/1225 1967/4365/1260 1977/4373/1262 1981/4372/1237 
s 20
f 1977/4367/1262 1976/4366/1242 1982/4374/1248 1983/4375/1264 
f 1976/4366/1242 1978/4368/1241 1984/4376/1247 1982/4374/1248 
f 1978/4368/1241 1979/4369/1263 1985/4377/1265 1984/4376/1247 
f 1979/4371/1263 1980/4370/1239 1986/4378/1245 1985/4379/1265 
f 1980/4370/1239 1981/4372/1237 1987/4380/1243 1986/4378/1245 
f 1981/4372/1237 1977/4373/1262 1983/4381/1264 1987/4380/1243 
s 16
f 1983/4375/1264 1982/4374/1248 1988/4382/1254 1989/4383/1250 
f 1982/4374/1248 1984/4376/1247 1990/4384/1253 1988/4382/1254 
f 1984/4376/1247 1985/4377/1265 1991/4385/1266 1990/4384/1253 
f 1985/4379/1265 1986/4378/1245 1992/4386/1251 1991/4387/1266 
f 1986/4378/1245 1987/4380/1243 1993/4388/1249 1992/4386/1251 
f 1987/4380/1243 1983/4381/1264 1989/4389/1250 1993/4388/1249 
s 32
f 1968/4390/1255 1965/4391/1256 1964/4392/1256 1970/4393/1256 
f 1964/4392/1256 1974/4394/1255 1972/4395/1256 1970/4393/1256 
f 1988/4396/1257 1990/4397/1257 1989/4398/1258 
f 1991/4399/1258 1992/4400/1258 1989/4398/1258 1990/4397/1257 
f 1992/4400/1258 1993/4401/1258 1989/4398/1258 
s 8
f 1994/4402/1267 1995/4403/1268 1996/4404/1268 1997/4405/1267 
f 1995/4406/1268 1998/4407/1269 1999/4408/1269 1996/4409/1268 
f 1998/4410/1269 2000/4411/961 2001/4412/961 1999/4413/1269 
f 2000/4411/961 2002/4414/1270 2003/4415/1270 2001/4412/961 
f 2002/4416/1270 2004/4417/1271 2005/4418/1271 2003/4419/1270 
f 2004/4420/1271 1994/4402/1267 1997/4405/1267 2005/4421/1271 
s 1
f 2002/4422/624 2000/4423/624 1998/4424/624 1994/4425/624 
f 1998/4424/624 1995/4426/624 1994/4425/624 
f 2004/4427/624 2002/4422/624 1994/4425/624 
f 2006/4428/640 2007/4429/640 2008/4430/640 2009/4431/640 
f 2008/4430/640 2010/4432/640 2009/4431/640 
f 2011/4433/640 2006/4428/640 2009/4431/640 
s off
f 1997/4434/640 1996/4435/640 2012/4436/640 2013/4437/640 
f 1996/4435/640 1999/4438/640 2014/4439/640 2012/4436/640 
f 1999/4438/640 2001/4440/640 2015/4441/640 2014/4439/640 
f 2001/4440/640 2003/4442/640 2016/4443/640 2015/4441/640 
f 2003/4442/640 2005/4444/640 2017/4445/640 2016/4443/640 
f 2005/4444/640 1997/4434/640 2013/4437/640 2017/4445/640 
s 1
f 2013/4446/847 2012/4447/1272 2018/4448/1272 2019/4449/847 
s 2
f 2012/4450/623 2014/4451/1269 2020/4452/1269 2018/4453/623 
f 2014/4454/1269 2015/4455/1273 2021/4456/1273 2020/4457/1269 
s 4
f 2015/4455/1274 2016/4458/1270 2022/4459/1270 2021/4456/1274 
f 2016/4460/1270 2017/4461/843 2023/4462/843 2022/4463/1270 
s 1
f 2017/4464/1275 2013/4446/847 2019/4449/847 2023/4465/1275 
s off
f 2019/4466/624 2018/4467/624 2024/4468/624 2025/4469/624 
f 2018/4467/624 2020/4470/624 2026/4471/624 2024/4468/624 
f 2020/4470/624 2021/4472/624 2027/4473/624 2026/4471/624 
f 2021/4472/624 2022/4474/624 2028/4475/624 2027/4473/624 
f 2022/4474/624 2023/4476/624 2029/4477/624 2028/4475/624 
f 2023/4476/624 2019/4466/624 2025/4469/624 2029/4477/624 
s 2
f 2025/4478/847 2024/4479/1272 2006/4480/1272 2011/4481/847 
s 4
f 2024/4482/623 2026/4483/623 2007/4484/623 2006/4485/623 
s 8
f 2026/4486/1273 2027/4487/1273 2008/4488/1273 2007/4489/1276 
s 2
f 2027/4487/1274 2028/4490/1277 2010/4491/1270 2008/4488/1274 
f 2028/4492/1277 2029/4493/1271 2009/4494/1271 2010/4495/1270 
f 2029/4496/1271 2025/4478/847 2011/4481/847 2009/4497/1271 
s 4
f 2030/4498/623 2031/4499/623 2032/4500/623 2033/4501/623 
s 8
f 2033/4502/961 2032/4503/1022 2034/4504/961 2035/4505/961 
s 16
f 2030/4506/1278 2033/4507/1278 2035/4508/1278 2036/4509/1278 
s 32
f 2031/4510/850 2030/4511/850 2036/4512/850 2037/4513/850 
s 64
f 2032/4514/624 2031/4515/624 2037/4516/624 2034/4517/624 
s 4
f 2038/4518/601 2039/4519/1279 2040/4520/1280 
f 2038/4518/601 2040/4520/1280 2041/4521/1281 
f 2038/4518/601 2041/4521/1281 2042/4522/1282 
f 2038/4518/601 2042/4522/1282 2043/4523/1283 
f 2038/4518/601 2043/4523/1283 2044/4524/1284 
f 2038/4518/601 2044/4524/1284 2045/4525/1285 2046/4526/1286 
f 2046/4526/1286 2047/4527/1287 2048/4528/1288 2038/4518/601 
f 2038/4518/601 2048/4528/1288 2039/4519/1279 
f 2049/4529/1289 2040/4530/1280 2039/4531/1279 2050/4532/1290 
f 2051/4533/1291 2041/4534/1281 2040/4535/1280 2049/4536/1289 
f 2052/4537/1292 2042/4538/1282 2041/4534/1281 2051/4533/1291 
f 2053/4539/1293 2043/4540/1283 2042/4541/1282 2052/4542/1292 
f 2054/4543/1294 2044/4544/1284 2043/4540/1283 2053/4539/1293 
f 2054/4545/1294 2055/4546/1295 2045/4547/1285 2044/4548/1284 
f 2056/4549/1296 2048/4550/1288 2047/4551/1287 2057/4552/1297 
f 2050/4532/1290 2039/4531/1279 2048/4553/1288 2056/4554/1296 
f 2058/4555/1298 2049/4529/1289 2050/4532/1290 2059/4556/1299 
f 2060/4557/1300 2051/4533/1291 2049/4536/1289 2058/4558/1298 
f 2061/4559/1301 2052/4537/1292 2051/4533/1291 2060/4557/1300 
f 2062/4560/1302 2053/4539/1293 2052/4542/1292 2061/4561/1301 
f 2063/4562/1303 2054/4543/1294 2053/4539/1293 2062/4560/1302 
f 2063/4563/1303 2064/4564/1304 2055/4546/1295 2054/4545/1294 
f 2065/4565/1305 2056/4549/1296 2057/4552/1297 2066/4566/1306 
f 2059/4556/1299 2050/4532/1290 2056/4554/1296 2065/4567/1305 
f 2067/4568/1220 2058/4555/1298 2059/4556/1299 2068/4569/850 
f 2069/4570/1224 2060/4557/1300 2058/4558/1298 2067/4571/1220 
f 2070/4572/1221 2061/4559/1301 2060/4557/1300 2069/4570/1224 
f 2071/4573/1022 2062/4560/1302 2061/4561/1301 2070/4574/1221 
f 2072/4575/962 2063/4562/1303 2062/4560/1302 2071/4573/1022 
f 2072/4576/962 2073/4577/1307 2064/4564/1304 2063/4563/1303 
f 2074/4578/1308 2065/4565/1305 2066/4566/1306 2075/4579/1309 
f 2068/4569/850 2059/4556/1299 2065/4567/1305 2074/4580/1308 
s off
f 2076/4581/843 2077/4582/843 2078/4583/843 2079/4584/843 
f 2078/4583/843 2080/4585/843 2081/4586/843 2079/4584/843 
f 2081/4586/843 2082/4587/843 2079/4584/843 
f 2083/4588/843 2076/4581/843 2079/4584/843 
f 2067/4568/1310 2068/4569/1310 2084/4589/1310 2085/4590/1310 
f 2068/4569/1311 2074/4580/1311 2086/4591/1311 2084/4589/1311 
f 2075/4579/1312 2087/4592/1312 2087/4592/1312 2074/4578/1312 
f 2074/4578/1312 2087/4592/1312 2086/4593/1312 
f 2072/4576/1313 2088/4594/1313 2087/4592/1313 2073/4577/1313 
f 2073/4577/1314 2087/4592/1314 2087/4592/1314 
f 2072/4575/1315 2071/4573/1315 2089/4595/1315 2088/4596/1315 
f 2071/4573/1316 2070/4574/1316 2090/4597/1316 2089/4595/1316 
f 2070/4572/1317 2069/4570/1317 2091/4598/1317 2090/4599/1317 
f 2069/4570/1318 2067/4571/1318 2085/4600/1318 2091/4598/1318 
f 2085/4601/843 2084/4602/843 2092/4603/843 2093/4604/843 
f 2084/4602/843 2086/4605/843 2094/4606/843 2092/4603/843 
f 2086/4605/843 2087/4607/843 2095/4608/843 2094/4606/843 
f 2087/4607/843 2088/4609/843 2096/4610/843 2095/4608/843 
f 2088/4609/843 2089/4611/843 2097/4612/843 2096/4610/843 
f 2089/4611/843 2090/4613/843 2098/4614/843 2097/4612/843 
f 2090/4613/843 2091/4615/843 2099/4616/843 2098/4614/843 
f 2091/4615/843 2085/4601/843 2093/4604/843 2099/4616/843 
f 2093/4617/1310 2092/4618/1310 2100/4619/1310 2101/4620/1310 
f 2092/4618/1311 2094/4621/1311 2102/4622/1311 2100/4619/1311 
f 2094/4623/1319 2095/4624/1319 2103/4625/1319 2102/4626/1319 
f 2095/4624/1320 2096/4627/1320 2104/4628/1320 2103/4625/1320 
f 2096/4629/1315 2097/4630/1315 2105/4631/1315 2104/4632/1315 
f 2097/4630/1316 2098/4633/1316 2106/4634/1316 2105/4631/1316 
f 2098/4635/1317 2099/4636/1317 2107/4637/1317 2106/4638/1317 
f 2099/4636/1318 2093/4639/1318 2101/4640/1318 2107/4637/1318 
f 2101/4620/1321 2100/4619/1321 2083/4641/1321 2079/4642/1321 
f 2100/4619/1322 2102/4622/1322 2076/4643/1322 2083/4641/1322 
f 2102/4644/1323 2103/4645/1323 2077/4646/1323 2076/4647/1323 
f 2103/4645/1324 2104/4648/1324 2078/4649/1324 2077/4646/1324 
f 2104/4632/1325 2105/4631/1325 2080/4650/1325 2078/4651/1325 
f 2105/4631/1326 2106/4634/1326 2081/4652/1326 2080/4650/1326 
f 2106/4653/1327 2107/4654/1327 2082/4655/1327 2081/4656/1327 
f 2107/4654/1328 2101/4657/1328 2079/4658/1328 2082/4655/1328 
f 2045/4659/1329 2108/4660/1329 2109/4661/1329 2046/4662/1329 
f 2046/4663/1330 2109/4664/1330 2110/4665/1330 2047/4666/1330 
f 2108/4660/1331 2045/4659/1331 2055/4667/1331 2111/4668/1331 
f 2112/4669/1332 2057/4670/1332 2047/4666/1332 2110/4665/1332 
f 2111/4668/1333 2055/4667/1333 2064/4671/1333 2113/4672/1333 
f 2114/4673/1334 2066/4674/1334 2057/4670/1334 2112/4669/1334 
f 2113/4672/1335 2064/4671/1335 2073/4675/1335 2115/4676/1335 
f 2116/4677/1336 2075/4678/1336 2066/4674/1336 2114/4673/1336 
f 2075/4678/1337 2116/4677/1337 2117/4679/1337 2087/4680/1337 
f 2087/4681/1338 2117/4682/1338 2115/4676/1338 2073/4675/1338 
s 8
f 2118/4683/840 2119/4684/1339 2120/4685/1339 2121/4686/840 
f 2119/4687/1339 2122/4688/1340 2123/4689/1340 2120/4690/1339 
f 2122/4688/1340 2124/4691/1341 2125/4692/1341 2123/4689/1340 
f 2124/4691/1341 2126/4693/1342 2127/4694/1342 2125/4692/1341 
f 2126/4695/1342 2128/4696/1343 2129/4697/601 2127/4698/1342 
f 2128/4696/1343 2130/4699/1344 2131/4700/1344 2129/4697/601 
f 2130/4701/1344 2132/4702/1345 2133/4703/1345 2131/4704/1344 
f 2132/4702/1345 2134/4705/1346 2135/4706/1346 2133/4703/1345 
f 2134/4705/1346 2136/4707/1347 2137/4708/1347 2135/4706/1346 
f 2136/4709/1347 2118/4683/840 2121/4686/840 2137/4710/1347 
s 1
f 2122/4711/847 2119/4712/847 2118/4713/1267 2126/4714/847 
f 2118/4713/1267 2136/4715/1267 2134/4716/1267 2130/4717/847 
f 2134/4716/1267 2132/4718/847 2130/4717/847 
f 2130/4717/847 2128/4719/847 2126/4714/847 2118/4713/1267 
f 2122/4711/847 2126/4714/847 2124/4720/847 
f 2133/4721/1022 2135/4722/844 2137/4723/1022 2129/4724/961 
f 2137/4723/1022 2121/4725/1022 2120/4726/1022 2125/4727/961 
f 2120/4726/1022 2123/4728/844 2125/4727/961 
f 2125/4727/961 2127/4729/844 2129/4724/961 2137/4723/1022 
f 2133/4721/1022 2129/4724/961 2131/4730/1022 
f 2138/4731/843 2139/4732/843 2140/4733/843 2141/4734/843 
f 2140/4733/843 2142/4735/843 2143/4736/843 2141/4734/843 
f 2143/4736/843 2144/4737/843 2141/4734/843 
f 2145/4738/843 2138/4731/843 2141/4734/843 
s 8
f 2141/4739/850 2144/4740/1220 2146/4741/1220 2147/4742/850 
f 2144/4743/1220 2143/4744/624 2148/4745/1224 2146/4746/1220 
f 2143/4744/624 2142/4747/1221 2149/4748/1221 2148/4745/1224 
f 2142/4749/1221 2140/4750/844 2150/4751/844 2149/4752/1221 
f 2140/4750/844 2139/4753/1222 2151/4754/1222 2150/4751/844 
f 2139/4755/1222 2138/4756/640 2152/4757/1223 2151/4758/1222 
f 2138/4756/640 2145/4759/963 2153/4760/963 2152/4757/1223 
f 2145/4761/963 2141/4739/850 2147/4742/850 2153/4762/963 
s 1
f 2147/4763/623 2146/4764/623 2148/4765/623 2152/4766/623 
f 2148/4765/623 2149/4767/623 2150/4768/623 2152/4766/623 
f 2150/4768/623 2151/4769/623 2152/4766/623 
f 2153/4770/623 2147/4763/623 2152/4766/623 
s 2
f 2154/4771/1348 2155/4772/1348 2156/4773/1348 2157/4774/1348 
s 4
f 2158/4775/1349 2159/4776/1349 2160/4777/1349 2161/4778/1349 
s 8
f 2162/4779/1350 2163/4780/1350 2164/4781/1350 2165/4782/1350 
s 16
f 2156/4783/850 2166/4784/850 2167/4785/850 2157/4786/850 
s 32
f 2168/4787/1351 2169/4788/1351 2170/4789/1351 2171/4790/1351 
s 64
f 2154/4791/844 2172/4792/844 2173/4793/844 2155/4794/844 
s 8
f 2159/4795/1350 2158/4796/1350 2172/4797/1350 2167/4798/1350 
s 16
f 2160/4799/850 2159/4800/850 2167/4785/850 2166/4784/850 
s 32
f 2161/4801/1351 2160/4802/1351 2166/4803/1351 2173/4804/1351 
s 64
f 2158/4805/844 2161/4806/844 2173/4793/844 2172/4792/844 
s off
f 2154/4807/1352 2157/4808/1352 2162/4809/1352 2165/4810/1352 
f 2157/4811/850 2167/4812/850 2163/4813/850 2162/4814/850 
f 2167/4815/1353 2172/4816/1353 2164/4817/1353 2163/4818/1353 
f 2172/4819/844 2154/4820/844 2165/4821/844 2164/4822/844 
f 2174/4823/1354 2175/4824/1354 2176/4825/1354 2177/4826/1354 
f 2178/4827/844 2174/4828/844 2177/4829/844 2179/4830/844 
f 2180/4831/1355 2181/4832/1355 2182/4833/1355 2183/4834/1355 
f 2175/4835/850 2184/4836/850 2185/4837/850 2176/4838/850 
f 2168/4839/1348 2171/4840/1348 2175/4824/1348 2174/4823/1348 
f 2156/4841/1348 2155/4842/1348 2177/4826/1348 2176/4825/1348 
f 2169/4843/844 2168/4844/844 2174/4828/844 2178/4827/844 
f 2155/4845/844 2173/4846/844 2179/4830/844 2177/4829/844 
f 2170/4847/1349 2169/4848/1349 2178/4849/1349 2184/4850/1349 
f 2173/4851/1349 2166/4852/1349 2185/4853/1349 2179/4854/1349 
f 2171/4855/536 2170/4856/536 2184/4836/536 2175/4835/536 
f 2166/4857/850 2156/4858/850 2176/4838/850 2185/4837/850 
f 2178/4827/844 2179/4830/844 2182/4859/844 2181/4860/844 
f 2179/4861/1350 2185/4862/1350 2183/4863/1350 2182/4864/1350 
f 2185/4837/850 2184/4836/850 2180/4865/850 2183/4866/850 
f 2184/4867/1351 2178/4868/1351 2181/4869/1351 2180/4870/1351 
s 1
f 2186/4871/1356 2187/4872/1357 2188/4873/1358 2189/4874/1359 
f 2188/4873/1358 2190/4875/1360 2189/4874/1359 
f 2191/4876/1361 2186/4871/1356 2189/4874/1359 
s 8
f 2189/4877/1362 2190/4878/1363 2192/4879/1364 2193/4880/1365 
f 2190/4881/1363 2188/4882/1366 2194/4883/1367 2192/4884/1364 
f 2188/4885/1366 2187/4886/1368 2195/4887/1369 2194/4888/1367 
f 2187/4886/1368 2186/4889/1370 2196/4890/1371 2195/4887/1369 
f 2186/4891/1370 2191/4892/1372 2197/4893/1373 2196/4894/1371 
f 2191/4895/1372 2189/4877/1362 2193/4880/1365 2197/4896/1373 
s 1
f 2193/4897/1374 2192/4898/1375 2194/4899/1376 2196/4900/1377 
f 2194/4899/1376 2195/4901/1378 2196/4900/1377 
f 2197/4902/1379 2193/4897/1374 2196/4900/1377 
f 2198/4903/1356 2199/4904/1357 2200/4905/1358 2201/4906/1359 
f 2200/4905/1358 2202/4907/1360 2201/4906/1359 
f 2203/4908/1361 2198/4903/1356 2201/4906/1359 
s 8
f 2201/4909/1362 2202/4910/1363 2204/4911/1364 2205/4912/1365 
f 2202/4913/1363 2200/4914/1366 2206/4915/1367 2204/4916/1364 
f 2200/4917/1366 2199/4918/1368 2207/4919/1369 2206/4920/1367 
f 2199/4918/1368 2198/4921/1370 2208/4922/1371 2207/4919/1369 
f 2198/4923/1370 2203/4924/1372 2209/4925/1373 2208/4926/1371 
f 2203/4927/1372 2201/4909/1362 2205/4912/1365 2209/4928/1373 
s 1
f 2205/4929/1374 2204/4930/1375 2206/4931/1376 2208/4932/1377 
f 2206/4931/1376 2207/4933/1378 2208/4932/1377 
f 2209/4934/1379 2205/4929/1374 2208/4932/1377 
f 2210/4935/1356 2211/4936/1357 2212/4937/1358 2213/4938/1359 
f 2212/4937/1358 2214/4939/1360 2213/4938/1359 
f 2215/4940/1361 2210/4935/1356 2213/4938/1359 
s 8
f 2213/4941/1362 2214/4942/1363 2216/4943/1364 2217/4944/1365 
f 2214/4945/1363 2212/4946/1366 2218/4947/1367 2216/4948/1364 
f 2212/4949/1366 2211/4950/1368 2219/4951/1369 2218/4952/1367 
f 2211/4950/1368 2210/4953/1370 2220/4954/1371 2219/4951/1369 
f 2210/4955/1370 2215/4956/1372 2221/4957/1373 2220/4958/1371 
f 2215/4959/1372 2213/4941/1362 2217/4944/1365 2221/4960/1373 
s 1
f 2217/4961/1374 2216/4962/1375 2218/4963/1376 2220/4964/1377 
f 2218/4963/1376 2219/4965/1378 2220/4964/1377 
f 2221/4966/1379 2217/4961/1374 2220/4964/1377 
f 2222/4967/1356 2223/4968/1357 2224/4969/1358 2225/4970/1359 
f 2224/4969/1358 2226/4971/1360 2225/4970/1359 
f 2227/4972/1361 2222/4967/1356 2225/4970/1359 
s 8
f 2225/4973/1362 2226/4974/1363 2228/4975/1364 2229/4976/1365 
f 2226/4977/1363 2224/4978/1366 2230/4979/1367 2228/4980/1364 
f 2224/4981/1366 2223/4982/1368 2231/4983/1369 2230/4984/1367 
f 2223/4982/1368 2222/4985/1370 2232/4986/1371 2231/4983/1369 
f 2222/4987/1370 2227/4988/1372 2233/4989/1373 2232/4990/1371 
f 2227/4991/1372 2225/4973/1362 2229/4976/1365 2233/4992/1373 
s 1
f 2229/4993/1374 2228/4994/1375 2230/4995/1376 2232/4996/1377 
f 2230/4995/1376 2231/4997/1378 2232/4996/1377 
f 2233/4998/1379 2229/4993/1374 2232/4996/1377 
f 2234/4999/843 2235/5000/843 2236/5001/843 2237/5002/843 
f 2236/5001/843 2238/5003/843 2237/5002/843 
f 2237/5002/843 2239/5004/843 2240/5005/843 2234/4999/843 
f 2241/5006/843 2234/4999/843 2240/5005/843 
s 8
f 2234/5007/850 2242/5008/850 2243/5009/963 2235/5010/963 
f 2235/5011/963 2243/5012/963 2244/5013/640 2236/5014/640 
f 2236/5014/640 2244/5013/640 2245/5015/1222 2238/5016/1222 
f 2238/5017/1222 2245/5018/1222 2246/5019/844 2237/5020/844 
f 2237/5020/844 2246/5019/844 2247/5021/1221 2239/5022/1221 
f 2239/5023/1221 2247/5024/1221 2248/5025/624 2240/5026/624 
f 2240/5026/624 2248/5025/624 2249/5027/1220 2241/5028/1220 
f 2241/5029/1220 2249/5030/1220 2242/5008/850 2234/5007/850 
s 1
f 2248/5031/623 2247/5032/623 2246/5033/623 2244/5034/623 
f 2246/5033/623 2245/5035/623 2244/5034/623 
f 2244/5034/623 2243/5036/623 2242/5037/623 2248/5031/623 
f 2249/5038/623 2248/5031/623 2242/5037/623 
s 2
f 2250/5039/1380 2251/5040/1380 2252/5041/1380 2253/5042/1380 
s 4
f 2254/5043/1381 2255/5044/1381 2256/5045/1381 2257/5046/1381 
s 8
f 2258/5047/1382 2259/5048/1382 2260/5049/1382 2261/5050/1382 
s 16
f 2252/5051/850 2251/5052/850 2262/5053/850 2263/5054/850 
s 32
f 2264/5055/1383 2265/5056/1383 2266/5057/1383 2267/5058/1383 
s 64
f 2250/5059/844 2253/5060/844 2268/5061/844 2269/5062/844 
s 8
f 2257/5063/1384 2262/5064/1384 2269/5065/1384 2254/5066/1384 
s 16
f 2256/5067/850 2263/5054/850 2262/5053/850 2257/5068/850 
s 32
f 2255/5069/1383 2268/5070/1383 2263/5071/1383 2256/5072/1383 
s 64
f 2254/5073/844 2269/5062/844 2268/5061/844 2255/5074/844 
s off
f 2250/5075/1385 2259/5076/1385 2258/5077/1385 2251/5078/1385 
f 2251/5079/850 2258/5080/850 2261/5081/850 2262/5082/850 
f 2262/5083/1381 2261/5084/1381 2260/5085/1381 2269/5086/1381 
f 2269/5087/844 2260/5088/844 2259/5089/844 2250/5090/844 
f 2270/5091/1386 2271/5092/1386 2272/5093/1386 2273/5094/1386 
f 2274/5095/844 2275/5096/844 2271/5097/844 2270/5098/844 
f 2276/5099/1387 2277/5100/1387 2278/5101/1387 2279/5102/1387 
f 2273/5103/850 2272/5104/850 2280/5105/850 2281/5106/850 
f 2264/5107/1380 2270/5091/1380 2273/5094/1380 2265/5108/1380 
f 2252/5109/1380 2272/5093/1380 2271/5092/1380 2253/5110/1380 
f 2267/5111/1022 2274/5095/1022 2270/5098/1022 2264/5112/1022 
f 2253/5113/844 2271/5097/844 2275/5096/844 2268/5114/844 
f 2266/5115/1381 2281/5116/1381 2274/5117/1381 2267/5118/1381 
f 2268/5119/1381 2275/5120/1381 2280/5121/1381 2263/5122/1381 
f 2265/5123/1267 2273/5103/1267 2281/5106/1267 2266/5124/1267 
f 2263/5125/850 2280/5105/850 2272/5104/850 2252/5126/850 
f 2274/5095/844 2279/5127/844 2278/5128/844 2275/5096/844 
f 2275/5129/1384 2278/5130/1384 2277/5131/1384 2280/5132/1384 
f 2280/5105/850 2277/5133/850 2276/5134/850 2281/5106/850 
f 2281/5135/1383 2276/5136/1383 2279/5137/1383 2274/5138/1383 
s 1
f 2282/5139/1388 2283/5140/1389 2284/5141/1383 2285/5142/1390 
f 2284/5141/1383 2286/5143/1391 2285/5142/1390 
f 2287/5144/1392 2282/5139/1388 2285/5142/1390 
s 8
f 2282/5145/1393 2288/5146/1394 2289/5147/1395 2283/5148/1396 
f 2283/5149/1396 2289/5150/1395 2290/5151/1397 2284/5152/1398 
f 2284/5153/1398 2290/5154/1397 2291/5155/1399 2286/5156/1400 
f 2286/5156/1400 2291/5155/1399 2292/5157/1401 2285/5158/1402 
f 2285/5159/1402 2292/5160/1401 2293/5161/1403 2287/5162/1404 
f 2287/5163/1404 2293/5164/1403 2288/5146/1394 2282/5145/1393 
s 1
f 2292/5165/1405 2291/5166/1406 2290/5167/1384 2288/5168/1407 
f 2290/5167/1384 2289/5169/1408 2288/5168/1407 
f 2293/5170/1409 2292/5165/1405 2288/5168/1407 
f 2294/5171/1388 2295/5172/1389 2296/5173/1383 2297/5174/1390 
f 2296/5173/1383 2298/5175/1391 2297/5174/1390 
f 2299/5176/1392 2294/5171/1388 2297/5174/1390 
s 8
f 2294/5177/1393 2300/5178/1394 2301/5179/1395 2295/5180/1396 
f 2295/5181/1396 2301/5182/1395 2302/5183/1397 2296/5184/1398 
f 2296/5185/1398 2302/5186/1397 2303/5187/1399 2298/5188/1400 
f 2298/5188/1400 2303/5187/1399 2304/5189/1401 2297/5190/1402 
f 2297/5191/1402 2304/5192/1401 2305/5193/1403 2299/5194/1404 
f 2299/5195/1404 2305/5196/1403 2300/5178/1394 2294/5177/1393 
s 1
f 2304/5197/1405 2303/5198/1406 2302/5199/1384 2300/5200/1407 
f 2302/5199/1384 2301/5201/1408 2300/5200/1407 
f 2305/5202/1409 2304/5197/1405 2300/5200/1407 
f 2306/5203/1388 2307/5204/1389 2308/5205/1383 2309/5206/1390 
f 2308/5205/1383 2310/5207/1391 2309/5206/1390 
f 2311/5208/1392 2306/5203/1388 2309/5206/1390 
s 8
f 2306/5209/1393 2312/5210/1394 2313/5211/1395 2307/5212/1396 
f 2307/5213/1396 2313/5214/1395 2314/5215/1397 2308/5216/1398 
f 2308/5217/1398 2314/5218/1397 2315/5219/1399 2310/5220/1400 
f 2310/5220/1400 2315/5219/1399 2316/5221/1401 2309/5222/1402 
f 2309/5223/1402 2316/5224/1401 2317/5225/1403 2311/5226/1404 
f 2311/5227/1404 2317/5228/1403 2312/5210/1394 2306/5209/1393 
s 1
f 2316/5229/1405 2315/5230/1406 2314/5231/1384 2312/5232/1407 
f 2314/5231/1384 2313/5233/1408 2312/5232/1407 
f 2317/5234/1409 2316/5229/1405 2312/5232/1407 
f 2318/5235/1388 2319/5236/1389 2320/5237/1383 2321/5238/1390 
f 2320/5237/1383 2322/5239/1391 2321/5238/1390 
f 2323/5240/1392 2318/5235/1388 2321/5238/1390 
s 8
f 2318/5241/1393 2324/5242/1394 2325/5243/1395 2319/5244/1396 
f 2319/5245/1396 2325/5246/1395 2326/5247/1397 2320/5248/1398 
f 2320/5249/1398 2326/5250/1397 2327/5251/1399 2322/5252/1400 
f 2322/5252/1400 2327/5251/1399 2328/5253/1401 2321/5254/1402 
f 2321/5255/1402 2328/5256/1401 2329/5257/1403 2323/5258/1404 
f 2323/5259/1404 2329/5260/1403 2324/5242/1394 2318/5241/1393 
s 1
f 2328/5261/1405 2327/5262/1406 2326/5263/1384 2324/5264/1407 
f 2326/5263/1384 2325/5265/1408 2324/5264/1407 
f 2329/5266/1409 2328/5261/1405 2324/5264/1407 
# 1785 polygons - 226 triangles

